Timestamp,Raw_X,Raw_Y,Raw_Z,Filtered_X,Filtered_Y,Filtered_Z
1789899560.246029,0.22564697265625,-0.0185699462890625,-1.0036163330078125,0.045129394531250006,-0.0037139892578125,-0.2007232666015625
1789899560.345104,0.14910888671875,-0.04571533203125,-0.95892333984375,0.06592529296875001,-0.012114257812500001,-0.35236328125000005
1789899560.444638,0.186981201171875,-0.041107177734375,-1.0295867919921875,0.09013647460937502,-0.017912841796875002,-0.48780798339843756
1789899560.544146,0.184600830078125,-0.0737762451171875,-0.9785308837890625,0.109029345703125,-0.029085522460937503,-0.5859525634765625
1789899560.6435719,0.1724700927734375,-0.010009765625,-0.98687744140625,0.12171749511718752,-0.025270371093750004,-0.6661375390625001
1789899560.743094,0.2516021728515625,-0.05859375,-1.00177001953125,0.14769443066406251,-0.031935046875000005,-0.73326403515625
1789899560.842998,0.1863250732421875,-0.09686279296875,-0.9571380615234375,0.15542055917968753,-0.04492059609375001,-0.7780388404296876
1789899560.942107,0.2011871337890625,-0.015472412109375,-0.995635986328125,0.16457387410156255,-0.03903095929687501,-0.8215582696093752
1789899561.0417771,0.201751708984375,-0.00152587890625,-1.014129638671875,0.17200944107812505,-0.03152994321875001,-0.8600725434218752
1789899561.141377,0.196807861328125,-0.01519775390625,-1.0055389404296875,0.17696912512812504,-0.02826350535625001,-0.8891658228234378
1789899561.2408829,0.2776947021484375,-0.0775604248046875,-0.999114990234375,0.19711424053218757,-0.03812288924593751,-0.9111556563056252
1789899561.3402538,0.33563232421875,-0.0859832763671875,-0.9972686767578125,0.22481785726950004,-0.04769496667018751,-0.9283782603960627
1789899561.439945,0.373016357421875,-0.069976806640625,-0.9870452880859375,0.25445755729997505,-0.052151334664275004,-0.9401116659340377
1789899561.539299,0.3791656494140625,-0.05023193359375,-0.9716644287109375,0.27939917572279255,-0.05176745445017001,-0.9464222184894178
1789899561.638861,0.395660400390625,-0.11077880859375,-0.952911376953125,0.3026514206563591,-0.06356972527888602,-0.9477200501821592
1789899561.738483,0.4171142578125,-0.0892181396484375,-0.979400634765625,0.3255439880875873,-0.06869940815279632,-0.9540561670988523
1789899561.837908,0.356964111328125,-0.0434417724609375,-1.0089263916015625,0.33182801273569484,-0.06364788101442456,-0.9650302119993943
1789899561.937574,0.384429931640625,-0.0575408935546875,-0.9748382568359375,0.34234839651668086,-0.06242648352247715,-0.966991820966703
1789899562.0368981,0.317352294921875,-0.0688629150390625,-0.958984375,0.33734917619771976,-0.06371376982579423,-0.9653903317733624
1789899562.136255,0.331817626953125,-0.0915069580078125,-0.9290771484375,0.33624286634880085,-0.06927240746219789,-0.95812769510619
1789899562.235598,0.370849609375,-0.0030364990234375,-0.97076416015625,0.3431642149540407,-0.05602522577444581,-0.9606549881162021
1789899562.335143,0.3221282958984375,-0.0236663818359375,-0.9604949951171875,0.3389570311429201,-0.049553456986744154,-0.9606229895163992
1789899562.434912,0.2509002685546875,0.0269927978515625,-0.9688873291015625,0.32134567862527363,-0.034244206019082825,-0.9622758574334319
1789899562.534467,0.272308349609375,-0.041748046875,-1.02203369140625,0.31153821282209393,-0.03574497419026626,-0.9742274242279956
1789899562.63393,0.2664947509765625,-0.0093536376953125,-1.03912353515625,0.30252952045298764,-0.030466706891275508,-0.9872066464136465
1789899562.734472,0.2516937255859375,-0.02947998046875,-1.021881103515625,0.2923623614795776,-0.03026936160677041,-0.9941415378340422
1789899562.832927,0.262237548828125,-0.0378875732421875,-0.967987060546875,0.2863373989492871,-0.03179300393385383,-0.9889106423766089
1789899562.93275,0.237548828125,0.0005340576171875,-1.022216796875,0.27657968478442974,-0.025327591623645562,-0.9955718732762872
1789899563.031927,0.2209625244140625,0.0197296142578125,-0.9598541259765625,0.2654562527103563,-0.016316150447353954,-0.9884283238163423
1789899563.131596,0.18310546875,-0.0855255126953125,-1.0053558349609375,0.24898609591828502,-0.030158022896945663,-0.9918138260452614
1789899563.231188,0.2232666015625,-0.1048126220703125,-0.9867095947265625,0.24384219704712803,-0.045088942731619036,-0.9907929797815216
1789899563.330789,0.2190704345703125,-0.010284423828125,-0.978485107421875,0.23888784455176493,-0.038128038950920234,-0.9883314053095924
1789899563.429922,0.1681060791015625,0.068115234375,-0.977447509765625,0.22473149146172444,-0.01687938428573619,-0.986154626200799
1789899563.529745,0.1759796142578125,-0.0181884765625,-0.9769439697265625,0.21498111602094208,-0.017141202741088952,-0.9843124949059517
1789899563.629437,0.155975341796875,0.0198211669921875,-0.9870452880859375,0.20317996117612866,-0.009748728794433663,-0.9848590535419489
1789899563.728533,0.1845245361328125,0.0638885498046875,-1.01495361328125,0.19944887616746546,0.004978726925390571,-0.9908779654898092
1789899563.828017,0.1442413330078125,0.0202178955078125,-1.0702362060546875,0.1884073675355349,0.008026560641874958,-1.006749613602785
1789899563.927799,0.156768798828125,0.0705108642578125,-1.065216064453125,0.18207965379405294,0.020523421365062466,-1.0184429037728528
1789899564.0271158,0.146087646484375,-0.002105712890625,-1.076324462890625,0.17488125233211738,0.015997594513924976,-1.0300192155964074
1789899564.1266499,0.2667999267578125,0.6663970947265625,-1.4163665771484375,0.1932649872172564,0.1460774945564525,-1.1072886879068136
1789899564.226235,0.186309814453125,0.0169219970703125,-1.0272064208984375,0.19187395266443014,0.1202463950592245,-1.0912722345051384
1789899564.325746,0.086181640625,-0.10992431640625,-0.910980224609375,0.17073549025654414,0.07421225276612961,-1.0552138325259857
1789899564.425229,0.04827880859375,-0.0614471435546875,-0.989471435546875,0.1462441539239853,0.04708037350196619,-1.0420653531301636
1789899564.52462,0.09222412109375,-0.07373046875,-0.8889312744140625,0.13544014735793825,0.022918205051572958,-1.0114385373869434
1789899564.624236,0.0291290283203125,-0.0106964111328125,-0.9424285888671875,0.1141779235504131,0.016195281814695865,-0.9976365476829923
1789899564.723784,-0.0020599365234375,-0.0385894775390625,-0.9773406982421875,0.090930351535643,0.005238329943944193,-0.9935773777948314
1789899564.823141,-0.0012359619140625,-0.04742431640625,-1.040008544921875,0.0724970888457019,-0.005294199326094646,-1.0028636112202403
1789899564.922569,-0.0084381103515625,-0.101654052734375,-1.05133056640625,0.05631004900624902,-0.02456617000775072,-1.0125570022574424
1789899565.022042,0.0140380859375,-0.133270263671875,-0.99139404296875,0.047855656392499224,-0.04630698874057558,-1.008324410399704
1789899565.121701,0.0059051513671875,-0.14044189453125,-1.0101470947265625,0.03946555538743688,-0.06513396989871047,-1.0086889472650757
1789899565.221298,-0.0060577392578125,-0.1412811279296875,-0.955322265625,0.030360896458387007,-0.08036340150490588,-0.9980156109370606
1789899565.320729,0.0137939453125,-0.1469879150390625,-0.97857666015625,0.027047506229209605,-0.09368830421173721,-0.9941278207808986
1789899565.42031,-0.0278167724609375,-0.1016998291015625,-0.9739837646484375,0.016074650491180183,-0.09529060918970227,-0.9900990095544064
1789899565.51997,-0.0360565185546875,-0.0884552001953125,-1.031494140625,0.005648416682006647,-0.09392352739082432,-0.9983780357685252
1789899565.6193318,0.009033203125,-0.07257080078125,-1.1339111328125,0.006325373970605319,-0.08965298206890947,-1.0254846551773202
1789899565.719058,0.0395050048828125,-0.010009765625,-1.073577880859375,0.012961300153046756,-0.07372433878012757,-1.0351033003137313
1789899565.818655,-0.0079345703125,-0.02398681640625,-0.93487548828125,0.008782126059937405,-0.06377683430535205,-1.0150577379072352
1789899565.9184508,-0.03460693359375,-0.00128173828125,-0.96319580078125,0.00010431412919992451,-0.05127781510053165,-1.004685350482038
1789899566.017335,-0.059661865234375,-0.03314208984375,-0.95733642578125,-0.01184892174351506,-0.04765067004917532,-0.9952155655418805
1789899566.1169748,-0.0580291748046875,-0.015625,-1.011138916015625,-0.02108497235574955,-0.041245536039340266,-0.9984002356366295
1789899566.2164478,-0.0863189697265625,0.059967041015625,-1.0265350341796875,-0.034131771829912144,-0.021003020628347212,-1.004027195345241
1789899566.3158178,-0.046142578125,0.102386474609375,-0.9674224853515625,-0.036533933088929715,0.0036748784191972285,-0.9967062533465054
1789899566.415244,-0.076080322265625,0.0878143310546875,-0.9648284912109375,-0.04444321092426877,0.020502768946295283,-0.9903307009193918
1789899566.515263,-0.0451812744140625,0.0333099365234375,-0.9871063232421875,-0.04459082362222752,0.023064202461723728,-0.9896858253839509
1789899566.61428,-0.0900421142578125,0.0564727783203125,-1.0336456298828125,-0.05368108174934452,0.029745917633441483,-0.9984777862837233
1789899566.713902,-0.0513916015625,0.01544189453125,-1.0188446044921875,-0.05322318571197562,0.02688511301300319,-1.0025511499254163
1789899566.8134289,-0.043182373046875,0.0364837646484375,-1.00604248046875,-0.051215023178955495,0.028804843340090053,-1.003249416034083
1789899566.913663,-0.06231689453125,0.0347747802734375,-0.9894866943359375,-0.053435397449414404,0.029998830726759542,-1.000496871694454
1789899567.0123382,-0.0400390625,0.0738525390625,-0.95623779296875,-0.05075613045953153,0.03876957239390763,-0.9916450559493132
1789899567.111802,-0.0601654052734375,0.056976318359375,-0.903778076171875,-0.052637985422312725,0.042410921587001105,-0.9740716599938256
1789899567.21135,-0.061737060546875,0.054534912109375,-0.9570770263671875,-0.05445780044722519,0.04483571969147589,-0.970672733268498
1789899567.3111281,-0.077117919921875,-0.0114593505859375,-0.9827117919921875,-0.058989824342155155,0.033576705635993215,-0.9730805450132359
1789899567.410861,-0.067169189453125,0.045745849609375,-1.0422515869140625,-0.060625697364349126,0.03601053443066957,-0.9869147533934013
1789899567.5099711,-0.065185546875,0.05242919921875,-1.0741424560546875,-0.06153766726647931,0.03929426738828566,-1.0043602939256586
1789899567.6094441,-0.0862274169921875,0.0142822265625,-1.058624267578125,-0.06647561721162094,0.03429185922312853,-1.015213088656152
1789899567.70889,-0.1223297119140625,0.0403594970703125,-1.022247314453125,-0.07764643615210925,0.035505386792565326,-1.0166199338155466
1789899567.808635,-0.129974365234375,0.0688018798828125,-0.978790283203125,-0.08811202196856241,0.042164685410614765,-1.0090540036930624
1789899567.907994,-0.139678955078125,0.075225830078125,-0.9849853515625,-0.09842540859047494,0.048776914344116816,-1.00424027326695
1789899568.007596,-0.1479339599609375,0.05340576171875,-1.0058746337890625,-0.10832711886456746,0.049702683819043456,-1.0045671453713725
1789899568.107205,-0.16778564453125,0.035400390625,-0.98944091796875,-0.12021882399790398,0.046842225180234766,-1.001541899890848
1789899568.206613,-0.1765594482421875,0.022613525390625,-0.973876953125,-0.1314869488467607,0.041996485222312814,-0.9960089105376786
1789899568.306037,-0.1614532470703125,0.0403900146484375,-1.02593994140625,-0.13748020849147108,0.04167519110753776,-1.001995116711393
1789899568.405577,-0.186676025390625,0.044647216796875,-1.002044677734375,-0.14731937187130187,0.0422695962454052,-1.0020050289159894
1789899568.5051851,-0.195098876953125,0.0577239990234375,-1.0049591064453125,-0.1568752728876665,0.045360476801011664,-1.0025958444218541
1789899568.604364,-0.217742919921875,0.0319671630859375,-1.0103607177734375,-0.16904880229450822,0.042681814057996835,-1.0041488190921708
1789899568.7040792,-0.22174072265625,-0.0301666259765625,-0.9613037109375,-0.17958718636685658,0.02811212605108497,-0.9955797974612367
1789899568.803585,-0.219451904296875,-0.0177001953125,-0.943756103515625,-0.18756012995286026,0.018949661778367977,-0.9852150586721145
1789899568.9030662,-0.2431488037109375,0.2060394287109375,-1.0812225341796875,-0.1986778647044757,0.05636761516488189,-1.0044165537736292
1789899569.0027199,-0.3341522216796875,-0.0497283935546875,-0.9925384521484375,-0.2257727360995181,0.035148413420968014,-1.002040933448591
1789899569.102405,-0.401092529296875,0.048095703125,-1.0260772705078125,-0.2608366947389895,0.037737871361774415,-1.0068482008604351
1789899569.202238,-0.37823486328125,-0.027099609375,-0.976654052734375,-0.2843163284474416,0.02477037521441953,-1.000809371235223
1789899569.301114,-0.351409912109375,0.0667724609375,-1.0020294189453125,-0.2977350451798283,0.033170792359035625,-1.001053380777241
1789899569.400841,-0.3809661865234375,0.01129150390625,-1.020172119140625,-0.31438127344855016,0.028794934668478503,-1.0048771284499178
1789899569.500276,-0.3712310791015625,0.1278533935546875,-1.073455810546875,-0.3257512345791526,0.04860662644572031,-1.0185928648693094
1789899569.599852,-0.403594970703125,0.133453369140625,-1.1520233154296875,-0.3413199818039471,0.06557597498470125,-1.045278954981385
1789899569.699342,-0.38970947265625,0.048919677734375,-0.9350433349609375,-0.35099787997440773,0.062244715534635994,-1.0232318309772956
1789899569.799089,-0.3186187744140625,-0.007781982421875,-0.968719482421875,-0.3445220588623387,0.0482393759433338,-1.0123293612662116
1789899569.8982959,-0.260589599609375,-0.0309600830078125,-0.9578704833984375,-0.327735567011746,0.03239948415310454,-1.0014375856926567
1789899569.997901,-0.1313323974609375,-0.063720703125,-0.994842529296875,-0.2884549331015843,0.013175446697483634,-1.0001185744135004
1789899570.097431,-0.0649261474609375,-0.07489013671875,-0.9736328125,-0.24374917597345497,-0.004437669985763093,-0.9948214220308004
1789899570.196878,-0.0430908203125,-0.0886993408203125,-0.9711456298828125,-0.20361750484126398,-0.021290004152672976,-0.9900862636012029
1789899570.2962918,-0.06640625,-0.0679931640625,-0.9981231689453125,-0.1761752538730112,-0.030630636134638383,-0.9916936446700249
1789899570.395819,-0.0739288330078125,-0.0849609375,-0.999359130859375,-0.15572596969997146,-0.04149669640771071,-0.993226741907895
1789899570.495425,-0.045928955078125,-0.1402435302734375,-1.019683837890625,-0.13376656677560217,-0.06124606318085607,-0.9985181611044409
1789899570.594874,-0.04302978515625,-0.180145263671875,-1.0534515380859375,-0.11561921045173174,-0.08502590327905987,-1.0095048365007402
1789899570.694409,-0.0414886474609375,-0.1000518798828125,-1.0064239501953125,-0.10079309785357289,-0.0880310985998104,-1.0088886592396547
1789899570.7940202,0.0202789306640625,-0.0797882080078125,-0.9243621826171875,-0.07657869215004581,-0.08638252048141082,-0.9919833639151613
1789899570.893383,0.0500030517578125,0.035919189453125,-0.9687957763671875,-0.05126234336847415,-0.061922178494503655,-0.9873458464055667
1789899570.9928,0.055267333984375,0.0036163330078125,-0.9882354736328125,-0.029956407897904318,-0.048814476194040425,-0.9875237718510159
1789899571.0923638,0.0980682373046875,0.0166168212890625,-0.982940673828125,-0.004351478857385953,-0.03572821669741984,-0.9866071522464378
1789899571.1921701,0.08355712890625,-0.00103759765625,-0.9998931884765625,0.01323024269534124,-0.02879009288918587,-0.9892643594924628
1789899571.291359,0.0543365478515625,-0.0528564453125,-0.99151611328125,0.021451503726585493,-0.0336033633738487,-0.9897147102502203
1789899571.390954,0.1071014404296875,-0.0460052490234375,-1.0189208984375,0.0385814910672059,-0.03608374050376646,-0.9955559478876763
1789899571.490982,0.091339111328125,-0.0387115478515625,-1.023406982421875,0.04913301511938972,-0.036609301973325674,-1.001126154794516
1789899571.5898771,0.16162109375,-0.0214996337890625,-1.023345947265625,0.07163063084551177,-0.03358736833647304,-1.0055701132887378
1789899571.689373,0.176666259765625,-0.076446533203125,-1.00201416015625,0.09263775662953441,-0.04215920130980344,-1.0048589226622404
1789899571.7888231,0.190032958984375,-0.0648956298828125,-1.0052947998046875,0.11211679710050254,-0.046706487024405254,-1.0049460980907299
1789899571.888218,0.1774444580078125,-0.0258941650390625,-0.9634857177734375,0.12518232928196454,-0.042544022627336704,-0.9966540220272714
1789899571.987965,0.177581787109375,-0.146331787109375,-0.9927520751953125,0.13566222084744664,-0.06330157552374437,-0.9958736326608797
1789899572.087435,0.1733245849609375,-0.002532958984375,-0.99212646484375,0.1431946936701448,-0.051147852215870496,-0.9951241990974538
1789899572.1871161,0.2462310791015625,-0.0632476806640625,-1.024993896484375,0.16380197075642836,-0.0535678179055089,-1.001098138574838
1789899572.286569,0.1803131103515625,-0.164031982421875,-0.9551544189453125,0.16710419867545517,-0.07566065080878212,-0.991909394648933
1789899572.385983,0.19976806640625,-0.177581787109375,-0.9673614501953125,0.17363697222161414,-0.09604487806890069,-0.986999805758209
1789899572.485818,0.1651763916015625,-0.242156982421875,-0.9402008056640625,0.17194485609760382,-0.12526729893949556,-0.9776400057393798
1789899572.585225,0.197479248046875,0.0312347412109375,-0.9881134033203125,0.17705173448745806,-0.09396689090940896,-0.9797346852555664
1789899572.6847858,0.1657867431640625,0.0042877197265625,-1.011688232421875,0.17479873622277894,-0.07431596878221468,-0.9861253946888282
1789899572.784024,0.1762847900390625,0.1194915771484375,-1.0325927734375,0.17509594698603567,-0.03555445959608425,-0.9954188704385626
1789899572.8835058,0.1490325927734375,-0.065704345703125,-1.0302886962890625,0.16988327614351603,-0.041584436817492396,-1.0023928356086627
1789899572.9831948,0.134124755859375,-0.0829620361328125,-0.9728546142578125,0.16273157208668784,-0.04985995668055642,-0.9964851913384927
1789899573.082501,0.146484375,-0.0452117919921875,-1.015655517578125,0.15948213266935027,-0.048930323742882635,-1.0003192565864192
1789899573.182056,0.143890380859375,-0.0719146728515625,-1.000091552734375,0.15636378230735523,-0.05352719356461861,-1.0002737158160104
1789899573.281773,0.1313323974609375,-0.04144287109375,-1.024505615234375,0.15135750533807169,-0.051110329070444896,-1.0051200956996835
1789899573.381051,0.1251220703125,-0.029754638671875,-0.9944915771484375,0.14611041833295735,-0.04683919099073092,-1.0029943919894344
1789899573.480804,0.13629150390625,-0.0252838134765625,-0.9778900146484375,0.14414663544761588,-0.042528115487897235,-0.9979735165212351
1789899573.580058,0.1010589599609375,-0.046234130859375,-1.0684661865234375,0.1355291003502802,-0.043269318562192786,-1.0120720505216756
1789899573.679591,0.09747314453125,-0.04119873046875,-1.020294189453125,0.12791790918647417,-0.04285520094350423,-1.0137164783079655
1789899573.779098,0.095611572265625,-0.01800537109375,-1.0012054443359375,0.12145664180230434,-0.03788523497355339,-1.01121427151356
1789899573.8787751,0.053192138671875,0.0024261474609375,-0.966888427734375,0.10780374117621848,-0.029822958486655213,-1.002349102757723
1789899573.97808,0.020050048828125,-0.0177764892578125,-0.9632720947265625,0.09025300270659979,-0.02741366464088667,-0.994533701151491
1789899574.077722,0.0013885498046875,-0.050872802734375,-0.9820098876953125,0.07248011212621733,-0.03210549225958434,-0.9920289384602553
1789899574.177381,-0.006927490234375,-0.079010009765625,-0.998565673828125,0.05659859165409886,-0.04148639576079248,-0.9933362855338294
1789899574.276638,-0.0166168212890625,-0.0504913330078125,-1.00433349609375,0.04195550906546659,-0.04328738321019649,-0.9955357276458136
1789899574.3761392,0.0045928955078125,-0.037139892578125,-0.9927215576171875,0.03448298635393577,-0.0420578850837822,-0.9949728936400885
1789899574.475827,-0.0207977294921875,-0.027679443359375,-0.966339111328125,0.023426843184711117,-0.03918219673890076,-0.9892461371776958
1789899574.575139,-0.0291900634765625,-0.0066070556640625,-1.003204345703125,0.012903461852456393,-0.03266716852393311,-0.9920377788827817
1789899574.6746922,-0.035003662109375,0.05029296875,-1.0351715087890625,0.003322037060090116,-0.01607514106914649,-1.0006645248640378
1789899574.774277,-0.0090789794921875,0.0769805908203125,-1.021728515625,0.0008418337496345928,0.002536005308745308,-1.0048773230162302
1789899574.873784,-0.0380706787109375,0.0001068115234375,-0.9918365478515625,-0.0069406687424798255,0.0020501665516837464,-1.0022691679832967
1789899574.973167,-0.0423583984375,0.015472412109375,-0.9957275390625,-0.014024214681483863,0.0047346156632219975,-1.0009608421991374
1789899575.072806,-0.0505523681640625,0.0486907958984375,-1.0175628662109375,-0.02132984537799959,0.013525851710265099,-1.0042812470014975
1789899575.172257,-0.0594940185546875,-0.01617431640625,-1.029144287109375,-0.028962680013337176,0.007585818086962079,-1.009253855023073
1789899575.271724,-0.05657958984375,0.0481719970703125,-1.005279541015625,-0.034486061979419745,0.015703053883632166,-1.0084589922215834
1789899575.37113,-0.0759735107421875,0.0718231201171875,-0.9837493896484375,-0.0427835517319733,0.026927067130343235,-1.0035170717069544
1789899575.4708428,-0.0634765625,0.0457916259765625,-0.9996795654296875,-0.04692215388557864,0.03069997889958709,-1.002749570451501
1789899575.5704842,-0.072052001953125,0.0248870849609375,-0.92822265625,-0.051948123499087916,0.029537400111857175,-0.9878441876112009
1789899575.669925,-0.0671539306640625,0.0377044677734375,-0.9793853759765625,-0.05498928493208284,0.03117081364417324,-0.9861524252842733
1789899575.769479,-0.0765838623046875,-0.023193359375,-0.9945220947265625,-0.05930820040660378,0.020297979040338594,-0.9878263591727312
1789899575.868747,-0.0743255615234375,-0.0147552490234375,-0.9913482666015625,-0.06231167262997052,0.013287333427583375,-0.9885307406584976
1789899575.968405,-0.0769500732421875,0.014404296875,-1.0060272216796875,-0.06523935275241392,0.0135107261170667,-0.9920300368627355
1789899576.068348,-0.056243896484375,0.0082244873046875,-1.001312255859375,-0.06344026149880615,0.01245347835459086,-0.9938864806620634
1789899576.167499,-0.06591796875,0.0041351318359375,-0.986053466796875,-0.06393580294904491,0.01078980905086019,-0.9923198778890258
1789899576.2667499,-0.0751190185546875,-0.05853271484375,-0.9968109130859375,-0.06617244607017343,-0.0030746957280618475,-0.9932180849284081
1789899576.366253,-0.1019744873046875,0.008819580078125,-0.979888916015625,-0.07333285431707626,-0.0006958405668244778,-0.9905522511458515
1789899576.466064,-0.14666748046875,-0.0212249755859375,-0.98565673828125,-0.087999779547411,-0.0048016675706470825,-0.9895731485729313
1789899576.5659652,-0.1764068603515625,0.032501220703125,-0.9675750732421875,-0.1056811957082413,0.002658910084107334,-0.9851735335067826
1789899576.6649709,-0.1887054443359375,0.0107879638671875,-1.013763427734375,-0.12228604543378055,0.004284720840723367,-0.9908915123523011
1789899576.764649,-0.217742919921875,-0.04364013671875,-1.0009002685546875,-0.14137742033139944,-0.0053002506711713054,-0.9928932635927784
1789899576.864001,-0.2443389892578125,-0.0653533935546875,-1.0373687744140625,-0.16196973411668206,-0.017310879247874545,-1.0017883657570352
1789899576.963624,-0.2310943603515625,-0.0484466552734375,-1.0444183349609375,-0.17579465936365815,-0.023538034452987137,-1.0103143595978157
1789899577.063113,-0.196197509765625,-0.0560455322265625,-1.0544281005859375,-0.17987522944405154,-0.030039534007702214,-1.01913710779544
1789899577.162581,-0.1815338134765625,-0.0072021484375,-1.0391693115234375,-0.18020694625055372,-0.025472056893661773,-1.0231435485410396
1789899577.262023,-0.1640777587890625,-0.0166168212890625,-1.011962890625,-0.17698110875825548,-0.023701009772741918,-1.0209074169578316
1789899577.3615298,-0.14837646484375,-0.0313720703125,-0.9796295166015625,-0.17126017997535442,-0.025235221880693538,-1.0126518368865778
1789899577.461293,-0.14678955078125,-0.0263214111328125,-0.996368408203125,-0.16636605413653355,-0.02545245973111733,-1.0093951511498873
1789899577.56058,-0.149017333984375,-0.0052032470703125,-0.98040771484375,-0.16289631010610187,-0.021402617198956368,-1.00359766388866
1789899577.660192,-0.146484375,-0.0167999267578125,-0.9493408203125,-0.1596139230848815,-0.020482079110727594,-0.992746295173428
1789899577.759563,-0.1539306640625,0.0178070068359375,-0.9673614501953125,-0.15847727128040523,-0.012824261921394577,-0.987669326177805
1789899577.8590941,-0.15960693359375,0.0098114013671875,-0.9971466064453125,-0.1587032037430742,-0.008297129263678161,-0.9895647822313066
1789899577.958648,-0.14508056640625,-0.0284423828125,-1.027923583984375,-0.15597867627570938,-0.01232617997344253,-0.9972365425819203
1789899578.058216,-0.1223907470703125,0.013275146484375,-1.02764892578125,-0.14926109043463,-0.0072059146818790245,-1.0033190192217862
1789899578.157683,-0.1233367919921875,0.0051727294921875,-1.0079193115234375,-0.1440762307461415,-0.00473018584706572,-1.0042390776821164
1789899578.257179,-0.112548828125,-0.032806396484375,-0.9918365478515625,-0.1377707502219132,-0.010345427974527576,-1.0017585717160056
1789899578.356719,-0.1246185302734375,-0.006439208984375,-0.9807586669921875,-0.13514030623221807,-0.00956418417649706,-0.997558590771242
1789899578.4563189,-0.111480712890625,-0.0196685791015625,-1.0084075927734375,-0.13040838756389947,-0.011585063161510149,-0.9997283911716811
1789899578.555534,-0.125823974609375,-0.0112152099609375,-0.989105224609375,-0.12949150497299458,-0.01151109252139562,-0.99760375785922
1789899578.655177,-0.1171722412109375,-0.02581787109375,-1.0172882080078125,-0.12702765222058315,-0.014372448235866496,-1.0015406478889386
1789899578.7546859,-0.1348114013671875,-0.04510498046875,-0.94476318359375,-0.128584402049904,-0.020518954682443198,-0.990185155029901
1789899578.854312,-0.1301116943359375,0.002288818359375,-1.0156097412109375,-0.1288898605071107,-0.01595740007407956,-0.9952700722661084
1789899578.9536371,-0.1264190673828125,-0.04461669921875,-0.9907073974609375,-0.12839570188225108,-0.02168925990301365,-0.9943575373050743
1789899579.053241,-0.1284942626953125,-0.00531005859375,-1.0288238525390625,-0.12841541404486337,-0.01841341964116092,-1.001250800351872
1789899579.152741,-0.08953857421875,-0.0202178955078125,-0.980072021484375,-0.12064004607964071,-0.01877431481449124,-0.9970150445783728
1789899579.252308,-0.053680419921875,0.05523681640625,-1.015625,-0.10724812084808757,-0.003972088570342992,-1.0007370356626981
1789899579.3517718,-0.071044921875,-0.0115203857421875,-0.9640350341796875,-0.10000748105347006,-0.005481748004711894,-0.9933966353660961
1789899579.451486,-0.0619049072265625,-0.020782470703125,-0.98919677734375,-0.09238696628808854,-0.008541892544394516,-0.9925566637616269
1789899579.551002,-0.065032958984375,-0.083831787109375,-0.9893035888671875,-0.08691616482734585,-0.023599871457390613,-0.991906048782739
1789899579.650525,-0.0766448974609375,-0.037567138671875,-1.0222625732421875,-0.08486191135406419,-0.026393324900287493,-0.9979773536746288
1789899579.750304,-0.0808868408203125,-0.063873291015625,-0.972930908203125,-0.08406689724731385,-0.033889318123354994,-0.9929680645803282
1789899579.849265,-0.0618438720703125,-0.0382232666015625,-1.0188140869140625,-0.0796222922119136,-0.0347561078189965,-0.9981372690470751
1789899579.9487371,-0.0694580078125,0.0086517333984375,-1.009521484375,-0.07758943533203089,-0.026074539575509696,-1.0004141121126602
1789899580.048376,-0.0649261474609375,0.04010009765625,-1.0181884765625,-0.07505677775781222,-0.01283961212915776,-1.0039689850026283
1789899580.147774,-0.051422119140625,-0.0287933349609375,-0.9453887939453125,-0.07032984603437478,-0.016030356695513708,-0.9922529467911653
1789899580.247244,-0.06201171875,-0.04095458984375,-0.993927001953125,-0.06866622057749983,-0.02101520332516097,-0.9925877578235572
1789899580.3467212,-0.0512237548828125,-0.027801513671875,-0.9970703125,-0.06517772743856237,-0.022372465394503778,-0.9934842687588459
1789899580.446306,-0.071319580078125,-0.0113067626953125,-1.0155487060546875,-0.0664060979664749,-0.020159324854665525,-0.9978971562180142
1789899580.5458531,-0.0659637451171875,-0.0324249267578125,-0.9788665771484375,-0.06631762739661742,-0.02261244523529492,-0.994091040404099
1789899580.645262,-0.055206298828125,-0.0182342529296875,-0.9986419677734375,-0.06409536168291895,-0.021736806774173438,-0.9950012258779668
1789899580.744885,-0.0612335205078125,-0.0348052978515625,-0.9681854248046875,-0.06352299344789766,-0.024350504989651252,-0.989638065663311
1789899580.844243,-0.0665283203125,-0.029449462890625,-0.9513092041015625,-0.06412405882081813,-0.025370296569846004,-0.9819722933509614
1789899580.943824,-0.063385009765625,-0.037261962890625,-0.990020751953125,-0.06397624900977951,-0.027748629834001805,-0.9835819850713942
1789899581.043528,-0.0438995361328125,-0.0278472900390625,-0.9997100830078125,-0.05996090643438611,-0.027768361875013945,-0.9868076046586779
1789899581.1427732,-0.046234130859375,-0.065582275390625,-0.9898834228515625,-0.05721555131938389,-0.03533114457813616,-0.9874227682972548
1789899581.242279,-0.0431365966796875,-0.044281005859375,-1.00762939453125,-0.05439976039144462,-0.037121116834383926,-0.991464093544054
1789899581.3418388,-0.0467376708984375,-0.0351409912109375,-1.002593994140625,-0.052867342492843195,-0.036725091709694645,-0.9936900736633683
1789899581.44152,-0.044158935546875,-0.06304931640625,-0.9776611328125,-0.051125661103649564,-0.041989936649005716,-0.9904842854931947
1789899581.5409331,-0.0528411865234375,-0.050811767578125,-1.06964111328125,-0.05146876618760715,-0.043754302834829575,-1.0063156510508058
1789899581.640486,-0.0214691162109375,0.0039215087890625,-0.9957733154296875,-0.045468836192273224,-0.03421914051005116,-1.0042071839265823
1789899581.740114,-0.0298004150390625,0.0470733642578125,-0.957672119140625,-0.04233515196163108,-0.017960639556478433,-0.9949001709693909
1789899581.839476,-0.039794921875,-0.0288238525390625,-0.99969482421875,-0.04182710594430487,-0.020133282152995247,-0.9958591016192628
1789899581.9389591,-0.0556488037109375,-0.024932861328125,-1.0326995849609375,-0.044591445497631395,-0.021093197988021197,-1.0032271982875978
1789899582.038713,-0.002777099609375,0.0139617919921875,-1.094482421875,-0.03622857631998012,-0.014082199991979457,-1.0214782430050784
1789899582.138094,0.002838134765625,-0.028656005859375,-0.98858642578125,-0.028415234102859094,-0.01699696116545857,-1.0148998795603128
1789899582.2374,-0.0006866455078125,-0.05517578125,-0.9960174560546875,-0.022869516383849778,-0.024632725182366855,-1.0111233948591878
1789899582.336927,-0.0178375244140625,-0.010772705078125,-0.9517822265625,-0.021863117989892322,-0.021860721161518486,-0.9992551611998504
1789899582.436506,-0.0124969482421875,-0.025848388671875,-1.0040283203125,-0.019989884040351357,-0.02265825466358979,-1.0002097930223803
1789899582.535919,-0.021636962890625,-0.01300048828125,-0.9589691162109375,-0.02031929981040609,-0.020726701387121835,-0.9919616576600918
1789899582.635404,0.000335693359375,-0.0419769287109375,-1.0605010986328125,-0.01618830117644987,-0.02497674685188497,-1.005669545854636
1789899582.734971,-0.0087890625,-0.0055084228515625,-1.00933837890625,-0.014708453441159898,-0.021083082051820478,-1.006403312464959
1789899582.8345861,-0.002105712890625,-0.062103271484375,-1.0438079833984375,-0.01218790533105292,-0.02928711993833138,-1.0138842466516547
1789899582.93417,0.0059967041015625,-0.0745697021484375,-0.976165771484375,-0.008550983444529836,-0.03834363638035261,-1.0063405516181987
1789899583.033513,0.0164642333984375,-0.004058837890625,-1.0201263427734375,-0.0035479400759363695,-0.03148667668240709,-1.0090977098492466
1789899583.133274,0.0174102783203125,0.043701171875,-1.005096435546875,0.0006437036033134047,-0.01644910697092567,-1.0082974549887722
1789899583.234273,0.014068603515625,-0.0533599853515625,-0.982757568359375,0.0033286835857757237,-0.02383128264705304,-1.003189477662893
1789899583.332079,-0.0245361328125,-0.0624237060546875,-0.9910430908203125,-0.002244279693879421,-0.031549767328579933,-1.000760200294377
1789899583.431679,0.0023193359375,-0.0680389404296875,-0.9458465576171875,-0.0013315565676035369,-0.03884760194880145,-0.9897774717589392
1789899583.5311708,0.0076751708984375,-0.0381927490234375,-0.99676513671875,0.00046978892560467066,-0.03871663136372866,-0.9911750047509014
1789899583.630978,0.0243377685546875,-0.034088134765625,-0.958587646484375,0.005243384851421237,-0.03779093204410793,-0.9846575330975962
1789899583.730874,-0.000885009765625,-0.052947998046875,-0.997711181640625,0.004017705928011989,-0.04082234524466134,-0.987268262806202
1789899583.829791,-0.000274658203125,-0.063934326171875,-0.9889068603515625,0.0031592331017845916,-0.045444741430104074,-0.9875959823152741
1789899583.929216,-3.0517578125e-05,-0.06439208984375,-0.977874755859375,0.002521282965802673,-0.049234211112833264,-0.9856517370240943
1789899584.028688,0.0066986083984375,-0.0334014892578125,-0.985260009765625,0.003356748052329639,-0.04606766674182912,-0.9855733915724004
1789899584.1281781,0.0013427734375,-0.0450592041015625,-1.0228424072265625,0.002953953129363711,-0.04586597421377579,-0.9930271947032329
1789899584.2278361,-0.000946044921875,-0.0936431884765625,-0.9773101806640625,0.002173953519115969,-0.055421417066333134,-0.9898837918953989
1789899584.3272672,-0.0019989013671875,-0.0605621337890625,-1.0086212158203125,0.0013393825418552753,-0.056449560410879014,-0.9936312766803816
1789899584.4268022,0.002838134765625,-0.0343475341796875,-0.988739013671875,0.0016391329866092203,-0.05202915516464071,-0.9926528240786804
1789899584.52628,0.0035858154296875,-0.0594329833984375,-1.0059967041015625,0.0020284694752248766,-0.053509920811400075,-0.9953216000832569
1789899584.625784,0.0169525146484375,-0.0586700439453125,-0.991912841796875,0.005013278509867401,-0.05454194543818256,-0.9946398484259806
1789899584.725503,-0.0007781982421875,-0.02349853515625,-1.0107574462890625,0.0038549831594564214,-0.048333263381796054,-0.9978633679985971
1789899584.824956,0.009307861328125,-0.0576019287109375,-1.016815185546875,0.004945558793190138,-0.050186996447624345,-1.0016537315082528
1789899584.924405,0.0112762451171875,-0.090728759765625,-0.9946441650390625,0.006211696057989611,-0.058295349111224484,-1.000251818214415
1789899585.023837,0.00439453125,-0.0361175537109375,-1.015411376953125,0.005848263096391689,-0.053859790031167094,-1.0032837299621569
1789899585.1232538,0.0006256103515625,-0.0557861328125,-0.9773101806640625,0.004803732547425851,-0.054245058587433684,-0.9980890201025381
1789899585.223047,-0.0051727294921875,-0.066864013671875,-1.0026702880859375,0.0028084401395031813,-0.05676884960432195,-0.9990052736992181
1789899585.3225288,0.00189208984375,-0.031707763671875,-0.9961395263671875,0.0026251700803525454,-0.051756632417832564,-0.998432124232812
1789899585.421809,-0.0113067626953125,-0.0585174560546875,-1.0128173828125,-0.0001612164747804637,-0.05310879714520356,-1.0013091759487496
1789899585.521514,0.0045166015625,-0.0540618896484375,-1.000946044921875,0.000774347132675629,-0.05329941564585035,-1.0012365497433748
1789899585.620853,0.0030517578125,-0.083984375,-0.9987640380859375,0.0012298292686405033,-0.05943640751668028,-1.0007420474118875
1789899585.720628,0.009063720703125,-0.128662109375,-0.9906005859375,0.002796607555537403,-0.07328154788834423,-0.9987137551170101
1789899585.8200011,0.005523681640625,-0.08099365234375,-1.0288543701171875,0.0033420223725549227,-0.07482396877942539,-1.0047418781170456
1789899585.919608,0.0119171142578125,-0.0623779296875,-1.035675048828125,0.005057040749606438,-0.07233476096104031,-1.0109285122592615
1789899586.018995,0.01104736328125,-0.0572662353515625,-0.98638916015625,0.006255105255935151,-0.06932105583914476,-1.0060206418386592
1789899586.1187801,0.008880615234375,-0.0300445556640625,-1.0095977783203125,0.0067802072516231215,-0.061465755804128316,-1.0067360691349898
1789899586.21809,0.007354736328125,-0.0647125244140625,-0.948638916015625,0.006895113066923498,-0.06211510952611515,-0.9951166385111169
1789899586.31749,0.0125274658203125,-0.01385498046875,-0.979766845703125,0.008021583617601299,-0.052463083714642124,-0.9920466799495186
1789899586.417228,0.01300048828125,-0.038543701171875,-0.9505615234375,0.00901736455033104,-0.049679207206088705,-0.9837496486471149
1789899586.516506,0.0152587890625,0.0258941650390625,-0.9881134033203125,0.01026564945276483,-0.034564532757058467,-0.9846223995817545
1789899586.6160321,0.009674072265625,-0.011199951171875,-0.990386962890625,0.010147334015336865,-0.029891616440021775,-0.9857753122435287
1789899586.715653,0.0118255615234375,0.039154052734375,-1.0242767333984375,0.010482979516956993,-0.01608248260514242,-0.9934755964745104
1789899586.8150082,0.0066986083984375,-0.0197601318359375,-1.037200927734375,0.009726105293253094,-0.016818012451301437,-1.0022206627264834
1789899586.914454,0.0011749267578125,0.0535125732421875,-1.04290771484375,0.008015869586164976,-0.0027518953126036486,-1.0103580731499369
1789899587.0141149,0.0036773681640625,0.02899169921875,-1.01507568359375,0.007148169301744481,0.003596823593667081,-1.0113015952386994
1789899587.113676,0.016082763671875,0.0355987548828125,-1.0132598876953125,0.008935088175770586,0.009997209851496165,-1.011693253730022
1789899587.2130342,0.0238189697265625,0.0444793701171875,-0.9804534912109375,0.01191186448592897,0.01689364190463443,-1.0054453012262052
1789899587.312584,0.0128021240234375,0.096435546875,-0.98095703125,0.012089916393430676,0.032802022898707546,-1.0005476472309642
1789899587.412273,0.0249786376953125,0.07940673828125,-1.0337982177734375,0.014667660653807042,0.04212296597521604,-1.007197761339459
1789899587.5115008,0.0043792724609375,0.0800933837890625,-0.9785614013671875,0.012609983015233134,0.049717049537985336,-1.0014704893450046
1789899587.6109629,0.040771484375,0.073455810546875,-1.006195068359375,0.01824228328718651,0.05446480173976327,-1.0024154051478789
1789899587.710854,0.0116729736328125,0.0271759033203125,-1.0184783935546875,0.01692842135631171,0.04900702205587312,-1.0056280028292406
1789899587.810427,0.0142364501953125,-0.0088348388671875,-1.017669677734375,0.016390027124111868,0.037438649871261,-1.0080363378102675
1789899587.90957,0.003662109375,-0.0526275634765625,-0.976348876953125,0.013844443574289496,0.019425407201696297,-1.001698845638839
1789899588.0089788,0.0224609375,0.02593994140625,-1.0453948974609375,0.015567742359431598,0.02072831404260704,-1.0104380560032586
1789899588.10857,-0.003936767578125,-0.0242156982421875,-0.961212158203125,0.011666840371920279,0.011739511585648132,-1.000592876443232
1789899588.2081618,-0.004974365234375,0.009521484375,-1.00579833984375,0.008338599250661223,0.011295906143518507,-1.0016339691233356
1789899588.3076072,0.0153961181640625,-0.0446319580078125,-0.9991455078125,0.009750103033341478,0.00011033331325230669,-1.0011362768611685
1789899588.407189,0.0001068115234375,-0.0209503173828125,-0.9718475341796875,0.007821444731360682,-0.004101796825960655,-0.9952785283248724
1789899588.5066528,0.0032196044921875,-0.03802490234375,-0.993865966796875,0.0069010766835260464,-0.010886417929518525,-0.994996016019273
1789899588.606149,-0.009613037109375,-0.1012420654296875,-1.0092315673828125,0.003598253924945838,-0.02895754742955232,-0.9978431262919809
1789899588.705826,0.001129150390625,-0.0814056396484375,-1.02447509765625,0.0031044332180816705,-0.03944716587332936,-1.0031695205648348
1789899588.805159,0.0017852783203125,-0.070526123046875,-1.0327606201171875,0.0028406022385278366,-0.04566295730803849,-1.0090877404753054
1789899588.904783,0.0124969482421875,-0.1453704833984375,-1.0097503662109375,0.00477187143925977,-0.06560446252611829,-1.0092202656224318
1789899589.0041819,0.0017547607421875,-0.1204071044921875,-1.00079345703125,0.004168449299845316,-0.07656499091933214,-1.0075349039041956
1789899589.1036968,-0.010528564453125,-0.136474609375,-1.010040283203125,0.0012290465492512531,-0.08854691461046571,-1.0080359797639815
1789899589.203232,-0.00421142578125,-0.1739044189453125,-0.947296142578125,0.00014095208315100254,-0.10561841547743508,-0.9958880123268102
1789899589.3026462,0.0123443603515625,-0.0813446044921875,-0.9964447021484375,0.002581633736833302,-0.10076365328038557,-0.9959993502911357
1789899589.402236,0.00762939453125,-0.0619659423828125,-0.97796630859375,0.0035911858957166417,-0.09300411110087096,-0.9923927419516586
1789899589.50169,-0.007568359375,-0.105926513671875,-0.9929351806640625,0.0013592768415733134,-0.09558859161507177,-0.9925012296941395
1789899589.601721,-0.0039520263671875,-0.1268768310546875,-1.0092010498046875,0.0002970161998211506,-0.10184623950299493,-0.9958411937162491
1789899589.700935,-0.010650634765625,-0.1634979248046875,-0.9632415771484375,-0.0018925139932680795,-0.11417657656333345,-0.9893212704026869
1789899589.8002648,-0.001190185546875,-0.13934326171875,-0.9744720458984375,-0.0017520483039894638,-0.11920991359441677,-0.9863514255018371
1789899589.8997831,0.0028228759765625,-0.112152099609375,-1.011016845703125,-0.0008370634478790712,-0.11779835079740841,-0.9912845095420947
1789899589.999363,-0.0035400390625,-0.119720458984375,-1.034210205078125,-0.001377658570803257,-0.11818277243480173,-0.9998696486493007
1789899590.099019,0.00152587890625,-0.20928955078125,-0.981719970703125,-0.0007969510753926057,-0.1364041281040914,-0.9962397130600656
1789899590.1985059,0.015777587890625,-0.15826416015625,-0.9930877685546875,0.0025179567178109158,-0.14077613451452312,-0.9956093241589901
1789899590.298018,0.01544189453125,-0.099365234375,-0.990478515625,0.005102744280498733,-0.1324939544866185,-0.9945831624521921
1789899590.3974519,0.0054779052734375,-0.110504150390625,-0.9730987548828125,0.005177776479086487,-0.1280959936674198,-0.9902862809383163
1789899590.49681,0.0143280029296875,-0.1421356201171875,-0.971527099609375,0.00700782176920669,-0.13090391895737336,-0.986534444672528
1789899590.5964398,0.0153656005859375,-0.16058349609375,-1.0047607421875,0.008679377532552853,-0.1368398343846487,-0.9901797041755225
1789899590.696065,0.0244598388671875,-0.13238525390625,-1.0156402587890625,0.011835469799479782,-0.13594891828896896,-0.9952718150982305
1789899590.7953758,0.0146026611328125,-0.1272735595703125,-1.023468017578125,0.012388908066146327,-0.13421384654523769,-1.0009110555942093
1789899590.894805,0.034149169921875,-0.1855621337890625,-0.988250732421875,0.016740960437292063,-0.14448350399400267,-0.9983789909597425
1789899590.9944139,0.0090484619140625,-0.1313934326171875,-1.0186004638671875,0.015202460732646151,-0.14186548971863966,-1.0024232855412314
1789899591.093861,0.0077362060546875,-0.113433837890625,-1.0006103515625,0.01370920979705442,-0.13617915935303673,-1.0020606987454852
1789899591.1933122,0.0015411376953125,-0.2006988525390625,-0.986114501953125,0.011275595376706037,-0.1490830979902419,-0.9988714593870132
1789899591.292944,-0.0090484619140625,-0.169189453125,-0.997314453125,0.00721078391855233,-0.15310436901719351,-0.9985600581346106
1789899591.392476,0.01995849609375,-0.2133026123046875,-1.0076446533203125,0.009760326353591864,-0.16514401767469233,-1.000376977171751
1789899591.492213,0.0029449462890625,-0.216156005859375,-0.9792938232421875,0.008397250340685992,-0.1753464153116289,-0.9961603463858384
1789899591.591642,0.0199432373046875,-0.13623046875,-1.0449371337890625,0.010706447733486293,-0.16752322599930314,-1.0059157038664832
1789899591.691155,0.00048828125,-0.1890106201171875,-1.01947021484375,0.008662814436789035,-0.17182070482288,-1.0086266060619367
1789899591.790879,0.0223541259765625,-0.1482391357421875,-0.992523193359375,0.011401076744743728,-0.16710439100674152,-1.0054059235214243
1789899591.8904,0.05084228515625,-0.0553436279296875,-1.01318359375,0.019289318427044982,-0.14475223839133072,-1.0069614575671395
1789899591.990071,0.0134124755859375,0.0272979736328125,-0.9785614013671875,0.018113949858823485,-0.11034219598650208,-1.001281446327149
1789899592.088989,0.07708740234375,0.0050506591796875,-0.9788055419921875,0.029908640355808792,-0.08726362495326417,-0.9967862654601568
1789899592.1885772,0.0380859375,0.0137786865234375,-0.9639434814453125,0.031544099784647034,-0.06705516265792384,-0.990217708657188
1789899592.288221,0.0496063232421875,0.059417724609375,-0.9647216796875,0.03515654447615513,-0.041760585204464074,-0.9851185028632504
1789899592.387495,0.046783447265625,0.0334320068359375,-0.9566192626953125,0.0374819250340491,-0.026722066796383757,-0.9794186548296628
1789899592.487037,0.028289794921875,-0.0086212158203125,-1.0049896240234375,0.03564349901161429,-0.023101896601169507,-0.9845328486684178
1789899592.586607,0.0251312255859375,0.0250244140625,-1.00164794921875,0.03354104432647893,-0.013476634468435608,-0.9879558687784844
1789899592.6864061,0.015777587890625,-0.006011962890625,-1.0117034912109375,0.029988353039308146,-0.011983700152873488,-0.9927053932649751
1789899592.785644,0.031890869140625,-0.0581817626953125,-0.9931182861328125,0.030368856259571517,-0.021223312661361293,-0.9927879718385426
1789899592.8852491,0.05072021484375,0.0590667724609375,-0.9944000244140625,0.03443912797640722,-0.005165295636901535,-0.9931103823536467
1789899592.9853802,0.023101806640625,0.00299072265625,-0.9828338623046875,0.03217166370925078,-0.0035340919782712284,-0.991055078343855
1789899593.08419,0.0252227783203125,0.0494842529296875,-1.01666259765625,0.030781886631463126,0.007069577003320518,-0.996176582206334
1789899593.183593,0.020355224609375,0.0133056640625,-0.9863128662109375,0.028696554227045503,0.008316794415156415,-0.9942038390072547
1789899593.28337,0.0404205322265625,0.023284912109375,-0.9856414794921875,0.031041349826948908,0.011310417954000132,-0.9924913671042414
1789899593.3827581,0.0215301513671875,-0.0101470947265625,-1.010009765625,0.029139110134996628,0.007018915417887605,-0.9959950468083931
1789899593.482425,0.035491943359375,0.0156402587890625,-0.9871063232421875,0.030409676779872306,0.008743184092122585,-0.9942173020951521
1789899593.581647,0.0244903564453125,-0.0364837646484375,-0.9960784912109375,0.029225812712960347,-0.00030220565598943275,-0.9945895399183093
1789899593.681232,0.039886474609375,0.00146484375,-1.0081024169921875,0.03135794509224328,5.1204225208453834e-05,-0.997292115333085
1789899593.7807422,0.0261077880859375,-0.0679931640625,-0.9959716796875,0.030307913690982128,-0.013557669432333238,-0.9970280282039681
1789899593.8801332,0.0567474365234375,-0.0522918701171875,-0.9687347412109375,0.035595818257473204,-0.021304509569304093,-0.991369370805362
1789899593.979972,0.037567138671875,-0.023468017578125,-0.9616851806640625,0.035990082340353564,-0.021737211171068277,-0.9854325327771022
1789899594.079252,0.0546722412109375,0.0101470947265625,-0.9704132080078125,0.039726514114470354,-0.015360349991542122,-0.9824286678232443
1789899594.178649,0.06207275390625,0.0298004150390625,-0.9829254150390625,0.044195762072826286,-0.006328196985421197,-0.982528017266408
1789899594.278458,0.0547637939453125,-0.0802764892578125,-1.0083770751953125,0.046309368447323536,-0.02111785543989946,-0.9876978288521889
1789899594.377888,0.024566650390625,-0.10540771484375,-0.9921112060546875,0.04196082483598383,-0.03797582732066957,-0.9885805042926887
1789899594.477186,0.032989501953125,-0.1031646728515625,-0.9895782470703125,0.040166560259412065,-0.05101359642684816,-0.9887800528482135
1789899594.576757,0.0287322998046875,0.0024261474609375,-1.0103607177734375,0.037879708168467155,-0.04032564764929103,-0.9930961858332583
1789899594.676235,0.05096435546875,0.0365447998046875,-0.9913482666015625,0.04049663762852372,-0.024951558158495327,-0.9927466019869192
1789899594.775703,0.0682830810546875,-0.0447845458984375,-1.03289794921875,0.04605392631375648,-0.02891815570648376,-1.0007768714332854
1789899594.875243,0.0439300537109375,-0.0377044677734375,-1.0334320068359375,0.04562915179319269,-0.030675418119874513,-1.0073078985138157
1789899594.974817,0.0402374267578125,-0.0147705078125,-1.0128173828125,0.044550806786116656,-0.02749443605839961,-1.0084097953735527
1789899595.074451,0.0199432373046875,-0.0374603271484375,-1.03948974609375,0.03962929288983083,-0.029487614276407188,-1.0146257855175922
1789899595.1737971,0.0487060546875,-0.0589752197265625,-0.9976959228515625,0.04144464524936467,-0.03538513536643825,-1.0112398129843863
1789899595.273573,0.06524658203125,-0.0738067626953125,-1.07794189453125,0.04620503260574174,-0.04306946083221311,-1.0245802292937591
1789899595.372853,0.061614990234375,-0.0568389892578125,-1.0485687255859375,0.04928702413146839,-0.045823366517332986,-1.029377928552195
1789899595.4723392,0.036865234375,0.0049591064453125,-0.9947509765625,0.046802666180174715,-0.03566687192480389,-1.022452538154256
1789899595.571828,0.015350341796875,-0.0453948974609375,-1.0431671142578125,0.040512201303514773,-0.03761247703203061,-1.0265954533749673
1789899595.671251,0.057861328125,-0.010498046875,-1.015594482421875,0.04398202666781182,-0.03218959100062449,-1.0243952591843488
1789899595.770649,0.03631591796875,-0.0340728759765625,-1.0577850341796875,0.042448804927999455,-0.03256624799581209,-1.0310732141834167
1789899595.870656,0.05828857421875,0.0404205322265625,-1.0447845458984375,0.04561675878614956,-0.017968891951337176,-1.0338154805264208
1789899595.970086,0.0314788818359375,-0.00946044921875,-0.9322509765625,0.04278918339610715,-0.01626720340481974,-1.0135025797336368
1789899596.069437,0.0316619873046875,-0.0250091552734375,-0.975860595703125,0.04056374417782322,-0.018015593778543292,-1.0059741829275344
1789899596.168922,0.0498809814453125,-0.02496337890625,-0.9703826904296875,0.04242719163132108,-0.019405150804084635,-0.998855884427965
1789899596.2685962,0.0329742431640625,-0.088165283203125,-0.9923248291015625,0.04053660193786937,-0.03315717728389271,-0.9975496733626845
1789899596.368353,0.070587158203125,0.002471923828125,-0.968292236328125,0.046546713190920505,-0.02603135706148917,-0.9916981859557726
1789899596.467515,0.0941619873046875,-0.0275421142578125,-0.9747314453125,0.0560697680136739,-0.026333508500753836,-0.9883048378271182
1789899596.5668201,0.043487548828125,0.03814697265625,-0.981353759765625,0.053553324176564124,-0.01343741226935307,-0.9869146222148196
1789899596.6665401,0.015289306640625,0.0363311767578125,-1.0109710693359375,0.045900520669376305,-0.003483694463919957,-0.9917259116390432
1789899596.766407,0.0506591796875,0.0522918701171875,-0.9933319091796875,0.046852252473001045,0.007671418452301536,-0.9920471111471721
1789899596.865596,0.0749664306640625,0.0209808349609375,-1.06317138671875,0.05247508811121333,0.010333301754028728,-1.0062719662614878
1789899596.965081,0.0485382080078125,0.040191650390625,-1.053070068359375,0.051687712090533175,0.016304971481347984,-1.0156315866810652
1789899597.0645761,0.0201568603515625,-0.0385589599609375,-0.980072021484375,0.04538154174273904,0.005332185192890888,-1.0085196736417272
1789899597.16406,0.056304931640625,-0.0054779052734375,-1.0169525146484375,0.047566219722316234,0.0031701670996252106,-1.0102062418430693
1789899597.264081,0.0492401123046875,0.0093994140625,-1.026123046875,0.047900998238790495,0.004416016492200169,-1.0133896028494556
1789899597.36313,0.0256195068359375,-0.0460662841796875,-0.9386749267578125,0.0434446999582199,-0.005680443642177365,-0.998446667631127
1789899597.4626331,0.03594970703125,-0.0049896240234375,-0.9782867431640625,0.041945701372825925,-0.005542279718429393,-0.9944146827377142
1789899597.56219,0.050018310546875,0.0165863037109375,-1.0254669189453125,0.04356022320763574,-0.0011165630325560148,-1.000625129979234
1789899597.6618009,0.0166473388671875,-0.0443267822265625,-1.0314483642578125,0.03817764633954609,-0.009758606871357312,-1.0067897768349496
1789899597.761174,0.049163818359375,-0.0402374267578125,-1.01812744140625,0.04037488074351187,-0.01585437084864835,-1.0090573097492097
1789899597.8606858,0.0221405029296875,0.0133819580078125,-1.0851593017578125,0.036728005180746995,-0.010007105077356181,-1.0242777081509304
1789899597.960137,0.063751220703125,0.0069580078125,-1.0136566162109375,0.0421326482852226,-0.006614082499384946,-1.0221534897629319
1789899598.059664,0.029083251953125,-0.04693603515625,-1.0206298828125,0.03952276901880308,-0.014678473030757958,-1.0218487683728457
1789899598.1591458,0.0475311279296875,-0.0945587158203125,-0.935272216796875,0.04112444080097997,-0.030654521588668868,-1.0045334580576515
1789899598.258976,0.0563507080078125,-0.0320587158203125,-1.01531982421875,0.04416969424234647,-0.030935360434997596,-1.0066907312898712
1789899598.358146,0.0048370361328125,-0.0765533447265625,-0.98651123046875,0.03630316262043968,-0.040058957293310576,-1.0026548311256471
1789899598.468182,0.029266357421875,-0.0561676025390625,-1.021240234375,0.03489580158072674,-0.04328068634246096,-1.0063719117755179
1789899598.5671458,0.0613861083984375,-0.0041656494140625,-0.9780426025390625,0.040193862944268896,-0.03545767895678127,-1.000706049928227
1789899598.6667,0.0372467041015625,-0.031494140625,-0.986785888671875,0.03960443117572762,-0.03466497129042502,-0.9979220176769567
1789899598.7663388,0.0623016357421875,-0.2066192626953125,-0.925384521484375,0.0441438720890196,-0.06905582957140252,-0.9834145184384404
1789899598.8656402,0.042327880859375,-0.03717041015625,-0.95001220703125,0.04378067384309068,-0.06267874568837202,-0.9767340561570024
1789899598.96553,0.0248260498046875,-0.07977294921875,-0.943267822265625,0.03998974903541005,-0.06609758639444763,-0.9700408093787269
1789899599.065053,0.015380859375,-0.0220947265625,-1.0242156982421875,0.03506797110332804,-0.0572970144280581,-0.9808757871514191
1789899599.1644878,0.0441741943359375,0.017578125,-1.0318450927734375,0.036889215749849935,-0.04232198654244648,-0.9910696482758228
1789899599.263812,0.056182861328125,-0.0265655517578125,-0.9997711181640625,0.040747944865504954,-0.03917069958551969,-0.9928099422534709
1789899599.363235,0.03814697265625,-0.016815185546875,-1.04150390625,0.040227750423653966,-0.034699596777790755,-1.0025487350527766
1789899599.463095,0.00689697265625,0.0221710205078125,-1.0052490234375,0.03356159487017318,-0.023325473320670108,-1.0030887927297214
1789899599.562433,-0.0293426513671875,-0.0306854248046875,-0.9827880859375,0.020980745622701046,-0.02479746361747359,-0.9990286513712772
1789899599.661778,-0.024017333984375,-0.0325927734375,-0.9981689453125,0.011981129701285839,-0.026356525581478874,-0.9988567101595218
1789899599.7612948,-0.0553131103515625,-0.050262451171875,-0.9871673583984375,-0.0014777183092838288,-0.031137710699558105,-0.996518839807305
1789899599.860825,-0.046905517578125,-0.0341949462890625,-1.035858154296875,-0.010563278163052064,-0.03174915781745899,-1.0043867027052191
1789899599.960318,-0.0935821533203125,-0.0075531005859375,-1.014129638671875,-0.027167053194504152,-0.026909946371154694,-1.0063352898985505
1789899600.059811,-0.072357177734375,-0.00079345703125,-1.007843017578125,-0.036205078102478326,-0.02168664850317376,-1.0066368354344655
1789899600.159466,-0.07574462890625,-0.05328369140625,-0.99365234375,-0.044112988263232664,-0.028006057083789008,-1.0040399370975726
1789899600.258782,-0.0681610107421875,-0.023712158203125,-0.9819488525390625,-0.048922592759023636,-0.027147277307656207,-0.9996217201858706
1789899600.358444,-0.0467529296875,0.0345458984375,-1.011962890625,-0.04848866014471891,-0.014808642158624968,-1.0020899542736965
1789899600.4578981,-0.044342041015625,0.073638916015625,-1.03143310546875,-0.04765933631890014,0.002880869476225026,-1.0079585845127073
1789899600.557428,-0.06597900390625,0.043792724609375,-1.0314788818359375,-0.05132326983637012,0.01106324050285502,-1.0126626439773534
1789899600.656966,-0.064697265625,0.00140380859375,-1.0130615234375,-0.05399806899409609,0.009131354121034016,-1.0127424198693826
1789899600.756377,-0.0641632080078125,-0.0032501220703125,-0.9958953857421875,-0.056031096796839375,0.006655058882764712,-1.0093730130439438
1789899600.8607721,-0.045501708984375,-0.0151214599609375,-0.9696197509765625,-0.053925219234346504,0.00229975511402427,-1.0014223606304675
1789899600.9602718,-0.02703857421875,0.0479888916015625,-1.014556884765625,-0.04854789023122721,0.011437582411531916,-1.004049265457499
1789899601.059801,-0.0297088623046875,0.041015625,-1.0234527587890625,-0.04478008464591927,0.017353190929225534,-1.0079299641238118
1789899601.1593862,-0.0171051025390625,0.0116119384765625,-1.0233612060546875,-0.03924508822454791,0.016204940438692927,-1.011016212509987
1789899601.258811,-0.0059051513671875,0.001739501953125,-1.01580810546875,-0.03257710085307583,0.013311852741579342,-1.0119745911017397
1789899601.358247,-0.0216522216796875,0.017486572265625,-0.9957122802734375,-0.030392125018398164,0.014146796646388475,-1.0087221289360793
1789899601.4578118,0.0015411376953125,0.1293792724609375,-1.0210113525390625,-0.024005472475656032,0.037193291809298284,-1.011179973656676
1789899601.5573559,-0.024810791015625,0.0857696533203125,-0.988555908203125,-0.024166536183649827,0.04690856411150113,-1.006655160565966
1789899601.656765,0.0206298828125,0.147735595703125,-1.043701171875,-0.015207252384419861,0.06707397042982591,-1.0140643628277728
1789899601.756633,0.015960693359375,0.058807373046875,-1.02996826171875,-0.00897366323566089,0.06542065095323572,-1.0172451426059683
1789899601.855778,0.0195159912109375,0.073089599609375,-0.9691314697265625,-0.0032757323463412117,0.06695444068446357,-1.0076224080300873
1789899601.955262,0.004150390625,-0.0494842529296875,-0.9380950927734375,-0.0017905077520729696,0.043666701961633365,-0.9937169449787574
1789899602.054755,0.0266265869140625,-0.036712646484375,-0.9763641357421875,0.0038929111811541245,0.027590832272431694,-0.9902463831314435
1789899602.1544871,0.0292205810546875,-0.05950927734375,-1.0016632080078125,0.008958445155860799,0.010170810349195356,-0.9925297481067173
1789899602.253856,0.0012969970703125,-0.063629150390625,-0.9994964599609375,0.0074261555387511394,-0.004589181798768716,-0.9939230904775614
1789899602.353507,-0.026885986328125,-0.1313018798828125,-0.973419189453125,0.0005637271653759117,-0.029931721415577473,-0.9898223102726742
1789899602.452917,-0.0014801025390625,-0.0949859619140625,-0.9890899658203125,0.0001549612244882294,-0.042942569515274476,-0.989675841382202
1789899602.552506,-0.03240966796875,-0.133209228515625,-0.979095458984375,-0.006357964614159417,-0.06099590131534458,-0.9875597649026366
1789899602.6519299,0.03118896484375,-0.086761474609375,-1.0189666748046875,0.0011514212774224666,-0.06614901597415067,-0.9938411468830469
1789899602.75168,0.0372161865234375,-0.024810791015625,-0.989105224609375,0.008364374326625474,-0.05788137098244554,-0.9928939624283126
1789899602.851192,0.017059326171875,-0.0283203125,-0.9557952880859375,0.01010336469567538,-0.05196915928595644,-0.9854742275598377
1789899602.950726,0.0299072265625,-0.031158447265625,-1.0030364990234375,0.014064137069040304,-0.04780701688189016,-0.9889866818525577
1789899603.050623,0.0177459716796875,-0.076751708984375,-1.02606201171875,0.014800503991169745,-0.05359595530238713,-0.9964017478257963
1789899603.1499739,0.0165557861328125,-0.0484466552734375,-1.013763427734375,0.015151560419498297,-0.052566095296597205,-0.9998740838075121
1789899603.249119,0.0256500244140625,-0.0662078857421875,-1.003387451171875,0.017251253218411138,-0.05529445338571527,-1.0005767572803848
1789899603.3489242,0.0387420654296875,-0.04248046875,-0.94927978515625,0.02154941566066641,-0.052731656458572224,-0.9903173628555578
1789899603.448183,0.020294189453125,-0.047119140625,-0.9553070068359375,0.02129837041915813,-0.05160915329185778,-0.9833152916516338
1789899603.547641,0.02947998046875,-0.0074615478515625,-0.99139404296875,0.022934692429076507,-0.042779632203798726,-0.9849310419150571
1789899603.646933,0.038299560546875,0.0603179931640625,-1.024200439453125,0.026007666052636207,-0.02216010713022648,-0.9927849214226707
1789899603.746589,0.0860748291015625,0.082855224609375,-1.0221405029296875,0.03802109866242147,-0.0011570407823061866,-0.9986560377240742
1789899603.846026,0.0525970458984375,0.12811279296875,-1.003631591796875,0.04093628810962468,0.024696925967905053,-0.9996511485386345
1789899603.945591,0.056884765625,0.1208038330078125,-1.03466796875,0.044125983612699746,0.04391830737588655,-1.0066545125809077
1789899604.04525,-0.0116729736328125,0.0637664794921875,-1.0141448974609375,0.0329661921635973,0.047887941799146745,-1.0081525895569137
1789899604.1445289,0.0195465087890625,0.086395263671875,-1.0176544189453125,0.030282255488690343,0.0555894061736924,-1.0100529554345936
1789899604.244154,0.02740478515625,-0.016143798828125,-0.976531982421875,0.029706761422202275,0.04124276517332893,-1.00334876083205
1789899604.343697,0.026153564453125,-0.0196075439453125,-0.9764404296875,0.02899612202838682,0.029072703349600645,-0.99796709460314
1789899604.443095,0.0388641357421875,-0.0554046630859375,-0.9587554931640625,0.03096972477114696,0.012177230062493018,-0.9901247743153245
1789899604.542659,0.0379638671875,-0.0022430419921875,-0.9621734619140625,0.03236855325441757,0.009293175651556915,-0.9845345118350722
1789899604.642127,0.0552978515625,0.039154052734375,-1.0062713623046875,0.03695441291603406,0.015265351068120533,-0.9888818819289954
1789899604.741609,0.0364990234375,0.0415496826171875,-1.003936767578125,0.03686333502032725,0.02052221737793393,-0.9918928590588214
1789899604.841107,0.0397796630859375,0.1253204345703125,-1.0324554443359375,0.0374466006334493,0.041481860816409644,-1.0000053761142447
1789899604.94067,0.0139312744140625,0.009185791015625,-1.009613037109375,0.03274353538957194,0.03502264685625272,-1.0019269083132707
1789899605.0403352,0.0182037353515625,-0.0045623779296875,-0.970245361328125,0.029835575381970056,0.027105641899064677,-0.9955905989162417
1789899605.139715,0.0067901611328125,-0.0733642578125,-1.0144195556640625,0.025226492532138545,0.007011661956751741,-0.9993563902658058
1789899605.239157,0.0255584716796875,-0.071014404296875,-0.962677001953125,0.025292888361648336,-0.008593551293973607,-0.9920205126032697
1789899605.338574,-0.002716064453125,-0.1018218994140625,-0.983001708984375,0.01969109779869367,-0.02723922091799139,-0.9902167518794909
1789899605.438143,0.028839111328125,-0.144775390625,-0.9972381591796875,0.021520700504579937,-0.050746454859393116,-0.9916210333395302
1789899605.53759,0.0261993408203125,-0.08782958984375,-1.0247039794921875,0.022456428567726453,-0.058163081856264495,-0.9982376225700618
1789899605.637197,-0.00885009765625,-0.183135986328125,-1.0126190185546875,0.016195123322931163,-0.0831576627506366,-1.001113901766987
1789899605.736552,-0.0145263671875,-0.165740966796875,-0.9878082275390625,0.010050825220844932,-0.09967432355988429,-0.9984527669214022
1789899605.836308,-0.007049560546875,-0.1553802490234375,-0.9987030029296875,0.006630748067300947,-0.11081550865259494,-0.9985028141230592
1789899605.935802,0.0232696533203125,-0.2225341796875,-0.990631103515625,0.009958529117903257,-0.13315924285957598,-0.9969284720015724
1789899606.035538,0.0179290771484375,-0.1605072021484375,-0.9850616455078125,0.011552638724010106,-0.13862883471734827,-0.9945551067028205
1789899606.13491,0.022216796875,-0.1110687255859375,-0.9785308837890625,0.013685470354208085,-0.13311681289106614,-0.991350262120069
1789899606.2345362,0.022430419921875,-0.0767822265625,-1.0878143310546875,0.015434460267741468,-0.12184989562535292,-1.0106430759069929
1789899606.334093,0.0235137939453125,-0.0354766845703125,-1.01910400390625,0.017050327003255678,-0.10457525341434484,-1.0123352615068444
1789899606.433405,0.0014190673828125,-0.094024658203125,-1.0019683837890625,0.013924075079167044,-0.10246513437210089,-1.010261885963288
1789899606.532798,0.0090179443359375,-0.05712890625,-0.9891815185546875,0.012942848930521136,-0.09339788874768072,-1.0060458124815679
1789899606.632619,0.0163421630859375,0.0586700439453125,-1.02484130859375,0.01362271176160441,-0.06298430220908208,-1.0098049117040044
1789899606.733185,-0.0008392333984375,0.0543060302734375,-1.0166778564453125,0.01073032272959603,-0.03952623571257816,-1.0111795006522661
1789899606.831372,0.0174102783203125,0.154998779296875,-1.0258941650390625,0.012066313847739325,-0.0006212327106875325,-1.0141224335296255
1789899606.931078,-0.009796142578125,0.1198272705078125,-0.9730072021484375,0.007693822562566462,0.023468467933012476,-1.005899387253388
1789899607.030401,0.077239990234375,0.2110443115234375,-0.97210693359375,0.02160305609692817,0.06098363665109749,-0.9991408965214603
1789899607.130352,0.0575408935546875,0.3862762451171875,-0.7525634765625,0.028790623588480037,0.12604215834431548,-0.9498254125296683
1789899607.22992,0.0140380859375,0.175384521484375,-1.058349609375,0.02584011605828403,0.1359106309723274,-0.9715302518987348
1789899607.329012,-0.0693817138671875,0.1492767333984375,-1.17022705078125,0.006795750073189725,0.13858385145754942,-1.011269611675238
1789899607.428915,-0.0478668212890625,0.1318359375,-1.00543212890625,-0.004136764199260721,0.13723426866603955,-1.0101021151214404
1789899607.528069,0.037353515625,0.2515716552734375,-0.981689453125,0.004161291765591423,0.16010174598751914,-1.0044195827221525
1789899607.6276731,0.031036376953125,0.07208251953125,-0.94390869140625,0.009536308803098139,0.1424979006962653,-0.992317404458972
1789899607.7272081,0.0139312744140625,0.0803070068359375,-1.03564453125,0.010415301925291012,0.13005972192419976,-1.0009828298171777
1789899607.826555,0.0418701171875,0.06243896484375,-1.02020263671875,0.01670626497773281,0.11653557050810981,-1.0048267911974922
1789899607.926,0.015472412109375,0.0792388916015625,-1.0147705078125,0.016459494404061248,0.10907623472680036,-1.0068155345204939
1789899608.025686,0.0349578857421875,-0.0402679443359375,-0.9391326904296875,0.0201591726716865,0.0792073989142528,-0.9932789657023327
1789899608.125022,0.0407867431640625,-0.1621246337890625,-0.9391632080078125,0.024284686770161705,0.030940992373589743,-0.9824558141634288
1789899608.2245212,0.0291595458984375,-0.0294036865234375,-1.0032196044921875,0.025259658595816865,0.018872056594184294,-0.9866085722291805
1789899608.324113,-0.0017852783203125,-0.0503692626953125,-0.997100830078125,0.019850671212590994,0.005023792736284935,-0.9887070237989695
1789899608.423726,0.0009765625,-0.085723876953125,-1.0098114013671875,0.016075849470072796,-0.013125741201597055,-0.9929278993126132
1789899608.523119,0.0256195068359375,-0.0991058349609375,-1.0444793701171875,0.01798458094324574,-0.030321759953465144,-1.0032381934735282
1789899608.622573,0.0122222900390625,-0.032470703125,-1.1258697509765625,0.016832122762409092,-0.03075154858777212,-1.027764504974135
1789899608.721976,0.0092926025390625,-0.05731201171875,-1.011383056640625,0.015324218717739774,-0.0360636412139677,-1.024488215307433
1789899608.8215718,0.02740478515625,-0.1323394775390625,-0.9649810791015625,0.01774033200544182,-0.05531880847898667,-1.012586788066259
1789899608.9211168,0.0363006591796875,-0.0983123779296875,-0.9660491943359375,0.021452397440290958,-0.06391752236912684,-1.0032792693201946
1789899609.021305,0.0220184326171875,-0.0761260986328125,-0.985626220703125,0.02156560447567027,-0.06635923762186398,-0.9997486595967808
1789899609.120178,0.013702392578125,-0.0923614501953125,-1.00518798828125,0.019992962096161214,-0.07155968013655369,-1.0008365253336746
1789899609.219697,0.020050048828125,-0.146484375,-0.992523193359375,0.020004379442553972,-0.08654461910924295,-0.9991738589388148
1789899609.319217,0.030426025390625,-0.1339874267578125,-0.9202880859375,0.022088708632168177,-0.09603318063895686,-0.983396704338552
1789899609.418684,0.0493621826171875,-0.10479736328125,-0.9931793212890625,0.027543403429172043,-0.0977860171674155,-0.9853532277286542
1789899609.518161,0.0283203125,-0.0427093505859375,-1.0188140869140625,0.027698785243337635,-0.08677068385111991,-0.9920453995657359
1789899609.617727,0.0532073974609375,-0.01251220703125,-1.015472412109375,0.03280050768685761,-0.07191898848714594,-0.9967308020744637
1789899609.717435,0.0437164306640625,-0.0109405517578125,-1.025726318359375,0.03498369228229859,-0.05972330114127925,-1.002529905331446
1789899609.816792,0.028411865234375,-0.0236968994140625,-0.9930572509765625,0.03366932687271387,-0.0525180207958359,-1.0006353744604695
1789899609.9164171,0.0196380615234375,-0.0071258544921875,-0.98577880859375,0.0308630738028586,-0.043439587535106225,-0.9976640612871257
1789899610.016048,0.0077667236328125,0.0575714111328125,-1.0079193115234375,0.02624380376884938,-0.023237387801522486,-0.9997151113343881
1789899610.115267,0.0113067626953125,0.0035400390625,-0.9806365966796875,0.023256395554142006,-0.017881902428717986,-0.995899408403448
1789899610.214797,0.035980224609375,0.0490875244140625,-1.041748046875,0.025801161365188605,-0.004488017060161888,-1.0050691360977586
1789899610.314435,0.0216217041015625,0.00274658203125,-1.0177459716796875,0.024965269912463388,-0.0030410972418795108,-1.0076045032141445
1789899610.413796,0.056427001953125,-0.0042877197265625,-1.0081329345703125,0.03125761632059571,-0.003290421738816109,-1.0077101894853782
1789899610.513196,0.0203857421875,-0.047698974609375,-0.9733428955078125,0.02908324149397657,-0.012172132312927887,-1.0008367306898651
1789899610.612791,-0.010162353515625,-0.010345458984375,-0.9919586181640625,0.021234122492056258,-0.01180679764721731,-0.9990611081847047
1789899610.7122421,0.02630615234375,-0.03564453125,-0.9782867431640625,0.022248528462395008,-0.01657434436777385,-0.9949062351805763
1789899610.811939,0.0306243896484375,-0.068115234375,-0.98895263671875,0.02392370069960351,-0.026882522369219085,-0.9937155154882111
1789899610.91115,0.0065765380859375,-0.012908935546875,-1.0320587158203125,0.02045426817687031,-0.02408780500475027,-1.0013841555546314
1789899611.010913,0.0074310302734375,0.0391387939453125,-1.000823974609375,0.017849620596183752,-0.011442485214737716,-1.0012721193655802
1789899611.110333,0.031585693359375,0.096771240234375,-1.015228271484375,0.020596835148822004,0.010200259875084829,-1.0040633497893392
1789899611.210102,0.036834716796875,-0.006103515625,-0.93865966796875,0.023844411478432602,0.006939504775067863,-0.9909826134252213
1789899611.30987,0.0228424072265625,0.0938720703125,-1.0383453369140625,0.023644010628058584,0.024326017882554292,-1.0004551581229897
1789899611.408889,0.037994384765625,0.079620361328125,-1.04046630859375,0.026514085455571868,0.03538488657166844,-1.008457388217142
1789899611.5083342,-0.0108642578125,-0.103515625,-0.8626556396484375,0.019038416801957496,0.007604784257334751,-0.9792970385034011
1789899611.607881,0.0345306396484375,0.128204345703125,-0.9842376708984375,0.022136861371253497,0.031724696546492806,-0.9802851649824084
1789899611.707397,0.0695648193359375,0.061920166015625,-1.0352935791015625,0.0316224529641903,0.037763790440319245,-0.9912868478062393
1789899611.806972,0.0253143310546875,-0.0008697509765625,-0.9680023193359375,0.03036082858228974,0.030037082156942896,-0.986629942112179
1789899611.906455,0.0044097900390625,0.035980224609375,-0.99920654296875,0.025170620873644294,0.031225710647429315,-0.9891452622834933
1789899612.0058842,0.0246429443359375,-0.043426513671875,-1.0475921630859375,0.025065085566102936,0.016295265783568453,-1.0008346424439822
1789899612.105515,0.0206146240234375,0.0186920166015625,-1.0022125244140625,0.02417499325756985,0.01677461594716726,-1.0011102188379983
1789899612.204856,0.0291748046875,0.0287628173828125,-1.02435302734375,0.025174955543555883,0.01917225623429631,-1.0057587805391486
1789899612.304562,0.0239715576171875,-0.0317840576171875,-0.9830780029296875,0.02493427595828221,0.008980993463999548,-1.0012226250172565
1789899612.4041681,0.0263214111328125,0.007720947265625,-1.0019989013671875,0.02521170299318827,0.008728984224324639,-1.0013778802872428
1789899612.503288,0.0032196044921875,0.007049560546875,-1.0054473876953125,0.02081328329298812,0.008393099488834712,-1.0021917817688568
1789899612.602869,-0.0573883056640625,-0.071990966796875,-0.9989166259765625,0.005172965501577996,-0.00768371376830723,-1.001536750610398
1789899612.7025352,0.0124969482421875,-0.0358734130859375,-1.0624237060546875,0.006637762049699897,-0.013321653631833286,-1.013714141699256
1789899612.802002,0.0006866455078125,-0.0755767822265625,-0.9184417724609375,0.005447538741322418,-0.025772679350779128,-0.9946596678515924
1789899612.901658,0.0303955078125,-0.0548095703125,-0.9673919677734375,0.010437132555557935,-0.031580057543123305,-0.9892061278359615
1789899613.001122,0.013153076171875,-0.0423126220703125,-0.951202392578125,0.010980321278821347,-0.033726570448561144,-0.9816053807843942
1789899613.100734,-0.022674560546875,-0.0630950927734375,-1.0549163818359375,0.004249344913682079,-0.03960027491353642,-0.9962675809947029
1789899613.2001839,0.0200042724609375,-0.0934600830078125,-0.9763031005859375,0.007400330423133163,-0.05037223653239164,-0.9922746849129499
1789899613.2998629,-0.0071563720703125,-0.0548858642578125,-0.99810791015625,0.0044889899244440305,-0.05127496207747582,-0.9934413299616099
1789899613.399147,-0.01324462890625,-0.0458984375,-0.989593505859375,0.0009422661583052242,-0.05019965716198065,-0.9926717651411631
1789899613.4989119,0.007781982421875,-0.028900146484375,-1.0334625244140625,0.0023102094110191793,-0.04593975502645953,-1.000829916995743
1789899613.598205,-0.025604248046875,-0.0755767822265625,-0.9631805419921875,-0.003272682080559657,-0.05186716046648012,-0.993300041995032
1789899613.697589,-0.0048675537109375,-0.0744476318359375,-0.9862213134765625,-0.003591656406635226,-0.056383254740371605,-0.9918842962913381
1789899613.797183,-0.0060272216796875,-0.0139007568359375,-1.0434722900390625,-0.004078769461245681,-0.04788675515948478,-1.002201895040883
1789899613.896806,-0.027557373046875,-0.1091461181640625,-0.9816741943359375,-0.008774490178371546,-0.060138627760400326,-0.998096354899894
1789899613.99635,-0.0235443115234375,-0.0880126953125,-1.019256591796875,-0.011728454447384738,-0.06571344127082027,-1.0023284022792902
1789899614.095707,-0.003173828125,-0.0106353759765625,-1.018768310546875,-0.010017529182907792,-0.05469782821196872,-1.0056163839328072
1789899614.195236,-0.010284423828125,-0.0011749267578125,-1.032806396484375,-0.010070908111951233,-0.04399324792113748,-1.0110543864431207
1789899614.29479,-0.00872802734375,-0.0189208984375,-0.985626220703125,-0.009802331958310987,-0.03897877802440999,-1.0059687532951216
1789899614.394261,-0.00506591796875,-0.10662841796875,-0.957916259765625,-0.00885504916039879,-0.05250870601327799,-0.9963582545892223
1789899614.493736,-0.0184783935546875,-0.0766754150390625,-0.982666015625,-0.010779718039256533,-0.057342047818434896,-0.993619806796378
1789899614.593493,0.01776123046875,0.0511932373046875,-1.056182861328125,-0.005071528337655226,-0.03563499079381042,-1.0061324177027275
1789899614.6927261,-0.0516510009765625,-0.1222991943359375,-0.969268798828125,-0.014387422865436681,-0.052967831502235836,-0.9987596939278071
1789899614.792208,-0.024383544921875,-0.07220458984375,-0.9789581298828125,-0.016386647276724346,-0.05681518317053867,-0.9947993811188082
1789899614.891724,-0.03704833984375,-0.01031494140625,-0.9947357177734375,-0.02051898579012948,-0.04751513481768094,-0.9947866484497341
1789899614.991169,-0.0302734375,-0.008270263671875,-1.0139007568359375,-0.022469876132103585,-0.03966616058851975,-0.9986094701269749
1789899615.090722,0.0039215087890625,-0.0507354736328125,-1.0546875,-0.017191599147870367,-0.041880023197378304,-1.00982507610158
1789899615.190371,-0.003814697265625,-0.089141845703125,-0.945159912109375,-0.014516218771421294,-0.051332387698527646,-0.996892043303139
1789899615.290148,0.0045013427734375,-0.0489349365234375,-0.9066619873046875,-0.010712706462449536,-0.05085289746350962,-0.9788460321034488
1789899615.389818,0.017791748046875,-0.0012969970703125,-0.957794189453125,-0.005011815560584628,-0.0409417173848702,-0.974635663573384
1789899615.488803,-0.0030059814453125,0.039764404296875,-0.972503662109375,-0.004610648737530204,-0.024800493048521163,-0.9742092632805823
1789899615.5885,0.002899169921875,-0.0066986083984375,-0.942138671875,-0.0031086850056491633,-0.02118011611850443,-0.967795144999466
1789899615.687852,-0.042999267578125,-0.0673675537109375,-0.9334259033203125,-0.01108680152014433,-0.030417603636991045,-0.9609212966636352
1789899615.7873058,0.0208587646484375,-0.01654052734375,-0.884796142578125,-0.004697688286427964,-0.027642188378342838,-0.9456962658465333
1789899615.886785,-0.0186920166015625,0.0516204833984375,-0.9979400634765625,-0.007496553949454872,-0.01178965402298677,-0.9561450253725392
1789899615.986409,-0.043853759765625,-0.02691650390625,-0.98699951171875,-0.014767995112688899,-0.014815023999639416,-0.9623159226417815
1789899616.086101,-0.017669677734375,-0.0190887451171875,-1.0620880126953125,-0.015348331637026121,-0.015669768223149035,-0.9822703406524878
1789899616.185416,-0.0090789794921875,-0.0845794677734375,-0.99505615234375,-0.014094461208058398,-0.02945170813320673,-0.9848275029907403
1789899616.285018,0.02362060546875,-0.018829345703125,-0.9829559326171875,-0.006551447872696719,-0.027327235647190386,-0.9844531889160298
1789899616.3843021,-0.0082550048828125,-0.0558319091796875,-0.978973388671875,-0.0068921592747198755,-0.03302817035368981,-0.9833572288671989
1789899616.483869,-0.0059661865234375,0.0034332275390625,-1.00006103515625,-0.006706964724463401,-0.02573589077513935,-0.9866979901250091
1789899616.583782,-0.038726806640625,0.02880859375,-1.0171051025390625,-0.013110933107695722,-0.014826993870111481,-0.9927794126078199
1789899616.682914,-0.0124664306640625,0.0064849853515625,-1.008087158203125,-0.012982032618969078,-0.010564598025776686,-0.9958409617268809
1789899616.782552,-0.0088348388671875,0.0325775146484375,-1.0136566162109375,-0.012152593868612765,-0.0019361754909338492,-0.9994040926236922
1789899616.881985,0.0307769775390625,-0.0306854248046875,-0.95440673828125,-0.0035666795870777116,-0.00768602535368458,-0.9904046217552038
1789899616.981536,-0.0299530029296875,-0.0137939453125,-0.9682464599609375,-0.00884394425559967,-0.008907609345447664,-0.9859729893963506
1789899617.080914,-0.0117034912109375,-0.012847900390625,-0.984619140625,-0.009415853646667235,-0.009695667554483131,-0.9857022196420805
1789899617.18061,-0.0205230712890625,-0.0224456787109375,-1.023651123046875,-0.011637297175146288,-0.012245669785774006,-0.9932920003230394
1789899617.28011,-0.036376953125,-0.00201416015625,-1.018646240234375,-0.01658522836511703,-0.010199367859869204,-0.9983628483053065
1789899617.37957,-0.032684326171875,0.03692626953125,-1.072235107421875,-0.019805047926468627,-0.0007742403816453636,-1.0131373001286201
1789899617.478962,-0.0522613525390625,-0.089996337890625,-0.9498138427734375,-0.026296308848987402,-0.01861865988344129,-1.0004726086575837
1789899617.578567,-0.0711517333984375,-0.0388641357421875,-1.0037384033203125,-0.03526739375887742,-0.022667755055190534,-1.0011257675901295
1789899617.678084,-0.082305908203125,-0.0640869140625,-0.9821014404296875,-0.04467509664772694,-0.03095158685665243,-0.9973209021580411
1789899617.777515,-0.059722900390625,0.0063629150390625,-1.02679443359375,-0.047684657396306555,-0.023488686477509443,-1.003215608445183
1789899617.877115,-0.0966796875,0.016571044921875,-0.9965972900390625,-0.05748366341704525,-0.015476740197632555,-1.0018919447639592
1789899617.976647,-0.0531005859375,-0.0437164306640625,-0.9689483642578125,-0.0566070479211362,-0.021124678290918547,-0.9953032286627299
1789899618.076052,-0.0441436767578125,-0.013427734375,-0.991973876953125,-0.05411437368847146,-0.01958528950773484,-0.994637358320809
1789899618.175616,-0.04180908203125,0.075439453125,-1.0263519287109375,-0.05165331535702717,-0.0005803409811878709,-1.0009802723988348
1789899618.27507,-0.0659332275390625,0.001495361328125,-0.995880126953125,-0.05450929779343423,-0.00016520051932529675,-0.9999602433096928
1789899618.374498,-0.05157470703125,0.0103607177734375,-0.98443603515625,-0.05392237964099739,0.0019399831392272627,-0.9968554016790043
1789899618.474026,-0.0358123779296875,0.036956787109375,-0.9795379638671875,-0.05030037929873541,0.008943343933256812,-0.993391914116641
1789899618.5737472,-0.0370025634765625,-0.0278167724609375,-1.0049285888671875,-0.04764081613430083,0.0015913206544179489,-0.9956992490667503
1789899618.672929,-0.0423431396484375,-0.0452880859375,-0.971405029296875,-0.04658128083712817,-0.007784560663965641,-0.9908404051127754
1789899618.772618,-0.054840087890625,-0.0276947021484375,-0.9626617431640625,-0.04823304224782754,-0.011766588960860015,-0.9852046727230329
1789899618.872322,-0.0518798828125,-0.052703857421875,-1.0043792724609375,-0.048962410360762036,-0.01995404265306301,-0.9890395926706138
1789899618.971568,-0.064300537109375,-0.0792999267578125,-0.9793853759765625,-0.05203003571048463,-0.03182321947401291,-0.9871087493318036
1789899619.071107,-0.0406951904296875,0.0497283935546875,-0.999298095703125,-0.04976306665432521,-0.015512896868272829,-0.989546618606068
1789899619.170537,-0.0405731201171875,0.03662109375,-1.00811767578125,-0.047925077346897674,-0.005086098744618264,-0.9932608300411044
1789899619.2700791,-0.0598602294921875,-0.050048828125,-0.9396514892578125,-0.05031210777595564,-0.014078644620694612,-0.982538961884446
1789899619.369945,-0.0550689697265625,-0.06494140625,-1.0049896240234375,-0.05126348016607702,-0.02425119694655569,-0.9870290943122443
1789899619.4697518,-0.0562286376953125,0.0564727783203125,-1.00732421875,-0.05225651167192412,-0.008106401893182052,-0.9910881191997956
1789899619.569102,-0.050872802734375,0.033355712890625,-1.0235748291015625,-0.0519797698844143,0.00018602106357935855,-0.9975854611801489
1789899619.668326,-0.0630950927734375,0.0562591552734375,-0.986358642578125,-0.05420283446221894,0.011400647905550988,-0.9953400974597442
1789899619.7681742,-0.07696533203125,-0.042327880859375,-0.958648681640625,-0.058755333976025156,0.0006549421525657902,-0.9880018142959204
1789899619.867588,-0.08087158203125,-0.012847900390625,-1.007232666015625,-0.06317858358707013,-0.002045626356072368,-0.9918479846398613
1789899619.966794,-0.0428619384765625,0.0553741455078125,-1.0191802978515625,-0.059115254564968606,0.009438328016704606,-0.9973144472822016
1789899620.066142,-0.0576019287109375,-0.03533935546875,-1.02099609375,-0.05881258939416239,0.00048279131961368425,-1.0020507765757614
1789899620.166013,-0.0626678466796875,-0.014556884765625,-1.008575439453125,-0.05958364085126742,-0.002525143897434053,-1.0033557091512342
1789899620.265244,-0.0612335205078125,-0.023101806640625,-1.0453338623046875,-0.05991361678257644,-0.006640476446072243,-1.0117513397819249
1789899620.365069,-0.050323486328125,0.0357666015625,-1.0029449462890625,-0.05799559069168615,0.0018409391556422055,-1.0099900610833525
1789899620.4643269,-0.04376220703125,0.0059661865234375,-1.0084228515625,-0.05514891395959892,0.0026659886292012642,-1.0096766191791822
1789899620.564132,-0.0727386474609375,-0.0328826904296875,-1.0019989013671875,-0.05866686065986664,-0.004443747182576488,-1.0081410756167832
1789899620.663663,-0.0525970458984375,-0.01446533203125,-0.9918365478515625,-0.057452897707580816,-0.006448064152311191,-1.004880170063739
1789899620.76304,-0.070770263671875,-0.0135040283203125,-1.0254669189453125,-0.060116370900439656,-0.007859256985911453,-1.0089975198400538
1789899620.8626928,-0.074737548828125,-0.0375518798828125,-1.006072998046875,-0.06304060648597673,-0.013797781565291663,-1.0084126154814181
1789899620.9621449,-0.0713653564453125,-0.07958984375,-0.9826202392578125,-0.06470555647784389,-0.02695619400223333,-1.003254140236697
1789899621.061506,-0.06744384765625,-0.032684326171875,-1.008056640625,-0.0652532147135251,-0.02810182043616167,-1.0042146403143577
1789899621.1614652,-0.050262451171875,-0.0362396240234375,-0.9819183349609375,-0.06225506200519509,-0.029729381153616837,-0.9997553792436737
1789899621.260587,-0.04254150390625,0.02496337890625,-1.05364990234375,-0.058312350385406074,-0.01879082914164347,-1.010534283863689
1789899621.359982,-0.0584259033203125,-0.0230712890625,-1.0147552490234375,-0.058335060972387366,-0.019646921125814776,-1.0113784768956389
1789899621.459528,-0.027618408203125,-0.087249755859375,-0.983612060546875,-0.05219173041853489,-0.03316748807252683,-1.0058251936258862
1789899621.558985,-0.0413970947265625,0.0031890869140625,-1.025146484375,-0.05003280328014042,-0.025896173075208962,-1.009689451775709
1789899621.6585631,-0.07110595703125,-0.049896240234375,-0.9683837890625,-0.054247434030362335,-0.030696186507042172,-1.001428319233067
1789899621.757956,-0.0422210693359375,-0.0633087158203125,-0.998046875,-0.05184216109147737,-0.037218692369696244,-1.0007520303864537
1789899621.857459,-0.0640716552734375,-0.036865234375,-1.0084686279296875,-0.054288059927869406,-0.037148000770757,-1.0022953498951004
1789899621.95709,-0.0663909912109375,-0.074432373046875,-1.008819580078125,-0.05670864618448303,-0.044604875225980604,-1.0036001959317054
1789899622.056494,-0.0611572265625,-0.0900115966796875,-0.985870361328125,-0.057598362260086425,-0.05368621951672198,-1.0000542290109893
1789899622.156187,-0.071014404296875,-0.0642242431640625,-1.01434326171875,-0.06028157066744415,-0.05579382424619009,-1.0029120355525414
1789899622.255518,-0.1007080078125,-0.053680419921875,-1.0088043212890625,-0.06836685809645532,-0.05537114338132707,-1.0040904926998457
1789899622.355058,-0.0882415771484375,-0.09747314453125,-0.9509735107421875,-0.07234180190685176,-0.06379154361131166,-0.9934670963083141
1789899622.454581,-0.100555419921875,-0.03741455078125,-0.9649810791015625,-0.0779845255098564,-0.05851614504529933,-0.9877698928669638
1789899622.554065,-0.135040283203125,-0.159210205078125,-0.9693603515625,-0.08939567704851012,-0.07865495705186447,-0.984087984606071
1789899622.653641,-0.1166534423828125,-0.168304443359375,-0.989593505859375,-0.09484723011537059,-0.09658485431336658,-0.985189088856732
1789899622.753193,-0.091796875,-0.159423828125,-1.0409088134765625,-0.09423715909229648,-0.10915264907569328,-0.9963330337806982
1789899622.852629,-0.11224365234375,-0.20440673828125,-1.0171661376953125,-0.09783845774258719,-0.12820346691680462,-1.000499654563621
1789899622.952108,-0.101806640625,-0.2593841552734375,-0.9847412109375,-0.09863209431906975,-0.15443960458813122,-0.997347965838397
1789899623.0517879,-0.075286865234375,-0.228363037109375,-0.9232025146484375,-0.0939630485021308,-0.16922429109238,-0.9825188756004052
1789899623.1512852,-0.0914154052734375,-0.2080841064453125,-1.11669921875,-0.09345351985639215,-0.1769962541629665,-1.0093549442303242
1789899623.250844,-0.1071929931640625,-0.22357177734375,-0.9335784912109375,-0.09620141451792623,-0.1863113587991232,-0.9941996536264469
1789899623.350532,-0.09991455078125,-0.2741851806640625,-0.8944244384765625,-0.09694404177059099,-0.20388612317211108,-0.97424461059647
1789899623.450107,-0.0979766845703125,-0.281494140625,-0.94049072265625,-0.0971505703305353,-0.21940772666268887,-0.9674938330084262
1789899623.5496368,-0.073394775390625,-0.1564483642578125,-0.9897918701171875,-0.09239941134255325,-0.2068158541817136,-0.9719534404301785
1789899623.64884,-0.0907745361328125,-0.2365264892578125,-1.008331298828125,-0.0920744363006051,-0.2127579811969334,-0.9792290121097679
1789899623.748577,-0.0728302001953125,-0.237457275390625,-1.079437255859375,-0.0882255890795466,-0.21769784003567172,-0.9992706608596894
1789899623.8478,-0.0885772705078125,-0.2272491455078125,-1.07086181640625,-0.08829592536519978,-0.2196081011300999,-1.0135888919690017
1789899623.947178,-0.08563232421875,-0.2109222412109375,-0.9933929443359375,-0.08776320513590982,-0.21787092914626743,-1.009549702442389
1789899624.046793,-0.06097412109375,-0.2102203369140625,-0.9979248046875,-0.08240538832747786,-0.21634081069982644,-1.007224722891411
1789899624.1465101,-0.0819091796875,-0.2736358642578125,-0.994293212890625,-0.0823061465994823,-0.22779982141142366,-1.0046384208912538
1789899624.245815,-0.0981292724609375,-0.3152313232421875,-0.9567718505859375,-0.08547077177177334,-0.24528612177757642,-0.9950651068301906
1789899624.3453522,-0.1151123046875,-0.2777252197265625,-0.9546661376953125,-0.09139907835491867,-0.25177394136737363,-0.986985313003215
1789899624.445057,-0.073944091796875,-0.322998046875,-0.966400146484375,-0.08790808104330994,-0.2660187624688989,-0.9828682796994471
1789899624.5443501,-0.10107421875,-0.27789306640625,-0.9850311279296875,-0.09054130858464796,-0.2683936232563691,-0.9833008493454952
1789899624.643907,-0.0765228271484375,-0.303985595703125,-0.9806365966796875,-0.08773761229740587,-0.2755120177457203,-0.9827679988123338
1789899624.743367,-0.089691162109375,-0.300811767578125,-0.9587860107421875,-0.0881283222597997,-0.2805719677122013,-0.9779716011983046
1789899624.842838,-0.0901947021484375,-0.306427001953125,-0.92315673828125,-0.08854159823752726,-0.28574297456038605,-0.9670086286148938
1789899624.942284,-0.116119384765625,-0.3484954833984375,-0.9792633056640625,-0.09405715554314681,-0.29829347632799635,-0.9694595640247275
1789899625.041784,-0.090057373046875,-0.3535614013671875,-1.025970458984375,-0.09325719904389246,-0.3093470613358346,-0.9807617430166571
1789899625.141315,-0.0683135986328125,-0.298858642578125,-1.0218048095703125,-0.08826847896167647,-0.3072493775842927,-0.9889703563273882
1789899625.240797,-0.0364532470703125,-0.2604217529296875,-1.0181427001953125,-0.07790543258340368,-0.2978838526533717,-0.9948048251009731
1789899625.3404012,-0.0782928466796875,-0.3843231201171875,-0.899627685546875,-0.07798291540266045,-0.3151717061461349,-0.9757693971901535
1789899625.4400249,-0.0599822998046875,-0.3646087646484375,-0.9759674072265625,-0.07438279228306587,-0.3250591178465954,-0.9758089991974355
1789899625.539353,-0.0822296142578125,-0.302276611328125,-0.9663238525390625,-0.07595215667801519,-0.32050261654290135,-0.973911969865761
1789899625.638824,-0.046966552734375,-0.2986297607421875,-0.9950408935546875,-0.07015503588928716,-0.3161280453827586,-0.9781377546035463
1789899625.738447,-0.0695953369140625,-0.340911865234375,-0.97442626953125,-0.07004309609424224,-0.3210848093530819,-0.9773954575890871
1789899625.837857,-0.065887451171875,-0.3502349853515625,-0.9920806884765625,-0.06921196710976879,-0.3269148445527781,-0.9803325037665822
1789899625.937372,-0.08416748046875,-0.3516693115234375,-0.9667205810546875,-0.07220306978156503,-0.33186573794691,-0.9776101192242033
1789899626.036993,-0.08233642578125,-0.29791259765625,-0.995361328125,-0.07422974098150202,-0.32507510988877797,-0.9811603610043627
1789899626.13662,-0.064300537109375,-0.320648193359375,-0.9774322509765625,-0.07224390020707662,-0.32418972658289735,-0.9804147389988027
1789899626.235825,-0.0596466064453125,-0.3580474853515625,-0.99151611328125,-0.0697244414547238,-0.3309612783366304,-0.9826350138552922
1789899626.335527,-0.0826263427734375,-0.392822265625,-0.9372406005859375,-0.07230482171846654,-0.34333347579430434,-0.9735561312014213
1789899626.434957,-0.0814056396484375,-0.385589599609375,-0.9387054443359375,-0.07412498530446074,-0.3517847005573185,-0.9665859938283246
1789899626.534543,-0.0665435791015625,-0.397491455078125,-0.961334228515625,-0.07260870406388109,-0.36092605146147977,-0.9655356407657847
1789899626.63395,-0.0460357666015625,-0.2962646484375,-0.9847564697265625,-0.06729411657141737,-0.3479937708566838,-0.9693798065579403
1789899626.7336001,-0.072845458984375,-0.3439788818359375,-1.0016937255859375,-0.0684043850540089,-0.34719079305253453,-0.9758425903635398
1789899626.833117,-0.094390869140625,-0.3328704833984375,-0.9924468994140625,-0.07360168187133213,-0.34432673112171513,-0.9791634521736443
1789899626.932797,-0.04901123046875,-0.34295654296875,-0.9737396240234375,-0.06868359159081572,-0.3440526934911221,-0.978078686543603
1789899627.032306,-0.0275726318359375,-0.40069580078125,-0.8608856201171875,-0.060461399639840076,-0.3553813149491477,-0.95464007325832
1789899627.13182,-0.0075225830078125,-0.350433349609375,-0.9288177490234375,-0.04987363631343456,-0.35439172188119317,-0.9494756084113436
1789899627.2310472,-0.0160980224609375,-0.3145599365234375,-0.96234130859375,-0.04311851354293515,-0.34642536480964203,-0.9520487484478249
1789899627.3305578,-0.0025177001953125,-0.3540191650390625,-0.9936981201171875,-0.034998350873410626,-0.34794412485552617,-0.9603786227816975
1789899627.430218,0.035919189453125,-0.361297607421875,-1.003387451171875,-0.020814842808103504,-0.35061482136879596,-0.968980388459733
1789899627.529986,0.0203704833984375,-0.309814453125,-0.960113525390625,-0.012577777566795303,-0.34245474772003676,-0.9672070158459115
1789899627.629534,0.0056915283203125,-0.32501220703125,-0.9603424072265625,-0.008923916389373744,-0.3389662395822794,-0.9658340941220418
1789899627.728706,-0.01031494140625,-0.37542724609375,-0.9548797607421875,-0.009202121392748995,-0.3462584408845735,-0.963643227446071
1789899627.828265,-0.007843017578125,-0.344146728515625,-1.010528564453125,-0.008930300629824197,-0.34583609841078383,-0.9730202948474818
1789899627.927748,-0.0087890625,-0.3444671630859375,-1.0352630615234375,-0.008902053003859357,-0.34556231134581455,-0.985468848182673
1789899628.027299,0.0155487060546875,-0.430389404296875,-1.0115203857421875,-0.004011901192149986,-0.36252772993602667,-0.990679155694576
1789899628.127026,0.02117919921875,-0.37091064453125,-0.9654693603515625,0.0010263188900300115,-0.3642043128550714,-0.9856371966259733
1789899628.226438,0.02294921875,-0.4225006103515625,-0.9777984619140625,0.005410898862024009,-0.3758635723543696,-0.9840694496835911
1789899628.325824,-0.0059661865234375,-0.4199676513671875,-0.952239990234375,0.003135481784931708,-0.3846843881569332,-0.9777035577937478
1789899628.4254909,0.045562744140625,-0.349700927734375,-0.9880218505859375,0.011620934256070367,-0.3776876960724216,-0.9797672163521858
1789899628.5248199,0.0123138427734375,-0.3484649658203125,-0.9957733154296875,0.011759515959543793,-0.3718431500219998,-0.9829684361676863
1789899628.62431,0.0228729248046875,-0.4049072265625,-0.9947357177734375,0.013982197728572534,-0.37845596533009984,-0.9853218924888365
1789899628.72388,0.057220458984375,-0.3885498046875,-0.98919677734375,0.022629849979733028,-0.3804747332015799,-0.9860968694598192
1789899628.823285,0.0824737548828125,-0.3261871337890625,-1.021636962890625,0.034598630960348924,-0.36961721331907643,-0.9932048881459805
1789899628.9228601,0.10626220703125,-0.240814208984375,-1.025970458984375,0.04893134617452914,-0.34385661245213617,-0.9997580023136594
1789899629.0223742,0.117431640625,-0.2371063232421875,-0.991180419921875,0.06263140506462332,-0.32250655461014643,-0.9980424858353025
1789899629.122026,0.1529693603515625,-0.16156005859375,-0.9930419921875,0.08069899612201116,-0.29031725540686715,-0.9970423871057421
1789899629.2333279,0.1062164306640625,-0.0653839111328125,-1.002655029296875,0.08580248303042143,-0.24533058655205622,-0.9981649155439687
1789899629.331073,0.1236572265625,-0.071136474609375,-0.9709930419921875,0.09337343173683715,-0.21049176416351997,-0.9927305408336125
1789899629.44026,0.1328125,-0.0986785888671875,-0.977447509765625,0.10126124538946973,-0.18812912910425347,-0.989673934620015
1789899629.539726,0.136444091796875,-0.0895843505859375,-0.95965576171875,0.10829781467095079,-0.1684201734005903,-0.9836703000397621
1789899629.6392899,0.121978759765625,-0.089996337890625,-0.971923828125,0.11103400368988564,-0.15273540629859725,-0.9813210056568098
1789899629.73874,0.154571533203125,-0.066497802734375,-0.9886322021484375,0.11974150959253352,-0.1354878855857528,-0.9827832449551355
1789899629.838296,0.1377105712890625,-0.1100006103515625,-1.005889892578125,0.12333532193183933,-0.13039043053891475,-0.9874045744797334
1789899629.937729,0.1309814453125,-0.079132080078125,-0.9554595947265625,0.12486454660797147,-0.1201387604467568,-0.9810155785290993
1789899630.037216,0.1379547119140625,-0.13555908203125,-1.0337371826171875,0.1274825796691897,-0.12322282476365544,-0.991559899346717
1789899630.136935,0.135772705078125,-0.2114715576171875,-0.9760894775390625,0.12914060475097675,-0.14087257133436187,-0.9884658149851862
1789899630.236414,0.1362457275390625,-0.115753173828125,-0.945098876953125,0.13056162930859389,-0.13584869183311452,-0.9797924273787739
1789899630.335844,0.097930908203125,-0.1537933349609375,-1.00347900390625,0.12403548508750012,-0.13943762045867913,-0.9845297426842692
1789899630.4353728,0.1040496826171875,-0.1505889892578125,-1.0064697265625,0.1200383245934376,-0.1416678942185058,-0.9889177394599153
1789899630.53506,0.104827880859375,-0.1148529052734375,-0.9898834228515625,0.1169962358466251,-0.13630489642949215,-0.9891108761382448
1789899630.6342711,0.12762451171875,-0.1321868896484375,-1.0106658935546875,0.11912189102105009,-0.13548129507328122,-0.9934218796215334
1789899630.734256,0.1078948974609375,-0.083984375,-1.017791748046875,0.11687649230902757,-0.12518191105862497,-0.9982958533066018
1789899630.833465,0.1063385009765625,-0.105926513671875,-1.0320892333984375,0.11476889404253456,-0.12133083158127497,-1.0050545293249689
1789899630.9327688,0.1022796630859375,-0.1158905029296875,-1.0421142578125,0.11227104785121515,-0.12024276585095749,-1.0124664750224752
1789899631.03248,0.0916748046875,-0.116119384765625,-0.990203857421875,0.10815179921847214,-0.119418089633891,-1.0080139515023552
1789899631.131984,0.1070709228515625,-0.102935791015625,-0.982879638671875,0.10793562394509021,-0.1161216299102378,-1.002987088936259
1789899631.233111,0.1018524169921875,-0.0930633544921875,-0.9666595458984375,0.10671898255450968,-0.11150997482662775,-0.9957215803286947
1789899631.330873,0.1181182861328125,-0.092681884765625,-0.9637603759765625,0.10899884327017025,-0.1077443568144272,-0.9893293394582683
1789899631.430517,0.09197998046875,-0.0639190673828125,-0.9630584716796875,0.1055950707098862,-0.09897929892810427,-0.9840751659025522
1789899631.530603,0.07623291015625,-0.04595947265625,-0.9915008544921875,0.09972263859915896,-0.08837533367373342,-0.9855603036204793
1789899631.62991,0.0753936767578125,0.0191192626953125,-1.032867431640625,0.09485684623088968,-0.06687641439992423,-0.9950217292245085
1789899631.729591,0.12322998046875,-0.0033111572265625,-1.0339813232421875,0.10053147307846175,-0.054163362965251885,-1.0028136480280443
1789899631.8286471,0.0930938720703125,-0.019317626953125,-0.97821044921875,0.0990439528768319,-0.04719421576282651,-0.9978930082661854
1789899631.928196,0.102081298828125,0.0124664306640625,-0.9503173828125,0.09965142206709053,-0.03526208647744871,-0.9883778831754484
1789899632.027746,0.0744476318359375,-0.01226806640625,-0.980560302734375,0.09461066402085994,-0.030663282463208968,-0.9868143670872338
1789899632.127203,0.060821533203125,0.036163330078125,-1.024993896484375,0.08785283785731295,-0.017297959954942176,-0.9944502729666621
1789899632.226588,0.0745697021484375,0.0024261474609375,-1.0447540283203125,0.08519621071553787,-0.013353138471766241,-1.0045110240373922
1789899632.3261929,0.0997467041015625,-0.0207672119140625,-1.0503387451171875,0.0881063093927428,-0.014835953160225495,-1.0136765682533513
1789899632.425723,0.088653564453125,-0.0512542724609375,-0.9411468505859375,0.08821576040481925,-0.022119617020367896,-0.9991706247198686
1789899632.525132,0.12445068359375,-0.0938720703125,-1.014129638671875,0.09546274504260541,-0.036470107678794314,-1.00216242751027
1789899632.624745,0.08038330078125,-0.04583740234375,-1.0056915283203125,0.09244685619033434,-0.03834356661178545,-1.0028682476722786
1789899632.724215,0.0985565185546875,-0.0676116943359375,-1.0067596435546875,0.09366878866320498,-0.04419719215661586,-1.0036465268487604
1789899632.823841,0.0628662109375,-0.0698089599609375,-0.9793701171875,0.08750827311806399,-0.04931954571748019,-0.9987912449165084
1789899632.9231858,0.0788421630859375,-0.0830078125,-0.998260498046875,0.08577505111163869,-0.056057199073984154,-0.9986850955425818
1789899633.022777,0.0840606689453125,-0.02764892578125,-1.02569580078125,0.08543217467837345,-0.050375544415437325,-1.0040872365903155
1789899633.122273,0.081787109375,0.0059814453125,-1.001434326171875,0.08470316161769877,-0.03910414646984986,-1.0035566545066275
1789899633.22177,0.1040496826171875,-0.0122833251953125,-0.9994964599609375,0.08857246581759652,-0.03373998221494239,-1.0027446155974895
1789899633.321099,0.07342529296875,-0.00396728515625,-0.9535369873046875,0.08554303124782722,-0.027785442803203914,-0.9929030899389291
1789899633.42081,0.0755767822265625,-0.061126708984375,-0.971954345703125,0.08354978144357429,-0.03445369603943813,-0.9887133410917682
1789899633.520302,0.0574188232421875,-0.0350189208984375,-0.997344970703125,0.07832358980329694,-0.03456674101123801,-0.9904396670140396
1789899633.61977,0.08172607421875,-0.08319091796875,-1.06951904296875,0.07900408668638756,-0.04429157640274041,-1.0062555422049817
1789899633.71944,0.071746826171875,-0.060089111328125,-1.008026123046875,0.07755263458348505,-0.047451083387817325,-1.0066096583733604
1789899633.819075,0.0793914794921875,-0.0669708251953125,-0.991363525390625,0.07792040356522555,-0.05135503174931637,-1.0035604317768132
1789899633.918386,0.0740509033203125,-0.0394744873046875,-0.980926513671875,0.07714650351624294,-0.0489789228603906,-0.9990336481558255
1789899634.017983,0.0613861083984375,-0.0647735595703125,-0.9858245849609375,0.07399442449268186,-0.052137850202374984,-0.996391835516848
1789899634.1179528,0.0590057373046875,-0.0406951904296875,-1.0085906982421875,0.070996687055083,-0.04984931824783749,-0.998831608061916
1789899634.2172642,0.0654754638671875,0.006744384765625,-1.0297698974609375,0.0698924424175039,-0.038530577645144996,-1.0050192659417203
1789899634.3165278,0.081085205078125,-0.066619873046875,-0.973876953125,0.07213099494962813,-0.044148436725491,-0.9987908033783763
1789899634.41602,0.0723114013671875,-0.034698486328125,-1.0190277099609375,0.07216707623314,-0.04225844664601781,-1.0028381846948886
1789899634.515557,0.0723876953125,-0.030731201171875,-1.0119476318359375,0.072211200049012,-0.03995299755118925,-1.0046600741230984
1789899634.614831,0.0711669921875,-0.059295654296875,-0.9867706298828125,0.0720023584767096,-0.04382152890032641,-1.0010821852750413
1789899634.714635,0.07550048828125,-0.0683746337890625,-0.991607666015625,0.07270198443761769,-0.04873214987807363,-0.9991872814231582
1789899634.813998,0.04974365234375,-0.0519561767578125,-0.996795654296875,0.06811031801884415,-0.04937695525402141,-0.9987089559979017
1789899634.913604,0.058868408203125,-0.075439453125,-1.0243682861328125,0.06626193605570033,-0.05458945482821713,-1.003840822024884
1789899635.012991,0.0736083984375,-0.0343170166015625,-1.0184478759765625,0.06773122853206026,-0.050534967182886206,-1.0067622328152197
1789899635.112901,0.0323028564453125,-0.0615234375,-1.0007171630859375,0.06064555411471071,-0.052732661246308966,-1.0055532188693634
1789899635.2120318,0.0638580322265625,-0.10272216796875,-0.9364776611328125,0.061288049737081074,-0.06273056259079718,-0.9917381073220533
1789899635.311542,0.0645904541015625,-0.083953857421875,-1.010894775390625,0.06194853060997736,-0.06697522155701274,-0.9955694409357676
1789899635.411063,0.0793609619140625,-0.0667266845703125,-1.003692626953125,0.06543101687079439,-0.0669255141596727,-0.9971940781392391
1789899635.510473,0.095184326171875,-0.068450927734375,-0.982330322265625,0.07138167873101052,-0.06723059687461316,-0.9942213269645163
1789899635.609772,0.074432373046875,0.01043701171875,-0.9954681396484375,0.07199181759418342,-0.05169707515594053,-0.9944706895013006
1789899635.709568,0.055755615234375,0.0128021240234375,-0.9804229736328125,0.06874457712222175,-0.038797235320064925,-0.9916611463276029
1789899635.809818,0.0790863037109375,-0.036773681640625,-0.9925994873046875,0.0708129224399649,-0.03839252458417694,-0.99184881452302
1789899635.908584,0.0624237060546875,-0.079986572265625,-0.977569580078125,0.06913507916290942,-0.046711334120466554,-0.988992967634041
1789899636.008106,0.0523223876953125,-0.05712890625,-1.000030517578125,0.06577254086939004,-0.04879484854637325,-0.9912004776228578
1789899636.107759,0.071380615234375,-0.0483551025390625,-1.0580291748046875,0.06689415574238704,-0.048706899344911105,-1.0045662170592238
1789899636.207113,0.0760498046875,-0.0242156982421875,-0.997833251953125,0.06872528553140964,-0.043808659124366385,-1.003219624038004
1789899636.306625,0.0594940185546875,-0.003509521484375,-0.998016357421875,0.0668790321360652,-0.03574883159636811,-1.0021789707147783
1789899636.406167,0.06573486328125,0.040496826171875,-0.9866790771484375,0.06665019836510216,-0.02049970004271949,-0.9990789920015102
1789899636.5056071,0.0782623291015625,-0.04840087890625,-0.9668121337890625,0.06897262451239423,-0.026079935815425594,-0.9926256203590207
1789899636.605155,0.04144287109375,-0.1252899169921875,-1.043609619140625,0.06346667382866539,-0.04592193205077798,-1.0028224201153415
1789899636.7046142,0.03204345703125,-0.0430755615234375,-0.9951171875,0.05718203046918231,-0.045352657945309884,-1.0012813735922732
1789899636.8044581,0.0609283447265625,-0.0163421630859375,-0.9188232421875,0.05793129332065835,-0.03955055897343541,-0.9847897473113185
1789899636.903584,0.063232421875,-0.0323638916015625,-1.0230560302734375,0.05899151903152668,-0.038113225499060835,-0.9924430039037424
1789899637.003191,0.0410614013671875,-0.0360565185546875,-1.01580810546875,0.05540549549865885,-0.03770188411018617,-0.997116024216744
1789899637.102854,0.047271728515625,-0.0174560546875,-1.003387451171875,0.05377874210205208,-0.03365271822564894,-0.9983703096077702
1789899637.202162,0.0766448974609375,-0.0031585693359375,-0.9733123779296875,0.05835197317382917,-0.027553888447706655,-0.9933587232721537
1789899637.30182,0.088165283203125,-0.01416015625,-0.9236907958984375,0.06431463517968834,-0.024875142008165325,-0.9794251377974105
1789899637.40133,0.070526123046875,-0.0506134033203125,-0.9088897705078125,0.06555693275312569,-0.030022794270594764,-0.965318064339491
1789899637.501045,0.0237884521484375,-0.1124114990234375,-0.97467041015625,0.057203236632188056,-0.04650053522116331,-0.9671885335028427
1789899637.600618,0.0559844970703125,-0.1131439208984375,-1.156463623046875,0.05695948871981295,-0.05982921235661815,-1.0050435514116494
1789899637.699949,0.0401763916015625,-0.1226348876953125,-1.0559844970703125,0.05360286929616286,-0.07239034742435702,-1.0152317405433822
1789899637.7997131,0.043365478515625,-0.0160064697265625,-1.0276031494140625,0.05155539114005529,-0.061113571884798115,-1.0177060223175183
1789899637.898747,0.058074951171875,0.01214599609375,-0.9892425537109375,0.052859303146419234,-0.0464616582890885,-1.012013328596202
1789899637.998516,0.0848541259765625,-0.05517578125,-0.9750823974609375,0.059258267712447896,-0.0482044828812708,-1.0046271423691493
1789899638.098034,0.0761566162109375,0.0269775390625,-1.0579376220703125,0.06263793741214582,-0.03316807849251664,-1.0152892383093821
1789899638.197422,0.061248779296875,0.03839111328125,-0.9801788330078125,0.062360105789091666,-0.018856240137763314,-1.0082671572490682
1789899638.297217,0.0534820556640625,-0.0725250244140625,-0.975982666015625,0.06058449576408584,-0.02958999699302315,-1.0018102590023796
1789899638.396496,0.06890869140625,-0.08465576171875,-0.9568634033203125,0.06224933489251867,-0.04060314993816852,-0.9928208878659663
1789899638.495977,0.0499725341796875,-0.0758514404296875,-0.960479736328125,0.05979397474995244,-0.047652808036472316,-0.9863526575583981
1789899638.595566,0.0325927734375,-0.0349273681640625,-1.0185089111328125,0.05435373448746196,-0.04510772006199036,-0.992783908273281
1789899638.695044,0.0390625,-0.0645294189453125,-1.0260009765625,0.051295487589969574,-0.048992059838654796,-0.9994273219311248
1789899638.794855,0.04595947265625,-0.078277587890625,-1.018707275390625,0.05022828460322566,-0.05484916544904884,-1.003283312623025
1789899638.894026,0.03131103515625,0.0209197998046875,-1.05426025390625,0.046444834713830534,-0.03969537239830158,-1.01347870087967
1789899638.993614,0.0105743408203125,0.158538818359375,-1.0915985107421875,0.03927073593512693,-4.8534246766263056e-05,-1.0291026628521736
1789899639.0931,0.016571044921875,0.0034637451171875,-1.0288543701171875,0.03473079773247654,0.0006539216260244896,-1.0290530043051764
1789899639.192861,0.06060791015625,-0.118865966796875,-0.9280242919921875,0.03990622021723123,-0.02325005605855541,-1.0088472618425788
1789899639.292029,0.016815185546875,-0.06207275390625,-0.89697265625,0.03528801328315999,-0.031014595628094326,-0.9864723407240631
1789899639.3915958,0.0591888427734375,-0.07965087890625,-0.9780120849609375,0.040068179181215496,-0.04074185228372546,-0.984780289571438
1789899639.491033,0.033203125,-0.11138916015625,-0.8966827392578125,0.0386951683449724,-0.054871313858230374,-0.9671607795087129
1789899639.590569,0.02069091796875,-0.056396484375,-0.9518585205078125,0.03509431826972792,-0.0551763479615843,-0.9641003277085329
1789899639.690067,0.015472412109375,-0.0279693603515625,-0.995849609375,0.031169937037657337,-0.04973495043957994,-0.9704501840418265
1789899639.789748,0.050537109375,-0.05255126953125,-1.021087646484375,0.035043371505125875,-0.05029821425791396,-0.9805776765303362
1789899639.889494,0.0243682861328125,-0.05389404296875,-0.994720458984375,0.0329083544306632,-0.05101738000008117,-0.983406233021144
1789899639.988632,0.02789306640625,-0.1033782958984375,-0.9871063232421875,0.03190529682578056,-0.06148956317975244,-0.9841462510653527
1789899640.088337,0.060302734375,-0.118133544921875,-0.9137420654296875,0.037584784335624455,-0.07281835952817695,-0.9700654139382197
1789899640.187644,0.0499114990234375,-0.0438690185546875,-0.898529052734375,0.04005012727318706,-0.06702849133347906,-0.9557581416974508
1789899640.287111,0.0381011962890625,-0.0487213134765625,-0.94305419921875,0.039660341076362154,-0.06336705576209575,-0.9532173532017107
1789899640.386714,0.0021514892578125,-0.1092529296875,-0.8401947021484375,0.03215857071265222,-0.0725442305471766,-0.9306128229910561
1789899640.4862351,-0.0098114013671875,-0.0632171630859375,-1.00347900390625,0.023764576296684277,-0.07067881705492879,-0.9451860591740949
1789899640.585864,-0.00970458984375,-0.0898895263671875,-1.0584716796875,0.017070743068597422,-0.07452095891738053,-0.967843183276776
1789899640.685602,0.0116119384765625,-0.1006011962890625,-1.0511016845703125,0.01597898215019044,-0.07973700639171694,-0.9844948835354833
1789899640.785456,-0.00762939453125,0.0649871826171875,-1.1550445556640625,0.011257306813902352,-0.05079216858993604,-1.018604817961199
1789899640.884254,-0.004302978515625,-0.0123291015625,-0.942291259765625,0.008145249747996882,-0.043099555184448836,-1.0033421063220842
1789899640.983607,0.0181427001953125,0.128997802734375,-1.0394134521484375,0.010144739837460006,-0.00868008360068407,-1.010556375487355
1789899641.083487,0.0163421630859375,0.060546875,-0.998809814453125,0.011384224487155505,0.005165308119452744,-1.0082070632805091
1789899641.183003,-0.028717041015625,-0.0341644287109375,-0.9640960693359375,0.0033639713865994047,-0.0027006392466253047,-0.9993848644915948
1789899641.282435,-0.071746826171875,-0.015380859375,-1.0284881591796875,-0.011658188125095477,-0.005236683272300244,-1.0052055234292134
1789899641.3818011,-0.0816802978515625,-0.070404052734375,-1.013885498046875,-0.025662610070388885,-0.018270157164715195,-1.0069415183527457
1789899641.4814038,-0.0805206298828125,-0.055084228515625,-0.97296142578125,-0.03663421403287361,-0.025632971434897157,-1.0001454998384467
1789899641.580927,-0.089324951171875,-0.0457000732421875,-0.9344940185546875,-0.04717236146067389,-0.029646391796355226,-0.9870152035816949
1789899641.680407,-0.0972747802734375,-0.0498809814453125,-0.9411773681640625,-0.05719284522322662,-0.03369330972614668,-0.9778476364981685
1789899641.780091,-0.08740234375,-0.0516204833984375,-0.923187255859375,-0.0632347449285813,-0.03727874446060485,-0.9669155603704099
1789899641.879311,-0.07073974609375,0.06158447265625,-1.048675537109375,-0.06473574516161505,-0.01750610103723388,-0.9832675557182029
1789899641.978956,-0.088226318359375,0.0268402099609375,-1.053314208984375,-0.06943385980116704,-0.008636838837599605,-0.9972768863714374
1789899642.078728,-0.0435638427734375,0.018218994140625,-0.99371337890625,-0.06425985639562112,-0.0032656722419546844,-0.9965641848784
1789899642.17806,-0.0478515625,0.04010009765625,-0.9864959716796875,-0.06097819761649691,0.005407481737686253,-0.9945505422386576
1789899642.277437,-0.042205810546875,0.0388946533203125,-0.9930572509765625,-0.057223720202572534,0.012104916054211504,-0.9942518839862386
1789899642.3769798,-0.04901123046875,-0.0343475341796875,-0.9886932373046875,-0.055581222255808034,0.002814426007431703,-0.9931401546499284
1789899642.47646,-0.044219970703125,0.0464935302734375,-1.0412445068359375,-0.05330897194527143,0.011550246860632862,-1.0027610250871304
1789899642.575848,-0.058258056640625,0.0627899169921875,-0.9873046875,-0.05429878888434214,0.02179818088694379,-0.9996697575697044
1789899642.67541,-0.1248321533203125,-0.04571533203125,-1.0175018310546875,-0.06840546177153621,0.008295478303305032,-1.0032361722667011
1789899642.774881,-0.037994384765625,0.0479278564453125,-1.00518798828125,-0.06232324637035397,0.01622195393170653,-1.003626535469611
1789899642.874346,-0.0706329345703125,0.00067138671875,-1.0390777587890625,-0.06398518401034568,0.013111840489115224,-1.0107167801335013
1789899642.973903,-0.0704803466796875,0.0555419921875,-1.0857391357421875,-0.06528421654421405,0.02159787082879218,-1.0257212512552387
1789899643.0734859,-0.1095733642578125,-0.0626373291015625,-1.0075836181640625,-0.07414204608693374,0.0047508308427212445,-1.0220937246370037
1789899643.172985,-0.105072021484375,-0.0514068603515625,-1.050537109375,-0.08032804116642199,-0.006480707396135505,-1.027782401584603
1789899643.272575,-0.0754547119140625,-0.0810546875,-0.994354248046875,-0.07935337531595009,-0.021395503416908407,-1.0210967708770575
1789899643.371999,-0.0781707763671875,-0.1036529541015625,-0.9749755859375,-0.07911685552619759,-0.03784699355383923,-1.011872533889146
1789899643.4717689,-0.1010894775390625,-0.104766845703125,-0.981475830078125,-0.08351137992877057,-0.05123096398369638,-1.005793193126942
1789899643.5711799,-0.0703582763671875,-0.0314483642578125,-0.9153900146484375,-0.08088075921645396,-0.0472744440385196,-0.9877125574312411
1789899643.670443,-0.1067657470703125,-0.0343475341796875,-1.0300750732421875,-0.08605775678722569,-0.04468906206675319,-0.9961850605934305
1789899643.770288,-0.106048583984375,-0.1407928466796875,-0.9710693359375,-0.09005592222665555,-0.06390981898934006,-0.9911619156622444
1789899643.869649,-0.0096893310546875,0.07293701171875,-1.0487213134765625,-0.07398260399226195,-0.03654045284772205,-1.0026737952251081
1789899643.969507,-0.1118011474609375,-0.02178955078125,-1.0220184326171875,-0.08154631268599706,-0.033590272434427644,-1.006542722703524
1789899644.0691571,-0.075103759765625,-0.1256561279296875,-0.9795379638671875,-0.08025780210192265,-0.05200344353347962,-1.0011417709362567
1789899644.168565,-0.061798095703125,-0.0095672607421875,-0.959259033203125,-0.07656586082216313,-0.0435162069752212,-0.9927652233896305
1789899644.267695,-0.09893798828125,-0.0628204345703125,-0.973297119140625,-0.08104028631398051,-0.04737705249423946,-0.9888716025398294
1789899644.367091,-0.061126708984375,-0.071197509765625,-0.9403839111328125,-0.0770575708480594,-0.05214114394851657,-0.9791740642584261
1789899644.46698,-0.0840606689453125,-0.064453125,-0.9944000244140625,-0.07845819046751003,-0.05460354015881326,-0.9822192562895535
1789899644.566136,-0.0954132080078125,-0.0906982421875,-0.9984893798828125,-0.08184919397557053,-0.061822480564550614,-0.9854732810082054
1789899644.665609,-0.091796875,-0.016693115234375,-0.973175048828125,-0.08383873018045643,-0.052796607498515495,-0.9830136345721894
1789899644.765295,-0.052581787109375,-0.0198211669921875,-0.9760589599609375,-0.07758734156624014,-0.0462015193972499,-0.9816226996499391
1789899644.865199,-0.0756683349609375,-0.01971435546875,-1.0447998046875,-0.07720354024517961,-0.04090408661154993,-0.9942581206574513
1789899644.964453,-0.0688934326171875,0.027923583984375,-1.010589599609375,-0.0755415187195812,-0.027138552492364944,-0.9975244164478361
1789899645.0646849,-0.09503173828125,-0.034576416015625,-0.98052978515625,-0.07943956263191497,-0.028626125197016957,-0.9941254901895189
1789899645.1633592,-0.069671630859375,-0.0341796875,-0.8664398193359375,-0.07748597627740697,-0.029736837657613566,-0.9685883560188027
1789899645.262864,-0.064208984375,-0.0122222900390625,-0.9851226806640625,-0.07483057789692558,-0.026233928133903354,-0.9718952209478546
1789899645.362318,-0.0756988525390625,-0.0295867919921875,-0.97113037109375,-0.07500423282535297,-0.026904500905560184,-0.9717422509770338
1789899645.461951,-0.0572662353515625,0.0409393310546875,-1.0368499755859375,-0.07145663333059488,-0.013335734513510647,-0.9847637958988147
1789899645.561485,-0.0435333251953125,0.0043182373046875,-1.02386474609375,-0.06587197170353841,-0.009804940149871018,-0.9925839859378018
1789899645.660991,-0.049102783203125,-0.058837890625,-0.9781494140625,-0.06251813400345574,-0.019611530244896813,-0.9896970715627416
1789899645.7604198,-0.0729522705078125,-0.0390777587890625,-0.9742279052734375,-0.0646049613043271,-0.02350477595372995,-0.9866032383048808
1789899645.859889,-0.0949859619140625,-0.03619384765625,-1.005706787109375,-0.07068116142627417,-0.026042590294233964,-0.9904239480657797
1789899645.959372,-0.0868682861328125,-0.0409393310546875,-1.0216064453125,-0.07391858636758185,-0.029021938446324676,-0.9966604475151238
1789899646.059114,-0.1067657470703125,-0.0457916259765625,-1.0648345947265625,-0.08048801850812798,-0.03237587595237224,-1.0102952769574116
1789899646.15833,-0.116363525390625,-0.0313568115234375,-1.1029510498046875,-0.08766311988462738,-0.032172063066585294,-1.028826431526867
1789899646.257917,-0.1061248779296875,-0.007110595703125,-0.9870452880859375,-0.09135547149363941,-0.027159769593893237,-1.020470202838681
1789899646.357595,-0.0977020263671875,-0.0452423095703125,-1.0185394287109375,-0.09262478246834904,-0.03077627758917709,-1.0200840480131323
1789899646.4570289,-0.1117095947265625,-0.119293212890625,-0.975311279296875,-0.09644174491999173,-0.04847966464946668,-1.011129494269881
1789899646.556491,-0.1053924560546875,-0.0264739990234375,-0.9346771240234375,-0.0982318871469309,-0.04407853152426085,-0.9958390202205923
1789899646.655946,-0.0858917236328125,0.014373779296875,-1.0034637451171875,-0.09576385444410723,-0.032388069360033675,-0.9973639651999114
1789899646.7555718,-0.0840301513671875,0.044403076171875,-0.9578094482421875,-0.09341711382872328,-0.01702984025365194,-0.9894530618083668
1789899646.855032,-0.0852508544921875,-0.005828857421875,-0.982269287109375,-0.09178386196141614,-0.014789643687296553,-0.9880163068685686
1789899646.954526,-0.14337158203125,-0.0263671875,-0.9574737548828125,-0.1021014059753829,-0.017105152449837242,-0.9819077964714175
1789899647.0542989,-0.0700225830078125,0.1148223876953125,-1.0936431884765625,-0.09568564138186883,0.009280355579192705,-1.0042548748724465
1789899647.1537352,-0.1158447265625,0.020843505859375,-1.080810546875,-0.09971745841799506,0.011592985635229165,-1.0195660092729573
1789899647.253097,-0.10516357421875,-0.078582763671875,-0.928375244140625,-0.10080668157814607,-0.006442164226191668,-1.001327856246491
1789899647.352602,-0.100677490234375,-0.0391845703125,-0.944427490234375,-0.10078084330939187,-0.012990645443453335,-0.9899477830440678
1789899647.45216,-0.119140625,-0.0062713623046875,-0.9849700927734375,-0.1044527996475135,-0.011646788815700169,-0.9889522449899417
1789899647.551731,-0.12579345703125,0.097503662109375,-1.01055908203125,-0.1087209311242608,0.010183301369314864,-0.9932736123982034
1789899647.651185,-0.1141510009765625,-0.034942626953125,-1.0329742431640625,-0.10980694509472115,0.0011581157048268908,-1.0012137385513753
1789899647.75074,-0.0968780517578125,0.02130126953125,-1.045196533203125,-0.10722116642733943,0.005186746470111513,-1.0100102974817253
1789899647.850471,-0.1230316162109375,0.07672119140625,-1.017669677734375,-0.11038325638405906,0.01949363545733921,-1.0115421735322554
1789899647.949691,-0.076324462890625,0.0565185546875,-0.95794677734375,-0.10357149768537224,0.02689861930337137,-1.0008230942945544
1789899648.049749,-0.1118621826171875,0.0321807861328125,-0.9994964599609375,-0.1052296346717353,0.027955052669259597,-1.0005577674278312
1789899648.1491342,-0.1367950439453125,0.052337646484375,-1.0377960205078125,-0.11154271652645074,0.03283157143228268,-1.0080054180438276
1789899648.2482781,-0.1259918212890625,0.0037384033203125,-1.01910400390625,-0.11443253747897311,0.027012937809888643,-1.010225135216312
1789899648.348009,-0.1762237548828125,-0.0186004638671875,-0.9320068359375,-0.126790780959741,0.017890257474473415,-0.9945814753605497
1789899648.447325,-0.1285247802734375,-0.0444793701171875,-0.972625732421875,-0.1271375808224803,0.005416331956141232,-0.9901903267728148
1789899648.546669,-0.13525390625,0.0306396484375,-0.930419921875,-0.12876084590798426,0.010460995252412987,-0.9782362457932519
1789899648.646284,-0.1697235107421875,-0.0286102294921875,-1.021942138671875,-0.13695337887482492,0.0026467503034928903,-0.9869774243689766
1789899648.745809,-0.1602630615234375,-0.0404052734375,-1.0310821533203125,-0.14161531540454744,-0.005963654444705688,-0.9957983701592438
1789899648.845317,-0.158782958984375,-0.0109405517578125,-1.0247039794921875,-0.14504884412051297,-0.00695903390732705,-1.0015794920258325
1789899648.9448051,-0.183380126953125,-0.0738677978515625,-0.9616851806640625,-0.1527151006870354,-0.020340786696174142,-0.9936006297534785
1789899649.044481,-0.19158935546875,-0.086761474609375,-0.93060302734375,-0.16048995164337831,-0.03362492427881432,-0.9810011092715328
1789899649.143738,-0.2320556640625,-0.0207672119140625,-0.882537841796875,-0.17480309412720266,-0.031053381805863957,-0.9613084557766013
1789899649.243279,-0.195404052734375,-0.02020263671875,-0.987579345703125,-0.17892328584863715,-0.028883232788441165,-0.9665626337619061
1789899649.342681,-0.1912994384765625,-0.0633087158203125,-0.8918304443359375,-0.18139851637422222,-0.03576832939481543,-0.9516161958767124
1789899649.442246,-0.2027130126953125,-0.1067352294921875,-0.96221923828125,-0.18566141563844027,-0.049961709414289845,-0.95373680435762
1789899649.5417662,-0.1649932861328125,-0.0757904052734375,-1.0046844482421875,-0.18152778973731473,-0.05512744858611938,-0.9639263331345335
1789899649.641306,-0.1410369873046875,-0.0363922119140625,-0.957855224609375,-0.1734296292507893,-0.05138040125170801,-0.9627121114295019
1789899649.740835,-0.1006927490234375,-0.0357513427734375,-0.9705657958984375,-0.15888225320531896,-0.048254589556053905,-0.964282848323289
1789899649.8403668,-0.0841217041015625,-0.175628662109375,-1.00213623046875,-0.14393014338456767,-0.07372940406671813,-0.9718535247523812
1789899649.939944,-0.0240478515625,-0.028106689453125,-0.8980255126953125,-0.11995368502015413,-0.0646048611439995,-0.9570879223409675
1789899650.039682,-0.0606231689453125,-0.006072998046875,-0.9580841064453125,-0.10808758180518582,-0.052898488524574606,-0.9572871591618366
1789899650.1388779,-0.042266845703125,-0.0045318603515625,-0.9905853271484375,-0.09492343458477366,-0.04322516288997219,-0.9639467927591568
1789899650.238421,-0.1013946533203125,0.0721282958984375,-0.967803955078125,-0.09621767833188144,-0.020154471132290255,-0.9647182252229505
1789899650.3381228,-0.096282958984375,-0.0258941650390625,-1.1217041015625,-0.09623073446238016,-0.021302409913644706,-0.9961154004908604
1789899650.437405,-0.0749969482421875,-0.020355224609375,-1.1297607421875,-0.09198397721834163,-0.021112972852790766,-1.0228444688301885
1789899650.536862,-0.067169189453125,-0.019989013671875,-0.9220428466796875,-0.08702101966529832,-0.020888181016607613,-1.0026841444000882
1789899650.636509,-0.069854736328125,-0.01922607421875,-0.897247314453125,-0.08358776299786366,-0.020555759657036092,-0.9815967784106957
1789899650.735835,-0.0650634765625,-0.006439208984375,-0.9640350341796875,-0.07988290571079093,-0.017732449522503874,-0.9780844295644942
1789899650.8356209,-0.07293701171875,-0.0188140869140625,-1.059814453125,-0.07849372691238275,-0.0179487770008156,-0.9944304342765953
1789899650.935132,-0.0644073486328125,-0.0655670166015625,-1.0650787353515625,-0.0756764512564687,-0.02747242492096498,-1.0085600944915887
1789899651.034605,-0.11016845703125,-0.118865966796875,-1.0181427001953125,-0.08257485241142495,-0.04575113329614698,-1.0104766156323335
1789899651.134115,-0.094024658203125,-0.06365966796875,-1.007781982421875,-0.08486481356976497,-0.049332840230667585,-1.0099376889902418
1789899651.2334862,-0.135528564453125,-0.1235198974609375,-0.902496337890625,-0.09499756374643697,-0.06417025167672158,-0.9884494187703186
1789899651.3330941,-0.08636474609375,-0.089141845703125,-0.90838623046875,-0.09327100021589958,-0.06916457048200227,-0.9724367811100049
1789899651.4325109,-0.0701141357421875,-0.0816192626953125,-1.0265350341796875,-0.08863962732115717,-0.07165550892466431,-0.9832564317239414
1789899651.532089,-0.0473175048828125,-0.03668212890625,-1.025604248046875,-0.08037520283348823,-0.06466083292098145,-0.9917259949885282
1789899651.631686,-0.033416748046875,-0.0295562744140625,-1.0216064453125,-0.07098351187616558,-0.05763992121959766,-0.9977020850533226
1789899651.732348,-0.0458221435546875,-0.0005340576171875,-0.99298095703125,-0.06595123821186998,-0.046218748499115635,-0.9967578594489082
1789899651.8306031,-0.05438232421875,-0.017486572265625,-0.9570159912109375,-0.06363745541324599,-0.040472313252417506,-0.9888094858013141
1789899651.930431,-0.061767578125,-0.0301361083984375,-0.9571685791015625,-0.0632634799555968,-0.03840507228162151,-0.9824813044613638
1789899652.0297508,-0.0475921630859375,-0.0279388427734375,-0.998443603515625,-0.06012921658166494,-0.03631182637998471,-0.9856737642722162
1789899652.129459,-0.0692901611328125,0.04522705078125,-1.0252838134765625,-0.06196140549189445,-0.020004050947737766,-0.9935957741130855
1789899652.229387,-0.050384521484375,-0.0070343017578125,-1.0340728759765625,-0.05964602869039057,-0.017410101109752715,-1.001691194485781
1789899652.328353,-0.04071044921875,0.0243072509765625,-1.031524658203125,-0.055858912796062456,-0.009066630692489672,-1.0076578872292496
1789899652.4278321,-0.0647125244140625,-0.0074615478515625,-0.9845733642578125,-0.05762963511966247,-0.00874561412430424,-1.0030409826349622
1789899652.527364,-0.047943115234375,-0.0663909912109375,-0.9450836181640625,-0.05569233114260498,-0.02027468954163089,-0.9914495097407824
1789899652.626946,-0.0637054443359375,0.0273284912109375,-0.9889373779296875,-0.05729495378127149,-0.010754053391117215,-0.9909470833785634
1789899652.726273,-0.0501556396484375,0.0021514892578125,-0.9832000732421875,-0.05586709095470469,-0.008172944861331272,-0.9893976813512882
1789899652.825834,-0.03839111328125,-0.0128021240234375,-0.984161376953125,-0.05237189542001376,-0.009098780693752518,-0.9883504204716557
1789899652.925309,-0.062896728515625,0.032989501953125,-0.9940185546875,-0.054476862039136015,-0.0006811241643770146,-0.9894840473148246
1789899653.024807,-0.047607421875,-0.00494384765625,-1.050872802734375,-0.05310297400630881,-0.0015336688627516117,-1.0017617983987348
1789899653.12437,-0.0694122314453125,0.0223388671875,-1.0670318603515625,-0.05636482549410955,0.003240838347298711,-1.0148158107893004
1789899653.223925,-0.0683135986328125,-0.0217437744140625,-0.9956512451171875,-0.05875458012185015,-0.001756084204973531,-1.0109828976548778
1789899653.3236399,-0.041900634765625,-0.039794921875,-0.999542236328125,-0.05538379105060512,-0.009363851738978825,-1.0086947653895273
1789899653.422742,-0.0663604736328125,-0.032470703125,-0.99945068359375,-0.0575791275670466,-0.01398522201618306,-1.0068459490303718
1789899653.522398,-0.049163818359375,-0.0143585205078125,-0.969268798828125,-0.055896065725512284,-0.01405988171450895,-0.9993305189899225
1789899653.622095,-0.068603515625,-0.051239013671875,-0.9655303955078125,-0.05843755570540983,-0.021495708105982163,-0.9925704942935006
1789899653.7213988,-0.085601806640625,-0.03558349609375,-1.0479583740234375,-0.06387040589245287,-0.024313265703535734,-1.003648070239488
1789899653.820899,-0.0579376220703125,-0.060577392578125,-1.0445404052734375,-0.0626838491280248,-0.03156609107845359,-1.011826537246278
1789899653.920428,-0.05694580078125,-0.1002044677734375,-1.0351715087890625,-0.061536239458669845,-0.04529376641745037,-1.016495531554835
1789899654.0200338,-0.058868408203125,-0.0311126708984375,-1.024169921875,-0.06100267320756088,-0.0424575473136478,-1.0180304096188681
1789899654.11944,-0.0948486328125,-0.019805908203125,-0.952484130859375,-0.0677718651285487,-0.03792721949154324,-1.0049211538669696
1789899654.219156,-0.084381103515625,0.005340576171875,-0.9481658935546875,-0.07109371280596397,-0.029273660358859595,-0.9935701018045132
1789899654.31883,-0.0761566162109375,-0.00592041015625,-0.9437255859375,-0.07210629348695867,-0.024603010318337677,-0.9836011986311106
1789899654.417947,-0.117523193359375,-0.00567626953125,-0.9571380615234375,-0.08118967346144193,-0.020817662160920146,-0.978308571209576
1789899654.517654,-0.1024017333984375,-0.0020904541015625,-0.99188232421875,-0.08543208544884104,-0.017072220549048618,-0.9810233218114109
1789899654.617286,-0.0972442626953125,0.0395050048828125,-1.0435638427734375,-0.08779452089813534,-0.005756775462676394,-0.9935314260038164
1789899654.716708,-0.071929931640625,0.0310211181640625,-1.0269012451171875,-0.08462160304663328,0.0015988032626713848,-1.0002053898264907
1789899654.8162498,-0.0638275146484375,-0.008880615234375,-0.994293212890625,-0.08046278536699414,-0.0004970804367378922,-0.9990229544393175
1789899654.915676,-0.069488525390625,0.0120697021484375,-0.9614715576171875,-0.07826793337172032,0.0020162760802971864,-0.9915126750748915
1789899655.015301,-0.0396728515625,-0.0117950439453125,-0.953765869140625,-0.07054891700987626,-0.0007459879248247511,-0.9839633138880381
1789899655.1147208,-0.096649169921875,-0.0389404296875,-0.9723052978515625,-0.07576896759227601,-0.008384876277359801,-0.9816317106807431
1789899655.214394,-0.067352294921875,-0.0185546875,-0.9688568115234375,-0.07408563305819581,-0.010418838521887842,-0.979076730849282
1789899655.3137422,-0.092437744140625,-0.08258056640625,-0.950103759765625,-0.07775605527468166,-0.024851184098760276,-0.9732821366325506
1789899655.4132152,-0.0898895263671875,0.0239410400390625,-1.089630126953125,-0.08018274949318283,-0.015092739271195723,-0.9965517346966655
1789899655.512714,-0.090301513671875,-0.0087432861328125,-1.0023651123046875,-0.08220650232892127,-0.013822848643519079,-0.99771441021827
1789899655.6125069,-0.0800323486328125,0.0013427734375,-1.006103515625,-0.08177167158969952,-0.010789724227315263,-0.999392231299616
1789899655.7117429,-0.0951385498046875,0.047393798828125,-1.09039306640625,-0.08444504723269712,0.0008469803837727902,-1.017592398320943
1789899655.811182,-0.1140594482421875,-0.02484130859375,-1.007110595703125,-0.0903679274345952,-0.004290677411731768,-1.0154960377973794
1789899655.910949,-0.092559814453125,0.0173797607421875,-1.0901947021484375,-0.09080630483830116,4.34102190520853e-05,-1.030435770667591
1789899656.0102959,-0.1144866943359375,-0.02496337890625,-1.027801513671875,-0.09554238273782843,-0.004957947606008333,-1.0299089192684479
1789899656.109786,-0.0923919677734375,-0.013275146484375,-1.003753662109375,-0.09491229974495025,-0.006621387381681667,-1.0246778678366333
1789899656.2091641,-0.1451873779296875,0.020355224609375,-1.0170135498046875,-0.1049673153818977,-0.0012260649834703336,-1.0231450042302441
1789899656.309171,-0.1069183349609375,-0.0460968017578125,-0.951904296875,-0.10535751929770568,-0.010200212338338767,-1.0088968627591954
1789899656.4085069,-0.1162109375,0.0588836669921875,-0.9655609130859375,-0.10752820293816455,0.0036165635277664865,-1.000229672824544
1789899656.5077229,-0.1180572509765625,0.0012664794921875,-0.9541015625,-0.10963401254584415,0.0031465467206506894,-0.9910040507596352
1789899656.607178,-0.1108551025390625,0.00848388671875,-0.89154052734375,-0.10987823054448782,0.004214014720270552,-0.9711113460764581
1789899656.70685,-0.1020355224609375,-0.05364990234375,-0.9055023193359375,-0.10830968892777776,-0.007358768692533559,-0.957989540728354
1789899656.8063889,-0.1164703369140625,0.0194549560546875,-1.0123443603515625,-0.10994181852503472,-0.0019960237430893474,-0.9688605046529957
1789899656.905902,-0.1028900146484375,-0.10003662109375,-0.9813690185546875,-0.10853145774971529,-0.021604143213221478,-0.9713622074333341
1789899657.0053902,-0.089599609375,-0.0608062744140625,-0.99444580078125,-0.10474508807477223,-0.029444569453389684,-0.9759789261029174
1789899657.104852,-0.071380615234375,0.008148193359375,-0.9608306884765625,-0.0980721935066928,-0.021926016890836748,-0.9729492785776465
1789899657.204365,-0.083160400390625,0.1043701171875,-1.0272369384765625,-0.09508983488347925,0.003333209924830601,-0.9838068105574298
1789899657.303798,-0.078094482421875,0.1179656982421875,-1.0395355224609375,-0.0916907643911584,0.026259707588301984,-0.9949525529381315
1789899657.4032989,-0.1069183349609375,0.00933837890625,-1.0435638427734375,-0.09473627850511424,0.02287544185189159,-1.0046748109051926
1789899657.5028539,-0.100616455078125,0.144287109375,-1.008941650390625,-0.09591231381971639,0.047157775356513276,-1.0055281788022792
1789899657.6026459,-0.099945068359375,0.1346435546875,-1.0389251708984375,-0.09671886472764812,0.06465493122271063,-1.012207577221511
1789899657.702066,-0.1097259521484375,0.0454864501953125,-0.981689453125,-0.099320282211806,0.06082123501723101,-1.0061039524022088
1789899657.8014488,-0.1077423095703125,0.0512847900390625,-1.0037689208984375,-0.1010046876835073,0.058913946021597316,-1.0056369461014547
1789899657.901027,-0.09832763671875,0.0998077392578125,-0.9599151611328125,-0.10046927749055586,0.06709270466884036,-0.9964925891077263
1789899658.0007272,-0.10943603515625,0.096099853515625,-0.965179443359375,-0.10226262902369468,0.0728941344381973,-0.9902299599580562
1789899658.099935,-0.1094970703125,0.00506591796875,-0.9314117431640625,-0.10370951728145575,0.05932849114430784,-0.9784663165992575
1789899658.199565,-0.1060333251953125,0.05902099609375,-0.91912841796875,-0.1041742788642271,0.05926699213419628,-0.9665987368731561
1789899658.29915,-0.082366943359375,0.1221771240234375,-1.00555419921875,-0.0998128117632567,0.07184901851204453,-0.9743898293422749
1789899658.3986611,-0.063629150390625,-0.0443115234375,-0.936065673828125,-0.09257607948873037,0.04861691012213563,-0.966724998239445
1789899658.4983869,-0.0469512939453125,0.0869140625,-1.0006103515625,-0.08345112238004679,0.0562763405977085,-0.9735020689040561
1789899658.598023,-0.10028076171875,0.1280364990234375,-1.0158233642578125,-0.08681705024778744,0.0706283722828543,-0.9819663279748074
1789899658.697659,-0.10675048828125,0.0907745361328125,-1.049072265625,-0.09080373785447995,0.07465760505284595,-0.995387515504846
1789899658.79655,-0.1230316162109375,0.0272064208984375,-1.0516510009765625,-0.09724931352577147,0.06516736822196427,-1.0066402125991893
1789899658.896127,-0.12530517578125,-0.0169830322265625,-0.9670867919921875,-0.10286048597686717,0.04873728813225892,-0.9987295284777891
1789899658.995687,-0.102783203125,0.05706787109375,-1.02001953125,-0.10284502940649375,0.05040340472455714,-1.0029875290322314
1789899659.0951571,-0.1163482666015625,0.117218017578125,-0.9603118896484375,-0.1055456768455075,0.06376632729527071,-0.9944524011554727
1789899659.194869,-0.15362548828125,-0.009674072265625,-0.9254608154296875,-0.11516163913265601,0.049078247383091564,-0.9806540840103157
1789899659.2943258,-0.13580322265625,-0.145050048828125,-0.93292236328125,-0.11928995583737481,0.010252588140848253,-0.9711077398645026
1789899659.3937159,-0.080963134765625,0.025299072265625,-1.0466461181640625,-0.11162459162302485,0.013261884965803604,-0.9862154155244146
1789899659.4931421,-0.1182708740234375,-0.01129150390625,-1.052154541015625,-0.11295384810310738,0.008351207191392884,-0.9994032406226567
1789899659.592867,-0.1139373779296875,0.027252197265625,-1.0569610595703125,-0.11315055406842342,0.012131405206239308,-1.0109148044121878
1789899659.6923919,-0.1075592041015625,0.04510498046875,-1.015350341796875,-0.11203228407505124,0.018726120258741447,-1.0118019118891253
1789899659.791847,-0.0951995849609375,0.00225830078125,-0.8876953125,-0.1086657442522285,0.01543255636324316,-0.9869805920113002
1789899659.891293,-0.1052703857421875,0.0001678466796875,-0.9028472900390625,-0.1079866725502203,0.012379614426532029,-0.9701539316168527
1789899659.990716,-0.121246337890625,0.06060791015625,-0.9781494140625,-0.11063860561830124,0.022025273572475627,-0.9717530281059823
1789899660.0904078,-0.1198272705078125,-0.0201568603515625,-0.9796142578125,-0.11247633859620351,0.013588846787668002,-0.9733252740472859
1789899660.189793,-0.1204681396484375,0.0407867431640625,-0.983367919921875,-0.11407469880665032,0.019028426062946902,-0.9753338032222036
1789899660.2895021,-0.1335906982421875,0.037750244140625,-0.9589691162109375,-0.11797789869375776,0.022772789678482522,-0.9720608658199504
1789899660.3892798,-0.110137939453125,0.019927978515625,-1.0228729248046875,-0.11640990684563121,0.02220382744591102,-0.9822232776168979
1789899660.488723,-0.088592529296875,-0.0230865478515625,-1.011260986328125,-0.11084643133587997,0.013145752386416314,-0.9880308193591434
1789899660.587863,-0.1186370849609375,-0.07061767578125,-1.0236053466796875,-0.11240456206089149,-0.003606933247116948,-0.9951457248232523
1789899660.6873841,-0.1000213623046875,-0.0427398681640625,-0.9880523681640625,-0.10992792210965069,-0.01143352023050606,-0.9937270534914143
1789899660.786989,-0.0811309814453125,-0.05072021484375,-1.01898193359375,-0.10416853397678305,-0.01929085915315485,-0.9987780295118815
1789899660.886457,-0.048431396484375,-0.0428009033203125,-0.9870147705078125,-0.09302110647830145,-0.023992867986586383,-0.9964253777110678
1789899660.9859982,-0.0213165283203125,0.0036773681640625,-1.02288818359375,-0.07868019084670365,-0.018458820756456606,-1.0017179388876043
1789899661.0856361,-0.0718231201171875,-0.0748138427734375,-0.9348297119140625,-0.07730877670080041,-0.029729825159852785,-0.988340293492896
1789899661.1849542,-0.0836334228515625,-0.0159759521484375,-0.919219970703125,-0.07857370593095284,-0.02697905055756973,-0.9745162289349418
1789899661.284684,-0.0863494873046875,-0.1056060791015625,-0.8752593994140625,-0.08012886220569977,-0.04270445626636829,-0.9546648630307659
1789899661.383889,-0.0697174072265625,-0.0599822998046875,-0.98577880859375,-0.07804657120987232,-0.04616002497403214,-0.9608876521433628
1789899661.4837651,-0.09222412109375,-0.0342254638671875,-0.9942169189453125,-0.08088208118664786,-0.04377311275266321,-0.9675535055037529
1789899661.58317,-0.0876312255859375,-0.0195770263671875,-1.0565185546875,-0.08223191006650579,-0.03893389547556807,-0.9853465153405023
1789899661.6827831,-0.01995849609375,-0.10589599609375,-0.977508544921875,-0.06977722727195464,-0.052326315599204455,-0.9837789212567769
1789899661.7821589,0.0203857421875,0.1861724853515625,-1.03643798828125,-0.051744633380063715,-0.004626555409051061,-0.9943107346616716
1789899661.881631,-0.12109375,-0.066375732421875,-0.8847808837890625,-0.06561445670405097,-0.01697639081161585,-0.9724047644871499
1789899661.981817,-0.07720947265625,0.0543365478515625,-1.002838134765625,-0.06793345989449079,-0.002713803078980179,-0.9784914385428449
1789899662.080651,-0.149627685546875,-0.10260009765625,-1.0986785888671875,-0.08427230502496763,-0.022691061994434145,-1.0025288686077136
1789899662.180139,-0.1474456787109375,-0.0619659423828125,-1.1744537353515625,-0.09690697976216162,-0.030546038072109816,-1.0369138419564834
1789899662.2799811,-0.1171875,-0.1579742431640625,-0.9301605224609375,-0.10096308380972929,-0.05603167909050035,-1.0155631780573742
1789899662.379107,-0.045806884765625,0.0196075439453125,-0.9684295654296875,-0.08993184400090844,-0.040903834483337786,-1.0061364555318368
1789899662.478699,-0.0728302001953125,0.1441650390625,-0.9825286865234375,-0.08651151523978926,-0.0038900597741702257,-1.001414901730157
1789899662.5781531,-0.08544921875,0.06640625,-0.95513916015625,-0.0862990559418314,0.010169202180663821,-0.9921597534153757
1789899662.677689,-0.1057891845703125,-0.06109619140625,-0.938568115234375,-0.09019708166752763,-0.004083876536718944,-0.9814414257791756
1789899662.77724,-0.1111602783203125,-0.013153076171875,-1.08349609375,-0.09438972099808461,-0.005897716463750155,-1.0018523593733406
1789899662.876673,-0.101318359375,0.05157470703125,-1.0860443115234375,-0.0957754486734677,0.005596768235249875,-1.0186907498033602
1789899662.976071,-0.1126556396484375,-0.0734100341796875,-1.0653533935546875,-0.09915148686846167,-0.0102045922477376,-1.0280232785536256
1789899663.0757232,-0.1063079833984375,0.03271484375,-0.9735107421875,-0.10058278617445685,-0.0016207050481900796,-1.0171207712804007
1789899663.175142,-0.140350341796875,-0.1328582763671875,-0.923736572265625,-0.10853629729894049,-0.027868219311989566,-0.9984439314774456
1789899663.274867,-0.095977783203125,0.0381927490234375,-0.9577484130859375,-0.1060245944797774,-0.014656025644904152,-0.9903048277991441
1789899663.374316,-0.1527862548828125,-0.025604248046875,-0.9042205810546875,-0.11537692656038442,-0.01684567012529832,-0.9730879784502529
1789899663.4738379,-0.1487884521484375,-0.030548095703125,-0.885406494140625,-0.12205923167799504,-0.019586155240863656,-0.9555516815883274
1789899663.573217,-0.165008544921875,-0.0284576416015625,-0.9421234130859375,-0.13064909432677102,-0.021360452513003426,-0.9528660278878495
1789899663.6726708,-0.225341796875,-0.0298919677734375,-0.945404052734375,-0.14958763483641682,-0.02306675556509024,-0.9513736328571546
1789899663.772183,-0.218536376953125,0.0127410888671875,-1.0046234130859375,-0.16337738325975845,-0.015905186678634692,-0.9620235889029113
1789899663.871748,-0.16973876953125,0.0426025390625,-1.0457305908203125,-0.16464966051405677,-0.004203641530407755,-0.9787649892863916
1789899663.971449,-0.156005859375,0.1721343994140625,-1.1004791259765625,-0.16292090028624545,0.0310639666584863,-1.0031078166244258
1789899664.0708818,-0.1587677001953125,0.0131683349609375,-0.9713592529296875,-0.16209026026805887,0.027484840318976543,-0.9967581038854783
1789899664.170227,-0.179779052734375,0.125274658203125,-1.0439910888671875,-0.1656280187613221,0.047042803895806236,-1.0062047008818202
1789899664.2698169,-0.2029266357421875,-0.0049285888671875,-1.0394439697265625,-0.17308774215749517,0.03664852534320749,-1.0128525546507687
1789899664.369265,-0.2686004638671875,-0.094970703125,-1.017425537109375,-0.19219028649943365,0.010324679649565991,-1.0137671511424902
1789899664.46903,-0.3137054443359375,-0.0383758544921875,-1.0193328857421875,-0.21649331806673444,0.0005845728212152939,-1.0148802980624296
1789899664.568624,-0.453521728515625,0.07818603515625,-1.0618438720703125,-0.2638990001565126,0.016104865288222234,-1.0242730128640063
1789899664.6680012,-0.4396820068359375,-0.0170135498046875,-0.935546875,-0.29905560149239757,0.009481182269640287,-1.0065277852912051
1789899664.76751,-0.42510986328125,0.110595703125,-1.0292816162109375,-0.32426645385016806,0.02970408644071223,-1.0110785514751517
1789899664.867208,-0.4474029541015625,0.0488739013671875,-0.9231414794921875,-0.34889375390044697,0.033538049426007285,-0.993491137078559
1789899664.9668941,-0.3260040283203125,0.075439453125,-1.021697998046875,-0.3443158087844201,0.04191833016580583,-0.9991325092722222
1789899665.066047,-0.3447418212890625,0.057159423828125,-1.0523681640625,-0.3444010112853486,0.04496654889826966,-1.0097796402302779
1789899665.1653152,-0.3746795654296875,-0.103668212890625,-0.9347991943359375,-0.3504567221142164,0.01523959654049073,-0.9947835510514098
1789899665.264996,-0.3542327880859375,-0.1260833740234375,-0.9715118408203125,-0.35121193530856065,-0.013024997572294918,-0.9901292090051904
1789899665.364716,-0.370086669921875,0.0095062255859375,-1.0013275146484375,-0.35498688223122354,-0.008518752940648435,-0.9923688701338399
1789899665.4639812,-0.3822479248046875,-0.0443267822265625,-0.9665679931640625,-0.36043909074591635,-0.015680358797831247,-0.9872086947398845
1789899665.563715,-0.31488037109375,0.074981689453125,-1.013702392578125,-0.3513273468154831,0.0024520508523600028,-0.9925074343075326
1789899665.6634212,-0.335601806640625,-0.0030364990234375,-0.9778900146484375,-0.34818223878051147,0.0013543408772005022,-0.9895839503757137
1789899665.762669,-0.3569488525390625,0.107421875,-1.089263916015625,-0.3499355615322217,0.022567847701760402,-1.009519943503696
1789899665.8622332,-0.3654022216796875,-0.0401153564453125,-0.9455108642578125,-0.3530288935617149,0.01003120687234582,-0.9967181276545193
1789899665.961772,-0.39117431640625,-0.1277923583984375,-0.919647216796875,-0.36065797813062195,-0.01753350618181084,-0.9813039454829905
1789899666.061211,-0.3704986572265625,-0.0075531005859375,-0.920318603515625,-0.3626261139498101,-0.015537425062636175,-0.9691068770895175
1789899666.160841,-0.3252716064453125,0.013458251953125,-0.967132568359375,-0.35515521244891063,-0.00973828965948394,-0.968712015343489
1789899666.260284,-0.3607635498046875,-0.1315155029296875,-0.9361114501953125,-0.35627687992006607,-0.03409373231352465,-0.9621919023138539
1789899666.360888,-0.39013671875,-0.0060577392578125,-0.9531097412109375,-0.36304884768605283,-0.028486533702382223,-0.9603754700932706
1789899666.45921,-0.3327178955078125,0.089691162109375,-1.0738525390625,-0.3569826572504048,-0.004850994540030778,-0.9830708838871165
1789899666.5587249,-0.36212158203125,-0.03594970703125,-1.016754150390625,-0.35801044220657385,-0.011070737038274624,-0.9898075371878183
1789899666.6585422,-0.3544921875,0.029449462890625,-0.9998779296875,-0.3573067912652591,-0.0029666970524946986,-0.9918216156877547
1789899666.757728,-0.3642120361328125,-0.019805908203125,-0.97296142578125,-0.35868784023876976,-0.006334539282620759,-0.9880495777064539
1789899666.857311,-0.37957763671875,0.020751953125,-1.015167236328125,-0.36286579953476583,-0.000917240801096608,-0.9934731094307881
1789899666.956925,-0.3927459716796875,0.0261077880859375,-1.0262298583984375,-0.36884183396375014,0.004487764976310214,-1.000024459224318
1789899667.056212,-0.404449462890625,-0.1065521240234375,-0.9703369140625,-0.37596335974912515,-0.01772021282363933,-0.9940869501919544
1789899667.15588,-0.387420654296875,0.0506744384765625,-1.0256195068359375,-0.37825481865867516,-0.004041282563598963,-1.000393461520751
1789899667.255302,-0.368072509765625,-0.0068511962890625,-0.9877166748046875,-0.37621835688006516,-0.004603265308691671,-0.9978581041775383
1789899667.354836,-0.353240966796875,0.038818359375,-0.994842529296875,-0.37162287886342715,0.004081059628046663,-0.9972549892014057
1789899667.4543772,-0.310699462890625,-0.040618896484375,-0.9877777099609375,-0.35943819566886676,-0.00485893159443767,-0.9953595333533121
1789899667.5538769,-0.2291259765625,-0.022125244140625,-1.0108642578125,-0.33337575184759344,-0.008312194103675136,-0.9984604782451497
1789899667.653531,-0.1214599609375,-0.0167388916015625,-0.99853515625,-0.2909925936655748,-0.009997533603252609,-0.9984754138461198
1789899667.7529302,-0.0812835693359375,0.0184173583984375,-1.0083770751953125,-0.24905078879964734,-0.004314555202914587,-1.0004557461159584
1789899667.8523889,-0.0524749755859375,-0.035888671875,-0.98651123046875,-0.20973562615690539,-0.01062937853733167,-0.9976668429865169
1789899667.952029,-0.041748046875,-0.0189666748046875,-0.9658355712890625,-0.17613811030052434,-0.012296837790802838,-0.9913005886470261
1789899668.051413,-0.0226593017578125,0.003143310546875,-1.00030517578125,-0.145442348591982,-0.00920880812326727,-0.9931015060738708
1789899668.1508598,0.01953125,-0.028564453125,-0.996917724609375,-0.1124476288735856,-0.013079937123613817,-0.9938647497809717
1789899668.250427,0.0594329833984375,-0.0516357421875,-0.9994964599609375,-0.07807150641918098,-0.020791098136391056,-0.9949910918169649
1789899668.350297,0.045989990234375,-0.060546875,-0.9957427978515625,-0.05325920708846978,-0.028742253509112844,-0.9951414330238845
1789899668.449647,0.0611419677734375,-0.028594970703125,-0.97393798828125,-0.03037897211608833,-0.028712796947915276,-0.9909007440753576
1789899668.549542,0.0899200439453125,-0.0539703369140625,-1.000244140625,-0.006319168903808164,-0.03376430494114473,-0.9927694233852861
1789899668.649135,0.07275390625,-0.0341949462890625,-0.97637939453125,0.00949544612695347,-0.03385043321072828,-0.9894914176144789
1789899668.7482429,0.0690765380859375,-0.080291748046875,-0.964019775390625,0.021411664518750276,-0.043138696177957625,-0.9843970891697081
1789899668.847674,0.060760498046875,-0.0312957763671875,-1.0002899169921875,0.029281431224375223,-0.04077011221580361,-0.9875756547342041
1789899668.9471478,0.0773468017578125,-0.02252197265625,-1.019378662109375,0.03889450533106268,-0.037120484303892885,-0.9939362562092382
1789899669.046567,0.1038665771484375,-0.00201416015625,-1.03173828125,0.05188891969453765,-0.03009921947436431,-1.0014966612173906
1789899669.146052,0.1158294677734375,-0.0340576171875,-1.0253143310546875,0.06467702931031762,-0.030890899016991453,-1.00626019518485
1789899669.245655,0.112945556640625,-0.08123779296875,-0.9795379638671875,0.0743307347763791,-0.04096027780734317,-1.0009157489213174
1789899669.345395,0.1409454345703125,-0.0784149169921875,-0.956634521484375,0.08765367473516578,-0.04845120564431203,-0.992059503433929
1789899669.444481,0.113922119140625,-0.029693603515625,-1.03839111328125,0.09290736361625762,-0.044699685218574634,-1.0013258254033932
1789899669.544066,0.057403564453125,-0.079132080078125,-1.035125732421875,0.08580660378363111,-0.051586164190484715,-1.0080858068070897
1789899669.643763,0.0936279296875,-0.034149169921875,-1.0443267822265625,0.0873708689644049,-0.04809876533676277,-1.0153340018909842
1789899669.742938,0.1633148193359375,-0.055206298828125,-1.01202392578125,0.10255965903871142,-0.04952027203503522,-1.0146719866690375
1789899669.842548,0.1248321533203125,-0.0708465576171875,-0.95440673828125,0.10701415789503164,-0.05378552915146568,-1.00261893699148
1789899669.94207,0.0957489013671875,-0.10552978515625,-0.9533538818359375,0.10476110658946282,-0.06413438035242254,-0.9927659259603716
1789899670.041569,0.058624267578125,-0.132659912109375,-0.926361083984375,0.09553373878719526,-0.07783948670381304,-0.9794849575651723
1789899670.1411629,0.1297760009765625,0.00750732421875,-1.0079803466796875,0.10238219122506871,-0.06077012451930043,-0.9851840353880754
1789899670.2406979,0.1727142333984375,-0.0849609375,-0.992431640625,0.11644859965974248,-0.06560828711544035,-0.9866335564354604
1789899670.3401399,0.0906829833984375,-0.062408447265625,-1.00701904296875,0.1112954764074815,-0.0649683191454773,-0.9907106537421184
1789899670.439594,0.0955047607421875,-0.0499114990234375,-0.977630615234375,0.10813733327442271,-0.06195695512106934,-0.9880946460405697
1789899670.539104,0.078277587890625,-0.0589599609375,-0.9500885009765625,0.10216538419766318,-0.06135755628435548,-0.9804934170277684
1789899670.6388478,0.0656585693359375,0.021484375,-1.0044097900390625,0.09486402122531805,-0.044789170027484386,-0.9852766916300273
1789899670.738121,0.1315460205078125,-0.029083251953125,-1.0196990966796875,0.10220042108181694,-0.04164798641261251,-0.9921611726399594
1789899670.837689,0.08245849609375,-0.0904388427734375,-1.0217742919921875,0.09825203608420356,-0.05140615768477751,-0.998083796510405
1789899670.937199,0.090179443359375,-0.0856475830078125,-1.0800018310546875,0.09663751753923785,-0.058254442749384516,-1.0144674034192616
1789899671.036899,0.1393585205078125,-0.056427001953125,-1.0309600830078125,0.1051817181329528,-0.057888954590132616,-1.0177659393369718
1789899671.13632,0.1189117431640625,0.0020904541015625,-1.066162109375,0.10792772313917474,-0.045893072851793594,-1.0274451733445775
1789899671.2356958,0.1242828369140625,0.0057220458984375,-1.05963134765625,0.1111987458941523,-0.035570049101747374,-1.033882408206912
1789899671.335267,0.0597991943359375,-0.08001708984375,-1.02606201171875,0.10091883558250934,-0.044459457250147896,-1.0323183289092797
1789899671.434798,0.0670928955078125,0.00408935546875,-1.000335693359375,0.09415364756756997,-0.03474969470636832,-1.0259218017992988
1789899671.534206,0.0725860595703125,-0.014312744140625,-1.046142578125,0.08984012996811849,-0.030662304593219662,-1.029965957064439
1789899671.634029,0.04534912109375,0.0102996826171875,-0.9892578125,0.08094192819324479,-0.02246990715113823,-1.0218243281515513
1789899671.733405,0.0809783935546875,0.04925537109375,-1.0291595458984375,0.08094922126553333,-0.008124851502160585,-1.0232913717009287
1789899671.832912,0.0839996337890625,-0.082977294921875,-0.991607666015625,0.08155930377023916,-0.023095340186103472,-1.016954630563868
1789899671.932788,0.071441650390625,-0.0323638916015625,-1.0100860595703125,0.07953577309431634,-0.02494905046919528,-1.015580916365157
1789899672.032055,0.1069183349609375,-0.0160980224609375,-1.0063323974609375,0.08501228546764059,-0.023178844867543725,-1.0137312125843132
1789899672.131443,0.0479278564453125,-0.0439300537109375,-0.992919921875,0.07759539966317497,-0.02732908663622248,-1.0095689544424507
1789899672.23253,0.0369415283203125,-0.10546875,-0.9559326171875,0.06946462539460248,-0.04295701930897799,-0.9988416869914606
1789899672.330517,0.0890350341796875,-0.0211181640625,-1.00714111328125,0.07337870715161948,-0.03858924825968239,-1.0005015722494186
1789899672.4301682,0.100341796875,-0.0075225830078125,-0.992889404296875,0.07877132509629559,-0.032375915209308416,-0.99897913865891
1789899672.5294309,0.0556182861328125,-0.04791259765625,-1.0244293212890625,0.07414071730359897,-0.03548325169869673,-1.0040691751849407
1789899672.629105,0.0447998046875,-0.05157470703125,-1.0139312744140625,0.06827253478037919,-0.03870154276520739,-1.006041595030765
1789899672.728877,0.072418212890625,0.001495361328125,-1.010009765625,0.06910167040242836,-0.030662161946540915,-1.006835229149612
1789899672.828627,0.017333984375,-0.0427093505859375,-1.0157623291015625,0.058748133196942685,-0.033071599674420235,-1.0086206491400023
1789899672.927762,-0.0103302001953125,-0.110748291015625,-1.036895751953125,0.04493246651849165,-0.04860693794266119,-1.014275669702627
1789899673.027206,-0.057586669921875,-0.119659423828125,-1.053863525390625,0.02442863923041832,-0.06281743511975396,-1.0221932408402266
1789899673.126636,-0.0698394775390625,0.025360107421875,-1.007598876953125,0.005575015876522156,-0.04518192661142817,-1.0192743680628062
1789899673.226485,-0.111053466796875,0.0459747314453125,-1.0220947265625,-0.017750680658157277,-0.02695059500008004,-1.0198384397627451
1789899673.325675,-0.0622711181640625,-0.0157623291015625,-1.0407257080078125,-0.026654768159338323,-0.024712941820376533,-1.0240158934117587
1789899673.425149,-0.073944091796875,0.0653839111328125,-1.03558349609375,-0.03611263288684566,-0.006693571229738727,-1.0263294139481571
1789899673.524648,-0.0951995849609375,0.030303955078125,-1.0709686279296875,-0.04793002330166403,0.000705934031834019,-1.0352572567444631
1789899673.6241841,-0.0918731689453125,-0.036773681640625,-0.999237060546875,-0.05671865243039373,-0.006789989102657785,-1.0280532175049455
1789899673.723669,-0.056915283203125,-0.0480804443359375,-1.00775146484375,-0.056757978584939986,-0.01504808014931373,-1.0239928669727065
1789899673.823154,-0.057586669921875,0.050537109375,-1.0085296630859375,-0.05692371685232699,-0.001931042244450983,-1.0209002261953528
1789899673.9229178,-0.093780517578125,-0.052337646484375,-0.9954071044921875,-0.0642950769974866,-0.012012363092435786,-1.0158016018547198
1789899674.022151,-0.058319091796875,-0.087890625,-0.9916534423828125,-0.06309987995736428,-0.02718801547394863,-1.0109719699603383
1789899674.121741,-0.0363311767578125,-0.020965576171875,-0.978546142578125,-0.057746139317453926,-0.025943527613533905,-1.0044868044838957
1789899674.221219,-0.053680419921875,-0.0742950439453125,-1.0379791259765625,-0.056932995438338144,-0.035613830879889626,-1.011185268782429
1789899674.320693,-0.0691680908203125,-0.035125732421875,-0.9716033935546875,-0.059380014514733015,-0.035516211188286705,-1.0032688937368808
1789899674.420232,-0.0633087158203125,-0.0094757080078125,-1.0350799560546875,-0.060165754775848915,-0.030308110552191864,-1.0096311062004422
1789899674.519769,-0.05157470703125,-0.0362701416015625,-0.9148406982421875,-0.05844754522692913,-0.03150051676206599,-0.9906730246087913
1789899674.619281,-0.0509490966796875,0.0001983642578125,-1.005889892578125,-0.056947855517480814,-0.025160740558090297,-0.9937163982026581
1789899674.718789,-0.0700531005859375,0.01824951171875,-1.01580810546875,-0.059568904531172154,-0.016478690102722238,-0.9981347396558765
1789899674.818234,-0.06768798828125,-0.0680694580078125,-1.0438232421875,-0.06119272128118773,-0.02679684368374029,-1.0072724401622013
1789899674.918034,-0.053253173828125,-0.0699462890625,-1.063690185546875,-0.05960481179057519,-0.035426732759492235,-1.018555989239136
1789899675.017342,-0.09490966796875,-0.1142425537109375,-0.9839019775390625,-0.06666578302621015,-0.051189896949781294,-1.0116251868991213
1789899675.1169128,-0.0814361572265625,-0.0798492431640625,-1.0126495361328125,-0.06961985786628062,-0.05692176619263754,-1.0118300567458596
1789899675.216413,-0.0715484619140625,-0.0648040771484375,-0.9728546142578125,-0.070005578675837,-0.05849822838379754,-1.0040349682482503
1789899675.316016,-0.095306396484375,-0.0615081787109375,-0.97552490234375,-0.0750657422375446,-0.05910021844922554,-0.9983329550673503
1789899675.4153519,-0.054290771484375,0.0196533203125,-1.02972412109375,-0.07091074808691068,-0.043349510696880436,-1.0046111882726303
1789899675.515058,-0.0912933349609375,0.0157470703125,-0.9829559326171875,-0.07498726546171605,-0.03153019449500435,-1.0002801371415417
1789899675.6145492,-0.1151275634765625,-0.071258544921875,-1.012420654296875,-0.08301532506468534,-0.03947586458037848,-1.0027082405726084
1789899675.714078,-0.125396728515625,-0.022308349609375,-1.0110321044921875,-0.09149160575487328,-0.03604236158617779,-1.0043730133565243
1789899675.813511,-0.123382568359375,0.02288818359375,-0.995391845703125,-0.09786979827577362,-0.02425625255019223,-1.0025767798258445
1789899675.913221,-0.11676025390625,-0.035736083984375,-1.05853271484375,-0.10164788940186889,-0.02655221883702879,-1.0137679668294255
1789899676.01249,-0.113677978515625,-0.0102691650390625,-1.0068206787109375,-0.10405390722462012,-0.023295608077435533,-1.012378509205728
1789899676.112136,-0.0942230224609375,-0.0424957275390625,-1.027679443359375,-0.1020877302718836,-0.027135631969760928,-1.0154386960364574
1789899676.21141,-0.0936279296875,0.023162841796875,-0.9803466796875,-0.10039577015500688,-0.017075937216433745,-1.0084202927666661
1789899676.3108702,-0.133575439453125,-0.0383758544921875,-1.016998291015625,-0.10703170401463051,-0.021335920671584498,-1.010135892416458
1789899676.4104152,-0.1597137451171875,-0.05450439453125,-0.9761962890625,-0.11756811223514191,-0.0279696154435176,-1.0033479717456666
1789899676.5098991,-0.1593017578125,0.041015625,-1.034027099609375,-0.12591484135061354,-0.014172567354814083,-1.0094837973184083
1789899676.6093888,-0.1294097900390625,-0.042816162109375,-1.0022735595703125,-0.12661383108830335,-0.019901286305726268,-1.0080417497687892
1789899676.708868,-0.1340179443359375,-0.0978546142578125,-0.9768218994140625,-0.1280946537378302,-0.035491951896143514,-1.001797779697844
1789899676.808805,-0.141357421875,-0.0518951416015625,-1.0243377685546875,-0.13074720736526416,-0.03877258983722731,-1.0063057774692126
1789899676.908613,-0.152130126953125,-0.01324462890625,-0.9779052734375,-0.13502379128283631,-0.03366699765103185,-1.00062567666287
1789899677.0074558,-0.1616058349609375,-0.041717529296875,-0.9826507568359375,-0.14034020001845657,-0.03527710398020048,-0.9970306926974837
1789899677.107047,-0.1527252197265625,-0.038665771484375,-0.98760986328125,-0.14281720396007774,-0.03595483748103539,-0.995146526814237
1789899677.206537,-0.1530303955078125,0.00152587890625,-1.04327392578125,-0.1448598422696247,-0.028458694203578314,-1.0047720066076398
1789899677.306031,-0.1624603271484375,-0.01214599609375,-1.0221099853515625,-0.14837993924538725,-0.025196154581612652,-1.0082396023564244
1789899677.4055061,-0.189910888671875,-0.0598907470703125,-0.9927825927734375,-0.1566861291306848,-0.03213507307935262,-1.005148200439827
1789899677.504992,-0.1579132080078125,-0.00091552734375,-1.0119781494140625,-0.15693154490611033,-0.0258911639322321,-1.0065141902346741
1789899677.60455,-0.1483917236328125,0.0009307861328125,-0.983367919921875,-0.15522358065145078,-0.02052677391922318,-1.0018849361721143
1789899677.704102,-0.1406707763671875,-0.02581787109375,-1.028228759765625,-0.15231301979459813,-0.021584993354128546,-1.0071537008908165
1789899677.803519,-0.1464385986328125,-0.005950927734375,-1.0185699462890625,-0.151138135562241,-0.018458180230177836,-1.0094369499704658
1789899677.9033132,-0.156494140625,0.01983642578125,-1.0163421630859375,-0.15220933657479283,-0.01079925902789227,-1.01081799259356
1789899678.00276,-0.170745849609375,-0.010040283203125,-1.009521484375,-0.15591663918170928,-0.010647463862938817,-1.010558690949848
1789899678.1020842,-0.1542205810546875,0.013580322265625,-0.9721221923828125,-0.15557742755630494,-0.005801906637226054,-1.002871391236441
1789899678.2017379,-0.1558837890625,-0.0063323974609375,-1.044921875,-0.15563869985754397,-0.005908004801968343,-1.011281487989153
1789899678.301237,-0.1513519287109375,0.0082855224609375,-1.016571044921875,-0.15478134562822268,-0.0030692993493871747,-1.0123393993756973
1789899678.400629,-0.13006591796875,-0.0027313232421875,-1.0076904296875,-0.14983826009632817,-0.00300170412794724,-1.011409605438058
1789899678.500251,-0.16009521484375,-0.0631256103515625,-1.033477783203125,-0.15188965104581253,-0.015026485372670293,-1.0158232409910712
1789899678.599828,-0.1620330810546875,0.015167236328125,-1.00518798828125,-0.15391833704758753,-0.008987741032511234,-1.013696190449107
1789899678.6993961,-0.15960693359375,-0.03607177734375,-0.9824676513671875,-0.15505605635682002,-0.014404548294758988,-1.007450482632723
1789899678.798921,-0.1419219970703125,-0.0732574462890625,-0.9908294677734375,-0.15242924449951853,-0.02617512789361969,-1.0041262796608659
1789899678.898536,-0.1596832275390625,-0.0434722900390625,-1.008026123046875,-0.1538800411074273,-0.029634560322708253,-1.0049062483380677
1789899678.9978008,-0.131866455078125,-0.019378662109375,-0.98443603515625,-0.14947732390156684,-0.027583380680041604,-1.0008122057017041
1789899679.097249,-0.096343994140625,0.0137786865234375,-1.0087738037109375,-0.13885065794937848,-0.019310967239345785,-1.002404525303551
1789899679.196954,-0.101531982421875,-0.0021209716796875,-0.9913177490234375,-0.1313869228438778,-0.01587296812741413,-1.0001871700475284
1789899679.2963738,-0.13818359375,0.0098876953125,-0.996795654296875,-0.13274625702510223,-0.010720835439431304,-0.9995088668973977
1789899679.395884,-0.1046142578125,-0.0431365966796875,-0.97418212890625,-0.12711985718258179,-0.017203987687482544,-0.9944435192991683
1789899679.4955,-0.1100311279296875,0.0076904296875,-0.9842681884765625,-0.12370211133200293,-0.012225104212486036,-0.9924084531346472
1789899679.5948958,-0.103515625,-0.062347412109375,-0.97906494140625,-0.11966481406560235,-0.02224956579186383,-0.9897397507889678
1789899679.694453,-0.114837646484375,-0.037353515625,-0.975616455078125,-0.11869938054935689,-0.025270355758491063,-0.9869150916467992
1789899679.7937999,-0.1029052734375,-0.033599853515625,-0.9804840087890625,-0.11554055912698552,-0.026936255309917854,-0.985628875075252
1789899679.893851,-0.083892822265625,-0.0051422119140625,-0.999053955078125,-0.10921101175471343,-0.022577446630746786,-0.9883138910758267
1789899679.992935,-0.09796142578125,-0.0240478515625,-1.01910400390625,-0.10696109456002074,-0.02287152761709743,-0.9944719136419113
1789899680.092478,-0.0923919677734375,-0.0258331298828125,-0.9946441650390625,-0.1040472692027041,-0.023463848070240448,-0.9945063639213416
1789899680.1919398,-0.0980377197265625,0.01202392578125,-1.0065155029296875,-0.10284535930747579,-0.01636629329994236,-0.9969081917230108
1789899680.291467,-0.0930633544921875,-0.0214691162109375,-1.02398681640625,-0.10088895834441815,-0.01738685788214139,-1.0023239166596587
1789899680.390949,-0.1019439697265625,-0.02520751953125,-0.984405517578125,-0.10109996062084702,-0.018950990211963115,-0.998740236843352
1789899680.4905639,-0.1164703369140625,0.0244903564453125,-1.0130615234375,-0.10417403587949012,-0.010262720880507992,-1.0016044941621818
1789899680.590195,-0.143951416015625,-0.0175323486328125,-0.97021484375,-0.1121295119067171,-0.011716646430968893,-0.9953265640797455
1789899680.689485,-0.146087646484375,-0.1024932861328125,-1.0484771728515625,-0.1189211388222487,-0.029871974371337616,-1.005956685834109
1789899680.789005,-0.1186676025390625,-0.038848876953125,-1.0769195556640625,-0.11887043156561147,-0.03166735488769509,-1.0201492598000996
1789899680.888792,-0.131561279296875,0.0156097412109375,-1.00738525390625,-0.12140860111186419,-0.02221193566796858,-1.0175964586213297
1789899680.988385,-0.107574462890625,0.0558013916015625,-0.9964447021484375,-0.11864177346761635,-0.006609270214062362,-1.0133661073267515
1789899681.087661,-0.1204986572265625,-0.021697998046875,-1.0020751953125,-0.11901315021940559,-0.00962701578062489,-1.0111079249239012
1789899681.1870918,-0.060638427734375,-0.0437469482421875,-0.987213134765625,-0.10733820572239948,-0.01645100227293741,-1.0063289668922462
1789899681.2866058,-0.0875396728515625,0.048736572265625,-0.973602294921875,-0.10337849914823208,-0.003413487365224928,-0.9997836324981719
1789899681.386117,-0.1118621826171875,0.055908203125,-1.036590576171875,-0.10507523584202316,0.008450850732820057,-1.0071450212329125
1789899681.485674,-0.05609130859375,0.017608642578125,-0.97882080078125,-0.09527845039236853,0.010282409101881046,-1.00148017714258
1789899681.585404,-0.09539794921875,-0.0616607666015625,-1.0951385498046875,-0.09530235015764482,-0.004106226038807663,-1.0202118516750016
1789899681.684737,-0.091278076171875,-0.0671844482421875,-1.0248565673828125,-0.09449749536049087,-0.01672187047948363,-1.0211407948165638
1789899681.784124,-0.102020263671875,0.0373382568359375,-1.0533294677734375,-0.0960020490227677,-0.005909845016399404,-1.0275785294079387
1789899681.88358,-0.12109375,-0.04949951171875,-1.0551605224609375,-0.10102038921821416,-0.014627778356869525,-1.0330949280185384
1789899681.9833322,-0.07647705078125,-0.0236053466796875,-0.952423095703125,-0.09611172153082134,-0.01642329202143312,-1.0169605615554558
1789899682.082891,-0.117767333984375,-0.0277099609375,-0.9677581787109375,-0.10044284402153209,-0.018680625804646498,-1.0071200849865523
1789899682.1823611,-0.07855224609375,0.0034027099609375,-0.9672698974609375,-0.09606472443597568,-0.014263958651529698,-0.9991500474814294
1789899682.281791,-0.035919189453125,-0.004852294921875,-0.96343994140625,-0.08403561743940555,-0.01238162590559876,-0.9920080262663936
1789899682.381308,-0.038848876953125,-0.111846923828125,-0.963714599609375,-0.07499826934214944,-0.03227468549010401,-0.9863493409349899
1789899682.48083,-0.0440521240234375,-0.0822906494140625,-0.9444732666015625,-0.06880904027840705,-0.04227787827489571,-0.9779741260683045
1789899682.580615,-0.036285400390625,-0.0653076171875,-0.979705810546875,-0.062304312300850644,-0.04688382605741657,-0.9783204629640185
1789899682.679918,-0.0890045166015625,0.2752532958984375,-1.179046630859375,-0.06764435316099301,0.017543598333754247,-1.0184656965430898
1789899682.779313,0.0063018798828125,-0.069091796875,-0.9288482666015625,-0.05285510655223192,0.00021651929200339724,-1.0005422105547845
1789899682.87872,-0.019866943359375,-0.033843994140625,-1.0347900390625,-0.046257473913660536,-0.006595583394522282,-1.0073917762563276
1789899682.9783192,-0.18511962890625,-0.04644775390625,-1.1240081787109375,-0.07402990491217842,-0.014566017496867827,-1.0307150567472496
1789899683.0777822,-0.0224151611328125,-0.0621185302734375,-0.6846771240234375,-0.06370695615630524,-0.024076520052181763,-0.9615074702024873
1789899683.1772928,0.13616943359375,0.16766357421875,-0.94952392578125,-0.023731678206294196,0.014271498802004588,-0.9591107613182398
1789899683.277055,0.011474609375,-0.079986572265625,-0.961639404296875,-0.016690420690035356,-0.00458011541152133,-0.9596164899139669
1789899683.37634,-0.046478271484375,0.059295654296875,-1.0808868408203125,-0.022647990848903288,0.008195038530157937,-0.9838705600952361
1789899683.4756742,-0.0814666748046875,0.0938262939453125,-1.1278533935546875,-0.03441172764006013,0.02532128961318885,-1.0126671267871266
1789899683.5754972,-0.0340118408203125,-0.0512847900390625,-1.0018768310546875,-0.03433175027611061,0.010000073682738583,-1.0105090676406387
1789899683.674765,-0.0123138427734375,-0.0628204345703125,-1.098175048828125,-0.02992816877557599,-0.004564027967871635,-1.028042263878136
1789899683.774321,0.041290283203125,-0.12457275390625,-0.9899139404296875,-0.015684478379835793,-0.02856577315554731,-1.0204165991884464
1789899683.873816,0.0985107421875,-0.040985107421875,-0.847930908203125,0.007154565733631366,-0.03104964000881285,-0.9859194609913822
1789899683.973373,-0.008026123046875,-0.0509796142578125,-1.03125,0.004118427977530093,-0.03503563485861278,-0.9949855687931058
1789899684.0728822,0.1143646240234375,-0.0311431884765625,-1.0312042236328125,0.026167667186711575,-0.034257145582202726,-1.0022292997610471
1789899684.1725001,0.1241302490234375,-0.0790863037109375,-0.9893341064453125,0.04576018355405676,-0.04322297720794968,-0.9996502610979002
1789899684.2718759,0.1154632568359375,-0.06207275390625,-0.9787445068359375,0.059700798210432914,-0.04699293254760974,-0.9954691102455077
1789899684.371422,0.14532470703125,-0.0853118896484375,-0.983673095703125,0.07682557997459634,-0.054656723967775295,-0.9931099073370311
1789899684.470914,0.1360626220703125,-0.07427978515625,-0.9867706298828125,0.08867298839373958,-0.058581336205470236,-0.9918420518461875
1789899684.570706,0.1395111083984375,-0.059967041015625,-0.981719970703125,0.09884061239467917,-0.05885847716750119,-0.989817635617575
1789899684.66999,0.1371002197265625,-0.0293426513671875,-1.010498046875,0.10649253386105584,-0.05295531200743846,-0.9939537178690601
1789899684.769575,0.1356658935546875,-0.048065185546875,-1.0023651123046875,0.11232720579978217,-0.05197728671532577,-0.9956359967561856
1789899684.868974,0.156341552734375,-0.0368804931640625,-0.9894256591796875,0.12113007518670074,-0.04895792800507312,-0.994393929240886
1789899684.968655,0.1662139892578125,-0.063079833984375,-0.9757537841796875,0.1301468580009231,-0.051782309200933505,-0.9906659002286463
1789899685.068407,0.1886138916015625,-0.0526580810546875,-1.00518798828125,0.141840264721051,-0.051957463571684306,-0.993570317839167
1789899685.1675649,0.13165283203125,-0.088592529296875,-0.97369384765625,0.1398027781830908,-0.05928447671672245,-0.9895950238025837
1789899685.26719,0.1915740966796875,-0.112762451171875,-0.9640045166015625,0.15015704188241014,-0.06998007160775296,-0.9844769223623795
1789899685.3665571,0.1558074951171875,-0.161895751953125,-1.0157928466796875,0.15128713252936563,-0.08836320767682737,-0.990740107225841
1789899685.466103,0.182586669921875,-0.08258056640625,-1.023223876953125,0.1575470400078675,-0.0872066794227119,-0.9972368611712978
1789899685.565736,0.193634033203125,-0.062408447265625,-1.0049285888671875,0.164764438646919,-0.08224703299129453,-0.9987752067104758
1789899685.6653519,0.19696044921875,-0.044036865234375,-1.034881591796875,0.17120364076128522,-0.07460499943991063,-1.0059964837277557
1789899685.764614,0.14697265625,0.001373291015625,-1.0182647705078125,0.16635744385902818,-0.059409341348803504,-1.0084501410837672
1789899685.864348,0.1510009765625,-0.0344696044921875,-1.003021240234375,0.16328615039972255,-0.05442139397748031,-1.0073643609138887
1789899685.963729,0.1876373291015625,-0.0636749267578125,-1.0072479248046875,0.16815638614009054,-0.05627210053354675,-1.0073410736920485
1789899686.063231,0.14581298828125,-0.0212249755859375,-1.025634765625,0.16368770656832246,-0.0492626755440249,-1.0109998120786388
1789899686.162826,0.1367645263671875,-0.044647216796875,-0.998443603515625,0.15830307052809547,-0.04833958379459492,-1.008488570366036
1789899686.262463,0.1571197509765625,-0.07659912109375,-0.995452880859375,0.15806640661778887,-0.05399149125442594,-1.0058814324647039
1789899686.361742,0.125640869140625,-0.063507080078125,-1.0087127685546875,0.15158129912235613,-0.05589460901916576,-1.0064476996827008
1789899686.4613008,0.1763763427734375,-0.066070556640625,-1.0127716064453125,0.1565403078525724,-0.05792979854345761,-1.0077124810352232
1789899686.5607572,0.1368865966796875,-0.1350555419921875,-0.984527587890625,0.15260956561799544,-0.07335494723320359,-1.0030755024063036
1789899686.660285,0.166534423828125,-0.037139892578125,-0.980560302734375,0.15539453726002134,-0.06611193630218787,-0.998572462471918
1789899686.759828,0.133636474609375,-0.05841064453125,-0.9921722412109375,0.1510429247298921,-0.0645716779480003,-0.9972924182197219
1789899686.859343,0.1421661376953125,-0.038848876953125,-1.0177154541015625,0.14926756732297616,-0.059427117749025246,-1.00137702539609
1789899686.959063,0.1449127197265625,-0.0411376953125,-0.9981842041015625,0.14839659780369344,-0.0557692332617202,-1.0007384611371846
1789899687.058384,0.14007568359375,-0.020477294921875,-0.9983367919921875,0.14673241496170475,-0.04871084559375117,-1.0002581273081852
1789899687.157887,0.1404571533203125,-0.0675811767578125,-0.9972991943359375,0.1454773626334263,-0.05248491182656344,-0.9996663407137357
1789899687.257472,0.140350341796875,-0.1059417724609375,-0.9816131591796875,0.14445195846611605,-0.06317628395343826,-0.996055704406926
1789899687.3570042,0.1630706787109375,-0.0721435546875,-0.9796142578125,0.14817570251508036,-0.06496973810025061,-0.9927674150880409
1789899687.456264,0.1297149658203125,-0.01287841796875,-1.0133056640625,0.1444835551761268,-0.054551474073950494,-0.9968750648829328
1789899687.5558782,0.152435302734375,-0.01959228515625,-1.0202789306640625,0.14607390468777642,-0.0475596362904104,-1.0015558380391587
1789899687.655369,0.1571502685546875,0.0031890869140625,-1.0247344970703125,0.14828917746115866,-0.03740989164951582,-1.0061915698453894
1789899687.7548761,0.1376190185546875,0.0273590087890625,-1.01751708984375,0.14615514567986443,-0.024456111561800158,-1.0084566738450615
1789899687.854344,0.147857666015625,0.056304931640625,-1.0364227294921875,0.14649564974701657,-0.008303902921315127,-1.0140498849744868
1789899687.954068,0.117950439453125,-0.090606689453125,-0.9800872802734375,0.14078660768823825,-0.024764460227677105,-1.007257364034277
1789899688.053514,0.1306915283203125,-0.071746826171875,-0.987701416015625,0.1387675918146531,-0.03416093341651669,-1.0033461744305465
1789899688.153082,0.117095947265625,-0.097930908203125,-0.992401123046875,0.13443326290484747,-0.04691492837383836,-1.0011571641538124
1789899688.252524,0.16351318359375,0.00213623046875,-1.04156494140625,0.14024924704262798,-0.03710469660532069,-1.0092387196043
1789899688.352034,0.147369384765625,0.0306549072265625,-1.0035858154296875,0.1416732745872274,-0.023552775838944055,-1.0081081387693775
1789899688.4514961,0.1520538330078125,-0.0875091552734375,-0.979217529296875,0.14374938627134443,-0.03634405172584275,-1.002330016874877
1789899688.551126,0.114532470703125,-0.0761871337890625,-0.9681549072265625,0.13790600315770055,-0.0443126681384867,-0.9954949949452142
1789899688.650508,0.13189697265625,-0.002166748046875,-1.020904541015625,0.13670419705741044,-0.035883484120164365,-1.0005769041592965
1789899688.750119,0.138153076171875,0.01715087890625,-1.01776123046875,0.13699397288030335,-0.025276611514881493,-1.0040137694211873
1789899688.8497782,0.1240081787109375,-0.0345916748046875,-0.9700164794921875,0.1343968140464302,-0.027139624172842696,-0.9972143114353873
1789899688.949401,0.127532958984375,-0.020843505859375,-1.0454254150390625,0.13302404303401916,-0.02588040051014916,-1.0068565321561225
1789899689.048705,0.1404266357421875,-0.07476806640625,-1.002227783203125,0.13450456157565283,-0.03565793368936933,-1.005930782365523
1789899689.148484,0.1260833740234375,-0.0176544189453125,-1.00238037109375,0.13282032406520977,-0.03205723074055796,-1.0052207001111686
1789899689.2479491,0.1269378662109375,-0.03375244140625,-0.9774017333984375,0.13164383249435532,-0.03239627287369637,-0.9996569067686224
1789899689.3471298,0.1002655029296875,-0.04339599609375,-1.0095367431640625,0.12536816658142177,-0.0345962175177071,-1.0016328740477105
1789899689.446796,0.134246826171875,-0.118194580078125,-0.9373779296875,0.12714389849951244,-0.05131589002979068,-0.9887818851756685
1789899689.5461621,0.1027984619140625,-0.0366058349609375,-0.999786376953125,0.12227481118242245,-0.04837387901602005,-0.9909827835311599
1789899689.6455789,0.1186676025390625,-0.051422119140625,-0.948974609375,0.12155336945375048,-0.04898352704094104,-0.982581148699928
1789899689.74509,0.114501953125,-0.2290496826171875,-0.958770751953125,0.12014308618800039,-0.08499675815619034,-0.9778190693505675
1789899689.8445349,0.0956573486328125,-0.1167755126953125,-1.0161590576171875,0.11524593867696283,-0.09135250906401478,-0.9854870670038915
1789899689.9442801,0.0923309326171875,-0.059783935546875,-0.9604034423828125,0.11066293746500776,-0.08503879436058683,-0.9804703420796759
1789899690.0435,0.1179046630859375,-0.1422576904296875,-0.990386962890625,0.1121112825891937,-0.09648257357440697,-0.9824536662418657
1789899690.143148,0.1001434326171875,-0.1615753173828125,-0.9477996826171875,0.10971771259479247,-0.10950112233608808,-0.9755228695169301
1789899690.2426062,0.050750732421875,-0.1104736328125,-0.9931640625,0.09792431656020899,-0.10969562443137047,-0.9790511081135441
1789899690.3421202,0.11724853515625,-0.0904998779296875,-1.0416107177734375,0.1017891602794172,-0.10585647513103388,-0.9915630300455228
1789899690.441584,0.11474609375,-0.0977783203125,-1.022430419921875,0.10438054697353377,-0.10424084416732712,-0.9977365080207934
1789899690.541096,0.0735321044921875,-0.0896148681640625,-0.9506378173828125,0.09821085847726453,-0.10131564896667421,-0.9883167698931972
1789899690.640771,0.089202880859375,-0.022796630859375,-1.0064544677734375,0.09640926295368663,-0.08561184534521438,-0.9919443094692453
1789899690.740123,0.0655517578125,-0.110595703125,-0.981597900390625,0.0902377619254493,-0.09060861690117152,-0.9898750276535213
1789899690.839635,-0.0137786865234375,-0.0460968017578125,-0.962371826171875,0.06943447223567194,-0.08170625387249972,-0.9843743873571921
1789899690.9392781,0.0009002685546875,-0.041290283203125,-0.999969482421875,0.05572763149947506,-0.07362305973862478,-0.9874934063701287
1789899691.0386481,-0.0385894775390625,-0.044525146484375,-1.008697509765625,0.03686420969176755,-0.06780347708777483,-0.991734227049228
1789899691.138155,-0.0600128173828125,-0.09527587890625,-0.987060546875,0.01748880427685154,-0.07329795745146987,-0.9907994910143824
1789899691.237619,-0.029632568359375,-0.1200103759765625,-1.02734375,0.008064529749606232,-0.0826404411564884,-0.998108342811506
1789899691.3371902,-0.0522613525390625,-0.1238555908203125,-1.0160675048828125,-0.004000646708127514,-0.09088347108925324,-1.0017001752257673
1789899691.437037,-0.042694091796875,-0.115509033203125,-1.0236663818359375,-0.011739335725877011,-0.09580858351202759,-1.0060934165478015
1789899691.53625,-0.03338623046875,-0.1499176025390625,-0.9715576171875,-0.01606871467445161,-0.10663038731743457,-0.9991862566757412
1789899691.6358151,-0.0582275390625,-0.1641693115234375,-1.0081939697265625,-0.02450047955206129,-0.11813817215863516,-1.0009877992859055
1789899691.7352471,-0.047607421875,-0.18414306640625,-0.962799072265625,-0.029121868016649035,-0.13133915100815813,-0.9933500538818495
1789899691.834733,-0.0650787353515625,-0.2429046630859375,-0.996856689453125,-0.03631324148363173,-0.15365225342371402,-0.9940513809961047
1789899691.934505,-0.048919677734375,-0.2020111083984375,-1.0097503662109375,-0.038834528733780384,-0.16332402441865873,-0.9971911780390713
1789899692.0337949,-0.0426788330078125,-0.239410400390625,-1.039886474609375,-0.03960338958858681,-0.17854129961305198,-1.005730237353132
1789899692.1333451,-0.0519256591796875,-0.2590179443359375,-0.9959716796875,-0.042067843506806944,-0.1946366285576291,-1.0037785258200058
1789899692.232634,-0.053131103515625,-0.2389373779296875,-1.0201263427734375,-0.04428049550857056,-0.20349677843204078,-1.0070480892106923
1789899692.332398,-0.0589599609375,-0.2041015625,-1.010223388671875,-0.04721638859435645,-0.20361773524563265,-1.007683149102929
1789899692.431872,-0.0492401123046875,-0.224884033203125,-0.9756622314453125,-0.047621133336422664,-0.20787099483713115,-1.0012789655714058
1789899692.5314178,-0.0363922119140625,-0.21307373046875,-0.9940338134765625,-0.045375349051950634,-0.2089115419634549,-0.9998299351524372
1789899692.6309361,-0.0492095947265625,-0.250946044921875,-0.957763671875,-0.046142198186873006,-0.21731844255513894,-0.9914166824969498
1789899692.731616,-0.0621490478515625,-0.28509521484375,-0.97772216796875,-0.0493435681198109,-0.23087379701286115,-0.98867777959131
1789899692.830011,-0.0659637451171875,-0.2921905517578125,-0.943878173828125,-0.052667603519286225,-0.24313714796185143,-0.979717858438673
1789899692.929743,-0.048980712890625,-0.2363433837890625,-0.998748779296875,-0.051930225393553985,-0.24177839512729365,-0.9835240426103135
1789899693.0291982,-0.0733489990234375,-0.2531890869140625,-0.962066650390625,-0.056213980119530695,-0.24406053348464743,-0.9792325641663758
1789899693.128665,-0.0427703857421875,-0.2781524658203125,-0.9491729736328125,-0.05352526124406206,-0.25087891995178047,-0.9732206460596632
1789899693.228262,-0.055267333984375,-0.2966766357421875,-1.0170135498046875,-0.05387367579212465,-0.2600384631098619,-0.981979226808668
1789899693.3275862,-0.0905303955078125,-0.2647552490234375,-1.00048828125,-0.061205019735262225,-0.26098182029257705,-0.9856810376969344
1789899693.427085,-0.028228759765625,-0.2459564208984375,-0.9628753662109375,-0.05460976774133478,-0.25797674041374913,-0.981119903399735
1789899693.526571,-0.0196075439453125,-0.3128509521484375,-0.966033935546875,-0.04760932298213033,-0.2689515827606868,-0.978102709829163
1789899693.6260738,-0.008453369140625,-0.3052215576171875,-0.9770965576171875,-0.03977813221382927,-0.27620557773198695,-0.977901479386768
1789899693.725606,0.026123046875,-0.310638427734375,-0.944061279296875,-0.026597896396063414,-0.2830921477324646,-0.9711334393687894
1789899693.825091,0.008697509765625,-0.246917724609375,-0.9920501708984375,-0.019538815163725732,-0.2758572631078467,-0.975316785674719
1789899693.924845,-0.003204345703125,-0.3188629150390625,-1.0429534912109375,-0.016271921271605587,-0.28445839349408986,-0.9888441267819628
1789899694.023915,0.015869140625,-0.334381103515625,-1.0184783935546875,-0.00984370889228447,-0.2944429354983969,-0.9947709801365078
1789899694.1235719,0.01141357421875,-0.2568817138671875,-0.937530517578125,-0.005592252270077576,-0.28693069117215503,-0.9833228876248313
1789899694.223325,0.0156402587890625,-0.31524658203125,-0.967010498046875,-0.0013457500582495603,-0.292593869343974,-0.9800604097092401
1789899694.322717,0.0315399169921875,-0.32855224609375,-0.9660186767578125,0.005231383351837852,-0.29978554469392926,-0.9772520631189547
1789899694.4222078,0.0083770751953125,-0.3188018798828125,-0.916534423828125,0.005860521720532782,-0.30358881173170593,-0.9651085352607889
1789899694.521869,0.0277557373046875,-0.2513885498046875,-0.983673095703125,0.010239564837363727,-0.29314875934630225,-0.9688214473492562
1789899694.621262,0.0254974365234375,-0.2644500732421875,-0.98992919921875,0.013291139174578482,-0.2874090221254793,-0.973042997723155
1789899694.72072,0.0049591064453125,-0.31982421875,-0.928314208984375,0.011624732628725286,-0.2938920614503835,-0.964097239975399
1789899694.820317,0.0169525146484375,-0.3890228271484375,-0.9352264404296875,0.01269028903266773,-0.3129182145899943,-0.9583230800662568
1789899694.9196548,0.0222320556640625,-0.3195648193359375,-0.9659423828125,0.014598642358946687,-0.31424753553918294,-0.9598469406155055
1789899695.0192518,0.035797119140625,-0.3367767333984375,-0.9091033935546875,0.01883833771528235,-0.31875337511103385,-0.949698231203342
1789899695.1187391,0.00299072265625,-0.2926788330078125,-0.949249267578125,0.01566881470347588,-0.3135384666903896,-0.9496084384782986
1789899695.2182832,0.04644775390625,-0.185760498046875,-0.984619140625,0.021824602544030708,-0.2879828729616867,-0.9566105789076389
1789899695.317912,0.0572357177734375,-0.2103424072265625,-1.03204345703125,0.028906825589912068,-0.2724547798146618,-0.9716971545323612
1789899695.417212,0.0517578125,-0.17950439453125,-0.9587249755859375,0.03347702297192966,-0.25386470275797945,-0.9691027187430765
1789899695.5171928,0.042724609375,-0.2251434326171875,-0.9999237060546875,0.035326540252543726,-0.24812044872982109,-0.9752669162053988
1789899695.616395,0.0713348388671875,-0.2331085205078125,-0.9771728515625,0.04252819997547248,-0.24511806308541936,-0.9756481032768192
1789899695.71614,0.0748748779296875,-0.206634521484375,-0.960906982421875,0.04899753556631549,-0.2374213547652105,-0.9726998791058304
1789899695.815748,0.107574462890625,-0.0922393798828125,-0.981658935546875,0.0607129210311774,-0.20838495978873092,-0.9744916903940395
1789899695.9147758,0.0963897705078125,-0.0281524658203125,-1.030242919921875,0.06784829092650442,-0.17233846099504724,-0.9856419362996066
1789899696.014637,0.052520751953125,-0.0494537353515625,-0.9912567138671875,0.06478278313182853,-0.1477615158663503,-0.9867648918131228
1789899696.114365,0.065582275390625,-0.0456390380859375,-0.9882965087890625,0.06494268158358783,-0.12733702031026775,-0.9870712152083108
1789899696.2134972,0.0818634033203125,-0.0432586669921875,-0.9989166259765625,0.06832682593093277,-0.11052134964665171,-0.9894402973619612
1789899696.313222,0.0673828125,-0.0435028076171875,-0.9688720703125,0.06813802324474622,-0.09711764124075888,-0.9853266519520689
1789899696.412328,0.056488037109375,-0.05755615234375,-1.0373077392578125,0.06580802601767197,-0.08920534346135711,-0.9957228694132176
1789899696.511952,0.0709686279296875,-0.0437774658203125,-1.0040283203125,0.06684014640007507,-0.08011976793314819,-0.9973839595930741
1789899696.611308,0.054901123046875,-0.0009002685546875,-0.9730224609375,0.06445234172943506,-0.06427586805745605,-0.9925116598619593
1789899696.7109041,0.068756103515625,-0.0087432861328125,-1.003631591796875,0.06531309408667306,-0.05316935167252734,-0.9947356462489425
1789899696.810735,0.0581207275390625,-0.0152130126953125,-0.9399261474609375,0.06387462077715095,-0.045578083877084376,-0.9837737464913416
1789899696.9099889,0.053192138671875,0.0814971923828125,-1.0066375732421875,0.061738124356095755,-0.020163028625105,-0.9883465118415109
1789899697.009387,0.06396484375,0.0527191162109375,-1.0240936279296875,0.06218346823487661,-0.005586599657896499,-0.9954959350591462
1789899697.1089249,0.0358734130859375,0.0522308349609375,-0.965423583984375,0.05692145720508879,0.005976887265870301,-0.9894814648441921
1789899697.208554,0.0424346923828125,0.1172637939453125,-1.0270843505859375,0.05402410424063353,0.02823426860175874,-0.9970020419925412
1789899697.3083081,0.0147705078125,0.22882080078125,-1.037841796875,0.04617338495500683,0.068351575037657,-1.005169992969033
1789899697.40738,0.003814697265625,0.19000244140625,-1.008026123046875,0.03770164741713047,0.0926817483113756,-1.0057412189846016
1789899697.5069141,-0.01171875,0.2120208740234375,-1.0151214599609375,0.027817567933704372,0.11654957345378798,-1.0076172671798687
1789899697.606491,-0.001708984375,0.2187042236328125,-1.0110931396484375,0.021912257471963497,0.1369805034895929,-1.0083124416735825
1789899697.705893,-0.00579833984375,0.2403564453125,-1.0326690673828125,0.016370138008820798,0.15765569185417433,-1.0131837668154287
1789899697.805659,0.0049285888671875,0.170318603515625,-0.9724578857421875,0.01408182818049414,0.16018827418646447,-1.0050385906007804
1789899697.905016,-0.000762939453125,0.240234375,-0.998565673828125,0.011112874653770312,0.1761974943491716,-1.0037440072462493
1789899698.004525,0.0112152099609375,0.2984161376953125,-0.99871826171875,0.01113334171520375,0.20064122301839976,-1.0027388581407495
1789899698.103956,-0.0024566650390625,0.26318359375,-1.004425048828125,0.0084153403643505,0.21314969716471982,-1.0030760962782246
1789899698.203471,-0.0150604248046875,0.2890167236328125,-0.9985198974609375,0.0037201873305428997,0.22832310245833837,-1.0021648565147672
1789899698.302999,-0.0110321044921875,0.2782135009765625,-0.98406982421875,0.0007697289659968202,0.2383011821619832,-0.9985458500555638
1789899698.402557,-0.0001220703125,0.3213043212890625,-1.0066375732421875,0.0005913691102974562,0.2549018099873991,-1.0001641946928885
1789899698.5021,-0.0070953369140625,0.357513427734375,-1.04180908203125,-0.0009459720945745351,0.2754241335367943,-1.0084931721605608
1789899698.60166,-0.0025787353515625,0.358367919921875,-1.02008056640625,-0.0012725247459721282,0.29201289081381043,-1.0108106510096988
1789899698.701212,-0.01177978515625,0.350311279296875,-0.9918670654296875,-0.0033739768280277027,0.30367256851042335,-1.0070219338936965
1789899698.8008971,-0.0057220458984375,0.3587799072265625,-0.9998779296875,-0.0038435906421096623,0.3146940362536512,-1.0055931330524572
1789899698.900116,-0.0258026123046875,0.3965606689453125,-1.0047607421875,-0.008235394974625231,0.33106736279198345,-1.005426654879466
1789899698.999645,-0.0120697021484375,0.3421173095703125,-1.0173492431640625,-0.009002256409387685,0.3332773521476493,-1.0078111725363854
1789899699.0990372,-0.03289794921875,0.3404083251953125,-0.96136474609375,-0.01378139497126015,0.33470354675718195,-0.9985218872478584
1789899699.198571,-0.0237579345703125,0.324127197265625,-1.012451171875,-0.01577670289107062,0.3325882768588706,-1.0013077441732867
1789899699.298358,-0.0215911865234375,0.34771728515625,-1.007568359375,-0.016939599617543995,0.33561407851834646,-1.0025598672136296
1789899699.3976579,-0.0358428955078125,0.3407745361328125,-1.0523529052734375,-0.020720258795597697,0.33664617004123965,-1.0125184748255913
1789899699.497072,-0.0411224365234375,0.27215576171875,-0.974639892578125,-0.02480069434116566,0.32374808837674174,-1.0049427583760981
1789899699.596614,-0.0644378662109375,0.3596343994140625,-1.02081298828125,-0.03272812871512003,0.3309253505842059,-1.0081168043571287
1789899699.696223,-0.055450439453125,0.274505615234375,-0.9814605712890625,-0.03727259086272103,0.31964140351423975,-1.0027855577435154
1789899699.796016,-0.0947113037109375,0.3426971435546875,-1.02020263671875,-0.04876033343236433,0.3242525515223293,-1.0062689735385624
1789899699.89529,-0.05889892578125,0.337066650390625,-0.9816436767578125,-0.050788051902141466,0.3268153712959884,-1.0013439141824125
1789899699.9948559,-0.072479248046875,0.31390380859375,-0.9777984619140625,-0.055126291131088176,0.32423305875554076,-0.9966348237287426
1789899700.0945082,-0.07354736328125,0.295562744140625,-0.9883880615234375,-0.058810505561120545,0.31849899583255764,-0.9949854712876816
1789899700.193793,-0.0312957763671875,0.29974365234375,-0.9753875732421875,-0.05330755972233393,0.3147479271347961,-0.9910658916785827
1789899700.2935,-0.0530242919921875,0.2789764404296875,-0.97784423828125,-0.05325090617630465,0.30759362979377436,-0.9884215609991163
1789899700.392812,-0.040802001953125,0.2386932373046875,-0.9859161376953125,-0.050761125331668724,0.293813551295957,-0.9879204763383556
1789899700.4924278,-0.054229736328125,0.226409912109375,-1.0202484130859375,-0.05145484753095998,0.28033282345864063,-0.994386063687872
1789899700.591831,-0.0583038330078125,0.1689453125,-1.0113525390625,-0.05282464462633049,0.25805532126691255,-0.9977793587627977
1789899700.6915,-0.09161376953125,0.144195556640625,-1.0072021484375,-0.06058246960731439,0.23528336834165506,-0.9996639166977381
1789899700.791092,-0.1352996826171875,0.1467742919921875,-0.973663330078125,-0.07552591220928902,0.21758155307176158,-0.9944637993738156
1789899700.8903499,-0.166748046875,0.0293121337890625,-0.9949493408203125,-0.09377033914243121,0.1799276692152218,-0.994560907663115
1789899700.989932,-0.2070159912109375,0.00115966796875,-1.0037841796875,-0.11641946955613247,0.14417406896592747,-0.9964055620679921
1789899701.0895262,-0.237945556640625,-0.0122222900390625,-0.993560791015625,-0.14072468697303098,0.11289479716492948,-0.9958366078575188
1789899701.1890202,-0.2566070556640625,-0.0167083740234375,-1.013275146484375,-0.16390116071123728,0.08697416292725609,-0.9993243155828901
1789899701.288506,-0.2768707275390625,-0.0635528564453125,-1.0147552490234375,-0.18649507407680233,0.05686875905274237,-1.0024105022709997
1789899701.388156,-0.277252197265625,-0.07916259765625,-0.982269287109375,-0.20464649871456686,0.0296624877109439,-0.9983822592386749
1789899701.4877272,-0.278717041015625,-0.00726318359375,-1.00592041015625,-0.2194606071747785,0.02227735345000512,-0.9998898894221899
1789899701.586952,-0.2611083984375,-0.0541534423828125,-0.9897003173828125,-0.2277901654273228,0.006991194283441594,-0.9978519750143144
1789899701.68649,-0.292327880859375,-0.044219970703125,-1.0065765380859375,-0.24069770851373326,-0.003251038713871725,-0.9995968876286391
1789899701.7861118,-0.2857818603515625,-0.0745391845703125,-0.9638214111328125,-0.24971453888129913,-0.01750866788515988,-0.9924417923294738
1789899701.885435,-0.2744903564453125,-0.038360595703125,-0.9768829345703125,-0.2546697023941018,-0.021679053448752907,-0.9893300207776416
1789899701.984995,-0.253509521484375,-0.007904052734375,-0.9967803955078125,-0.25443766621215647,-0.018924053305877323,-0.9908200957236759
1789899702.08458,-0.26806640625,-0.007568359375,-1.0058441162109375,-0.2571634142197252,-0.01665291451970186,-0.9938248998211283
1789899702.1840239,-0.27410888671875,-0.03338623046875,-0.9952392578125,-0.2605525087195302,-0.01999957770951149,-0.9941077714194028
1789899702.2835898,-0.2694549560546875,-0.0077362060546875,-0.9994659423828125,-0.26233299818656164,-0.017546903378546693,-0.9951794056120848
1789899702.383222,-0.27301025390625,0.0091400146484375,-0.987701416015625,-0.26446844933049934,-0.012209519773149855,-0.993683807692793
1789899702.4826999,-0.2655029296875,-0.008056640625,-0.99847412109375,-0.2646753454018995,-0.011378943943519884,-0.9946418703729845
1789899702.5821319,-0.2558746337890625,-0.0359039306640625,-0.98492431640625,-0.26291520307933214,-0.01628394128762841,-0.9926983595796376
1789899702.681447,-0.20428466796875,-0.0237884521484375,-0.9962615966796875,-0.25118909605721573,-0.01778484345979023,-0.9934110069996476
1789899702.7811751,-0.18487548828125,-0.0537567138671875,-1.0029296875,-0.23792637450202261,-0.024979217541269683,-0.9953147430997181
1789899702.880882,-0.161834716796875,-0.0400848388671875,-0.9867706298828125,-0.2227080429609931,-0.02800034180645325,-0.9936059204563371
1789899702.980383,-0.126678466796875,-0.024261474609375,-0.999237060546875,-0.2035021277281695,-0.0272525683670376,-0.9947321484744447
1789899703.079782,-0.1286163330078125,-0.0218353271484375,-0.9974822998046875,-0.18852496878409813,-0.026169120123317582,-0.9952821787404933
1789899703.179105,-0.1328125,-0.0079803466796875,-0.979217529296875,-0.1773824750272785,-0.022531365434591565,-0.9920692488517697
1789899703.2787042,-0.1212005615234375,-0.014495849609375,-0.9950714111328125,-0.16614609232651031,-0.020924262269548254,-0.9926696813079783
1789899703.378357,-0.1286163330078125,-0.0030670166015625,-1.0157470703125,-0.15864014046277075,-0.017352813135951106,-0.9972851591088826
1789899703.477633,-0.127288818359375,-0.006927490234375,-0.9923095703125,-0.1523698760420916,-0.015267748555635886,-0.9962900413496062
1789899703.577063,-0.1194610595703125,-0.0149383544921875,-0.9989013671875,-0.1457881127477358,-0.015201869742946208,-0.996812306517185
1789899703.676616,-0.1171722412109375,0.0037384033203125,-1.001251220703125,-0.14006493844037615,-0.011413815130294467,-0.997700089354373
1789899703.776382,-0.124176025390625,-0.0086212158203125,-1.011383056640625,-0.13688715583042593,-0.010855295268298074,-1.0004366828116233
1789899703.875603,-0.1269073486328125,-0.01434326171875,-1.00299072265625,-0.13489119439090325,-0.01155288855838846,-1.0009474907805487
1789899703.975111,-0.10382080078125,-0.0179901123046875,-0.99530029296875,-0.1286771156689726,-0.012840333307648267,-0.999818051218189
1789899704.074826,-0.07769775390625,-0.0140533447265625,-0.9972381591796875,-0.11848124331642809,-0.013082935591431115,-0.9993020728104888
1789899704.174236,-0.0435638427734375,-0.041595458984375,-0.9998016357421875,-0.10349776320782998,-0.018785440270019892,-0.9994019853968286
1789899704.2736402,-0.0352020263671875,-0.0360260009765625,-0.9854278564453125,-0.08983861583970149,-0.022233552411328416,-0.9966071596065254
1789899704.373075,-0.041656494140625,-0.034637451171875,-0.9956817626953125,-0.0802021914998862,-0.024714332163437734,-0.9964220802242828
1789899704.472687,-0.034332275390625,-0.0345001220703125,-0.988800048828125,-0.07102820827803395,-0.02667149014481269,-0.9948976739450514
1789899704.572204,-0.029449462890625,-0.024871826171875,-0.9886016845703125,-0.06271245920055216,-0.026311557350225154,-0.9936384760701037
1789899704.67175,-0.0206756591796875,-0.027801513671875,-0.9881591796875,-0.05430509919637923,-0.026609548614555126,-0.992542616793583
1789899704.771224,-0.0068359375,-0.0139312744140625,-1.01007080078125,-0.044811266857103384,-0.024073893774456602,-0.9960482535911164
1789899704.870657,-0.0135345458984375,-0.0198516845703125,-1.01202392578125,-0.03855592266537021,-0.023229451933627784,-0.9992433880291431
1789899704.970283,-0.006591796875,-0.030487060546875,-0.996429443359375,-0.03216309750729617,-0.02468097365627723,-0.9986805990951896
1789899705.069695,-0.009765625,-0.0518646240234375,-0.9963531494140625,-0.02768360300583694,-0.03011770372970929,-0.9982151091589643
1789899705.16926,-0.0059967041015625,-0.0306243896484375,-0.9865264892578125,-0.023346223224982053,-0.030219040913454932,-0.9958773851787339
1789899705.268913,0.00579833984375,-0.0310821533203125,-1.0023651123046875,-0.017517310611235643,-0.03039166339482645,-0.9971749306039246
1789899705.368307,0.0423583984375,-0.047760009765625,-1.00579833984375,-0.0055421688014885145,-0.033865332668986156,-0.9988996124518896
1789899705.4680471,0.0792694091796875,-0.0576324462890625,-1.001434326171875,0.011420146794746688,-0.03861875539300143,-0.9994065551958867
1789899705.567984,0.0885162353515625,-0.0385589599609375,-1.00006103515625,0.026839364506109853,-0.03860679630658864,-0.9995374511879594
1789899705.666872,0.1262054443359375,-0.0508270263671875,-0.9901885986328125,0.04671258047207538,-0.04105084231870841,-0.9976676806769301
1789899705.7667332,0.132659912109375,-0.04632568359375,-1.01025390625,0.06390204679953532,-0.042105810573716734,-1.0001849257915443
1789899705.866053,0.1091461181640625,-0.0335235595703125,-0.993408203125,0.07295086107244075,-0.04038936037303589,-0.9988295812582355
1789899705.965344,0.1231536865234375,0.012908935546875,-1.0047149658203125,0.0829914261626401,-0.029729701189053718,-1.0000066581706508
1789899706.065287,0.100341796875,0.026519775390625,-0.97064208984375,0.08646150030511209,-0.018479805873117976,-0.9941337445052707
1789899706.1644769,0.107666015625,0.0130157470703125,-1.0090789794921875,0.09070240336908966,-0.012180695284431881,-0.9971227915026541
1789899706.264203,0.1042633056640625,0.0244598388671875,-1.00238037109375,0.09341458382808424,-0.004852588454108004,-0.9981743074208734
1789899706.363865,0.14019775390625,0.0809173583984375,-0.9999847412109375,0.1027712178437174,0.012301400916401098,-0.9985363941788863
1789899706.4631329,0.1512298583984375,0.078125,-1.0090179443359375,0.11246294595466143,0.02546612073312088,-1.0006327042102967
1789899706.562618,0.1352081298828125,0.1234283447265625,-1.016265869140625,0.11701198274029165,0.0450585655318092,-1.0037593371963625
1789899706.662128,0.12677001953125,0.128814697265625,-1.0098876953125,0.11896359009848333,0.061809791878572364,-1.00498500881959
1789899706.76164,0.1241607666015625,0.1502227783203125,-0.9807281494140625,0.12000302539909916,0.07949238916692039,-1.0001336369384846
1789899706.86114,0.1044769287109375,0.2464599609375,-0.9994659423828125,0.11689780606146682,0.11288590352103631,-1.0000000980273502
1789899706.9605498,0.0862884521484375,0.2563323974609375,-0.9898681640625,0.11077593527886097,0.14157520230901655,-0.9979737112343803
1789899707.060322,0.105712890625,0.34173583984375,-1.0123748779296875,0.10976332634808879,0.18160732981596323,-1.000853944573442
1789899707.159684,0.0904388427734375,0.227020263671875,-0.9930419921875,0.10589842963315854,0.1906899165871456,-0.9992915540962536
1789899707.259139,0.074432373046875,0.432647705078125,-1.0769805908203125,0.09960521831590184,0.2390814742853415,-1.0148293614410655
1789899707.358679,0.0532073974609375,0.2717437744140625,-1.004302978515625,0.09032565414490898,0.2456139343110857,-1.0127240848559775
1789899707.458095,0.0497283935546875,0.281219482421875,-1.01263427734375,0.08220620202686468,0.25273504393324353,-1.0127061233535322
1789899707.557683,0.0366668701171875,0.3033294677734375,-0.9917755126953125,0.07309833564492925,0.2628539287012823,-1.0085200012218882
1789899707.657113,0.019775390625,0.3393096923828125,-0.97265625,0.0624337466409434,0.27814508143758837,-1.0013472509775105
1789899707.7566519,-0.0078887939453125,0.3551025390625,-0.9835205078125,0.04836923852369222,0.29353657296257074,-0.9977819023445085
1789899707.8562021,0.042236328125,0.451080322265625,-1.017608642578125,0.04714265644395378,0.3250453228231816,-1.0017472503912317
1789899707.95571,0.0272216796875,0.3973236083984375,-1.0272216796875,0.04315846109266303,0.3395009799382328,-1.0068421362504854
1789899708.055379,0.045318603515625,0.5092926025390625,-1.030242919921875,0.04359048957725543,0.37345930445839876,-1.0115222929847634
1789899708.154731,0.028472900390625,0.3492279052734375,-0.98260498046875,0.04056697173992935,0.36861302462140655,-1.0057388304815607
1789899708.254211,0.081451416015625,0.439788818359375,-0.9799041748046875,0.04874386059506848,0.3828481833690003,-1.000571899346186
1789899708.353847,0.097076416015625,0.3704833984375,-1.0241851806640625,0.05841037167917979,0.38037522638270027,-1.0052945556097614
1789899708.4532971,0.1098785400390625,0.39117431640625,-1.020721435546875,0.06870400535115634,0.38253504438741026,-1.0083799315971842
1789899708.552796,0.15509033203125,0.35394287109375,-0.9898834228515625,0.08598127068717508,0.37681660972867825,-1.00468062984806
1789899708.652255,0.156494140625,0.2017669677734375,-0.993408203125,0.10008384467474007,0.34180668133763015,-1.002426144503448
1789899708.751765,0.1761474609375,0.2258453369140625,-0.9774017333984375,0.11529656792729207,0.31861441245291666,-0.9974212622824459
1789899708.8514051,0.15863037109375,0.133209228515625,-0.98114013671875,0.12396332856058367,0.28153337566545833,-0.9941650371697067
1789899708.95086,0.181182861328125,0.072845458984375,-1.021148681640625,0.13540723511409195,0.23979579232924167,-0.9995617660638905
1789899709.050484,0.1985321044921875,0.10455322265625,-0.9785919189453125,0.14803220898971106,0.21274727839464333,-0.9953677966401749
1789899709.149932,0.20367431640625,0.029937744140625,-0.997161865234375,0.15916063047301887,0.17618537154383968,-0.995726610359015
1789899709.249661,0.187530517578125,0.02667236328125,-1.01849365234375,0.1648346078940401,0.14628276989132175,-1.0002800187559622
1789899709.349231,0.1922607421875,0.0131683349609375,-1.0556793212890625,0.1703198347527321,0.1196598829052449,-1.0113598792625824
1789899709.44877,0.2101898193359375,0.016143798828125,-0.983795166015625,0.17829383166937318,0.09895666608982093,-1.005846936613191
1789899709.548403,0.186065673828125,-0.0244598388671875,-0.97943115234375,0.17984820010112357,0.07427336509841924,-1.000563779759303
1789899709.647918,0.1884613037109375,-0.0627899169921875,-0.9829254150390625,0.18157082082308637,0.046860708680297895,-0.997036106815255
1789899709.747582,0.178253173828125,-0.0247802734375,-0.992279052734375,0.1809072914240941,0.03253251225673832,-0.996084695999079
1789899709.846558,0.1937103271484375,-0.034393310546875,-0.98651123046875,0.18346789856896278,0.019147347696015657,-0.9941700028930133
1789899709.945804,0.1965789794921875,0.003173828125,-0.983306884765625,0.18609011475360773,0.015952643781812527,-0.9919973792675357
1789899710.045423,0.2140350341796875,0.052581787109375,-1.0179901123046875,0.19167909863882368,0.023278472447325022,-0.9971959258749661
1789899710.1448069,0.20941162109375,0.0920562744140625,-1.0226287841796875,0.19522560312980897,0.03703403284067252,-1.0022824975359104
1789899710.2444081,0.1847991943359375,0.048919677734375,-0.9948883056640625,0.1931403213710347,0.03941116181941302,-1.0008036591615408
1789899710.344137,0.18402099609375,0.055908203125,-1.011627197265625,0.19131645631557778,0.04271057008053042,-1.0029683667823577
1789899710.443336,0.1816558837890625,0.039093017578125,-1.0085601806640625,0.18938434181027475,0.041987059580049335,-1.0040867295586988
1789899710.5459828,0.194122314453125,0.02410888671875,-0.9949798583984375,0.1903319363388448,0.03841142500778947,-1.0022653553266467
1789899710.642396,0.1836700439453125,0.0345916748046875,-1.0074920654296875,0.18899955786013833,0.037647474967169074,-1.003310697347255
1789899710.7418509,0.20172119140625,0.0259246826171875,-0.974761962890625,0.19154388456936067,0.035302916497172765,-0.997600950455929
1789899710.8413792,0.21258544921875,0.0391082763671875,-0.9697418212890625,0.19575219749923853,0.036063988471175715,-0.9920291246225558
1789899710.940936,0.19464111328125,0.014068603515625,-1.0277252197265625,0.19552998065564084,0.031664911480065575,-0.9991683436433572
1789899711.040374,0.1680755615234375,0.0072784423828125,-0.9492034912109375,0.19003909682920017,0.02678761766061496,-0.9891753731568733
1789899711.1399698,0.1485595703125,0.1186065673828125,-0.976165771484375,0.18174319152586016,0.04515140760505447,-0.9865734528223737
1789899711.239389,0.1578216552734375,0.17572021484375,-1.02239990234375,0.17695888427537565,0.07126516905279358,-0.9937387427266491
1789899711.3390841,0.1580352783203125,0.1235504150390625,-0.9761505126953125,0.173174163084363,0.08172221825004736,-0.9902210967203818
1789899711.438418,0.17010498046875,0.0330963134765625,-0.9661407470703125,0.17256032656124043,0.0719970372953504,-0.985405026790368
1789899711.53792,0.176177978515625,0.0615692138671875,-1.0016937255859375,0.17328385695211737,0.06991147260971782,-0.9886627665494819
1789899711.63763,0.1792144775390625,0.116363525390625,-1.0034942626953125,0.1744699810695064,0.07920188316589925,-0.9916290657786481
1789899711.736934,0.1722869873046875,0.077178955078125,-1.0040435791015625,0.17403338231654264,0.07879729754834441,-0.9941119684432309
1789899711.836472,0.1567230224609375,-0.0561676025390625,-0.9936370849609375,0.17057131034542164,0.05180431753086304,-0.9940169917467723
1789899711.936131,0.15087890625,-0.0221099853515625,-0.9914093017578125,0.16663282952633732,0.03702145695437793,-0.9934954537489803
1789899712.035629,0.1571502685546875,0.013031005859375,-1.020355224609375,0.1647363173320074,0.032223366735377346,-0.9988674079210593
1789899712.135116,0.181121826171875,-0.003875732421875,-1.00079345703125,0.1680134190999809,0.02500354690392688,-0.9992526177430975
1789899712.23458,0.147796630859375,-0.0089263916015625,-0.98504638671875,0.16397006145185974,0.018217559202829005,-0.9964113715382281
1789899712.334146,0.1771087646484375,0.077911376953125,-0.9986114501953125,0.1665978020911753,0.030156322752888206,-0.9968513872696451
1789899712.433518,0.1551055908203125,0.0586395263671875,-0.9832000732421875,0.16429935983700275,0.03585296347574807,-0.9941211244641536
1789899712.533122,0.09979248046875,0.1300506591796875,-1.0345306396484375,0.15139798396335222,0.05469250261653596,-1.0022030275010103
1789899712.632802,0.117279052734375,0.1121368408203125,-1.01483154296875,0.14457419771755678,0.06618137025729127,-1.0047287305945583
1789899712.732106,0.133819580078125,0.068389892578125,-1.00244140625,0.14242327418967043,0.06662307472145802,-1.0042712657256467
1789899712.8316169,0.056915283203125,0.02880859375,-0.9788970947265625,0.12532167599236135,0.05906017852716642,-0.9991964315258299
1789899712.931223,0.0701446533203125,0.0343780517578125,-1.0179901123046875,0.11428627145795159,0.05412375317329564,-1.0029551676816015
1789899713.031141,0.0703125,0.0823974609375,-1.017913818359375,0.10549151716636128,0.059778494726136513,-1.0059468978171564
1789899713.130272,0.0518646240234375,0.08795166015625,-1.008056640625,0.09476613853777653,0.06541312781215922,-1.0063688463787253
1789899713.231182,0.03680419921875,0.0979766845703125,-1.01153564453125,0.08317375067397123,0.07192583916378988,-1.0074022060092302
1789899713.329243,0.0442657470703125,0.09173583984375,-1.0137481689453125,0.07539214995323948,0.0758878392997819,-1.0086713985964466
1789899713.428772,-0.0008392333984375,0.0807952880859375,-1.0128173828125,0.060145873282904085,0.07686932905701302,-1.0095005954396574
1789899713.528275,-0.04791259765625,0.1612396240234375,-1.02569580078125,0.03853417909507327,0.09374338805029792,-1.012739636507976
1789899713.62834,-0.0499420166015625,0.1324005126953125,-1.0386962890625,0.020838939955746115,0.10147481297930083,-1.0179309670188808
1789899713.7277222,-0.0657806396484375,0.107574462890625,-1.0230255126953125,0.0035150240349093934,0.10269474296156567,-1.018949876154167
1789899713.826855,-0.0506134033203125,0.1157989501953125,-0.9876556396484375,-0.007310661436134987,0.10531558440831504,-1.012691028853021
1789899713.926525,-0.0615234375,0.07745361328125,-0.9940948486328125,-0.01815321664890799,0.09974319018290204,-1.0089717928089794
1789899714.0258942,-0.0765228271484375,0.1342315673828125,-1.00994873046875,-0.029827138748813892,0.10664086562288413,-1.0091671803409337
1789899714.125402,-0.0570068359375,0.082366943359375,-0.9237213134765625,-0.03526307818655111,0.10178608117018231,-0.9920780069680595
1789899714.224935,-0.04571533203125,0.05938720703125,-0.988616943359375,-0.03735352895549089,0.09330630634239587,-0.9913857942463227
1789899714.324404,-0.054718017578125,0.1236724853515625,-0.9497528076171875,-0.040826426680017715,0.0993795421442292,-0.9830591969204957
1789899714.42383,-0.0648040771484375,0.153900146484375,-1.004180908203125,-0.04562195677370168,0.11028366301225836,-0.9872835391770216
1789899714.5233521,-0.0670623779296875,0.115631103515625,-0.98583984375,-0.04991004100489884,0.1113531511129317,-0.9869948000916173
1789899714.62285,-0.05145263671875,0.129058837890625,-0.98284912109375,-0.050218560147669074,0.11489428846847037,-0.9861656642920439
1789899714.722464,-0.0596160888671875,0.1051483154296875,-0.9825286865234375,-0.052098065891572766,0.1129450938607138,-0.9854382687383227
1789899714.821872,-0.0460357666015625,0.1062774658203125,-0.9512176513671875,-0.050885606033570716,0.11161156825263355,-0.9785941452640958
1789899714.921589,-0.0223541259765625,0.246002197265625,-0.951507568359375,-0.04517931002216907,0.13848969405523184,-0.9731768298831517
1789899715.020951,-0.0564117431640625,0.2480316162109375,-0.9605712890625,-0.04742579665054776,0.160398078486373,-0.9706557217190214
1789899715.120424,-0.064605712890625,0.12701416015625,-0.9438018798828125,-0.05086177989856321,0.1537212948203484,-0.9652849533517797
1789899715.2199001,-0.068572998046875,0.1154632568359375,-0.9795379638671875,-0.05440402352822558,0.14606968722346622,-0.9681355554548613
1789899715.319422,-0.0601654052734375,0.184906005859375,-0.93658447265625,-0.05555629987726796,0.15383695095064798,-0.9618253388951391
1789899715.4189491,-0.0550384521484375,0.18634033203125,-0.9839935302734375,-0.05545273033150187,0.1603376271667684,-0.9662589771707989
1789899715.518527,-0.1071624755859375,0.17486572265625,-0.944793701171875,-0.065794679382389,0.16324324626466472,-0.9619659219710142
1789899715.618002,-0.1484832763671875,0.146148681640625,-1.005279541015625,-0.08233239877934871,0.1598243333398568,-0.9706286457799363
1789899715.7175431,-0.163482666015625,0.1895599365234375,-1.0281829833984375,-0.09856245222660398,0.16577145397657295,-0.9821395133036366
1789899715.817175,-0.1670684814453125,0.1526031494140625,-1.0451812744140625,-0.11226365807034569,0.16313779306407086,-0.9947478655257218
1789899715.916697,-0.1794281005859375,0.2392425537109375,-0.99017333984375,-0.12569654657346407,0.1783587451934442,-0.9938329603893276
1789899716.016358,-0.2254486083984375,0.068511962890625,-1.005645751953125,-0.14564695893845875,0.15638938873288036,-0.996195518702087
1789899716.115745,-0.2250518798828125,0.0382232666015625,-0.92327880859375,-0.1615279431273295,0.1327561643066168,-0.9816121766804197
1789899716.214913,-0.185302734375,0.1688995361328125,-1.0542755126953125,-0.16628290137686358,0.13998483867185596,-0.9961448438833983
1789899716.314402,-0.1873016357421875,0.0360565185546875,-0.97283935546875,-0.17048664824992837,0.11919917464842228,-0.9914837462004686
1789899716.4140139,-0.19415283203125,0.1338348388671875,-1.0181884765625,-0.17521988500619273,0.12212630749217533,-0.996824692272875
1789899716.513647,-0.1989288330078125,0.0866546630859375,-1.01824951171875,-0.1799616746065167,0.11503197861092777,-1.00110965616205
1789899716.6131701,-0.1938018798828125,0.1167755126953125,-1.029693603515625,-0.18272971566177587,0.11538068542780473,-1.0068264456327651
1789899716.7127252,-0.1703033447265625,0.0419158935546875,-0.9990386962890625,-0.1802444414747332,0.10068772705318128,-1.0052688957640248
1789899716.8120642,-0.179443359375,0.103424072265625,-0.97271728515625,-0.18008422505478658,0.10123499609567004,-0.9987585736424699
1789899716.9118009,-0.1806640625,0.1161956787109375,-1.0468597412109375,-0.18020019254382927,0.10422713261872353,-1.0083788071561635
1789899717.011176,-0.190887451171875,0.0565032958984375,-0.9751129150390625,-0.1823376442694384,0.09468236527466634,-1.0017256287327432
1789899717.110673,-0.1721649169921875,0.1193695068359375,-1.0331878662109375,-0.18030309881398823,0.09961979358692058,-1.0080180762283821
1789899717.210133,-0.193389892578125,0.086212158203125,-1.0064697265625,-0.18292045756681558,0.09693826651016146,-1.0077084062952057
1789899717.309638,-0.23773193359375,0.2212066650390625,-1.003631591796875,-0.19388275277220246,0.12179194621594167,-1.0068930433955396
1789899717.4092999,-0.22283935546875,0.192535400390625,-1.0121307373046875,-0.199674073311512,0.13594063705087833,-1.0079405821773693
1789899717.508585,-0.2344970703125,0.107666015625,-1.0268402099609375,-0.2066386727117096,0.13028571276570267,-1.011720507734083
1789899717.608459,-0.229736328125,0.1137847900390625,-0.990386962890625,-0.21125820379436772,0.12698552822037465,-1.0074537987653913
1789899717.708025,-0.200408935546875,0.1749725341796875,-0.962860107421875,-0.2090883501448692,0.13658292941223724,-0.9985350604966882
1789899717.807586,-0.2066650390625,0.16705322265625,-0.97314453125,-0.2086036879283954,0.1426769880610398,-0.9934569546473506
1789899717.906851,-0.195098876953125,0.2221527099609375,-1.03839111328125,-0.20590272573334134,0.15857213244101934,-1.0024437863741307
1789899718.0061522,-0.196746826171875,0.1667022705078125,-1.023162841796875,-0.20407154582104808,0.16019816005437798,-1.0065875974586795
1789899718.105813,-0.1999969482421875,0.1368255615234375,-0.986358642578125,-0.20325662630527597,0.15552364034818988,-1.0025418064825686
1789899718.2052531,-0.1887664794921875,0.0866546630859375,-0.9478759765625,-0.20035859694265828,0.1417498448957394,-0.9916086404985549
1789899718.304865,-0.197113037109375,0.1787872314453125,-0.9799346923828125,-0.19970948497600163,0.14915732220565403,-0.9892738508754064
1789899718.404257,-0.2162017822265625,0.1337738037109375,-1.0137176513671875,-0.2030079444261138,0.14608061850671072,-0.9941626109737627
1789899718.503741,-0.198883056640625,0.0860748291015625,-0.9784698486328125,-0.20218296686901605,0.1340794606256811,-0.9910240585055727
1789899718.603366,-0.2081451416015625,0.0048065185546875,-0.9768829345703125,-0.20337540181552535,0.10822487221148239,-0.9881958337185208
1789899718.70267,-0.2003936767578125,-0.0704193115234375,-0.97161865234375,-0.2027790568039828,0.07249603546449841,-0.9848803974435667
1789899718.802301,-0.1905364990234375,-0.003448486328125,-1.0305023193359375,-0.20033054524787375,0.057307131105973734,-0.9940047818220409
1789899718.90202,-0.2075042724609375,0.015380859375,-1.0244140625,-0.2017652906904865,0.048921876759778986,-1.0000866379576328
1789899719.0013871,-0.205535888671875,0.0037841796875,-1.0040130615234375,-0.2025194102867642,0.03989433734532319,-1.0008719226707938
1789899719.100852,-0.22216796875,0.0333251953125,-1.001007080078125,-0.20644912197941137,0.038580508938758556,-1.0008989541522602
1789899719.200326,-0.229248046875,0.0179595947265625,-0.9659271240234375,-0.21100890695852909,0.034456326096319344,-0.9939045881264956
1789899719.29979,-0.2115020751953125,0.0537109375,-0.9856414794921875,-0.2111075406058858,0.03830724837705547,-0.9922519663996341
1789899719.399393,-0.20745849609375,0.0868682861328125,-0.99029541015625,-0.21037773170345866,0.04801945592820688,-0.9918606551509573
1789899719.498897,-0.2166748046875,0.0141754150390625,-1.0149078369140625,-0.21163714630026695,0.04125064775037801,-0.9964700915035783
1789899719.598594,-0.211456298828125,0.024871826171875,-1.024810791015625,-0.2116009768058386,0.03797488343467741,-1.0021382314059877
1789899719.6978002,-0.209716796875,0.025299072265625,-0.983551025390625,-0.2112241408196709,0.035439721200866935,-0.9984207902029152
1789899719.797277,-0.20440673828125,0.0093536376953125,-1.0102386474609375,-0.20986066031198675,0.030222504499756046,-1.0007843616545196
1789899719.897289,-0.218017578125,0.03021240234375,-0.9813232421875,-0.21149204387458942,0.030220484068554838,-0.9968921377611157
1789899719.996661,-0.2265625,0.074249267578125,-1.0153350830078125,-0.21450613509967156,0.03902624077046887,-1.0005807268104552
1789899720.0958462,-0.2206878662109375,0.0482330322265625,-1.002044677734375,-0.21574248132192478,0.040867599061687604,-1.0008735169952392
1789899720.1955051,-0.2219390869140625,0.007049560546875,-0.975433349609375,-0.21698180244035234,0.034103991358725085,-0.9957854835180664
1789899720.295073,-0.22930908203125,0.059783935546875,-1.0012969970703125,-0.21944725835853188,0.03923998019635507,-0.9968877862285157
1789899720.394511,-0.213958740234375,0.0530242919921875,-0.9797821044921875,-0.21834955473370052,0.04199684255552156,-0.9934666498812501
1789899720.49403,-0.2028656005859375,0.072479248046875,-1.02410888671875,-0.21525276390414794,0.04809332365379225,-0.9995950972487502
1789899720.5937672,-0.2003173828125,0.05767822265625,-1.017852783203125,-0.21226568768581836,0.050010303454283804,-1.0032466344396251
1789899720.693057,-0.236541748046875,-0.019287109375,-0.996826171875,-0.2171208997580297,0.03615082088842704,-1.0019625419267002
1789899720.792542,-0.2261962890625,0.0482635498046875,-0.9765625,-0.21893597761892375,0.038573366671679134,-0.9968825335413602
1789899720.8919811,-0.2350311279296875,-0.000885009765625,-1.0002593994140625,-0.22215500768107652,0.03068169138421831,-0.9975579067159007
1789899720.99158,-0.2176666259765625,-0.019439697265625,-0.96221923828125,-0.22125733134017372,0.02065741365424965,-0.9904901730289706
1789899721.091134,-0.1967620849609375,0.04608154296875,-0.9878692626953125,-0.2163582820643265,0.025742239517149722,-0.9899659909622389
1789899721.190588,-0.1967010498046875,0.0669403076171875,-1.002716064453125,-0.21242683561239872,0.03398185313715728,-0.9925160056604162
1789899721.290129,-0.1916656494140625,-0.01031494140625,-0.9738311767578125,-0.2082745983727315,0.025122494228475824,-0.9887790398798955
1789899721.389556,-0.1938323974609375,0.01202392578125,-0.961883544921875,-0.2053861581903727,0.02250278053903066,-0.9833999408882914
1789899721.489129,-0.17266845703125,-0.001129150390625,-0.963653564453125,-0.19884261795854818,0.01777639435309953,-0.9794506656012583
1789899721.588805,-0.199066162109375,0.05902099609375,-0.9842681884765625,-0.19888732678871357,0.026025314701229624,-0.9804141701763192
1789899721.688098,-0.190216064453125,0.0074310302734375,-1.0026092529296875,-0.19715307432159587,0.022306457815671202,-0.9848531867269928
1789899721.788121,-0.185272216796875,0.084014892578125,-1.0316314697265625,-0.1947769028166517,0.03464814476816196,-0.9942088433269068
1789899721.887742,-0.1651458740234375,0.069610595703125,-1.047088623046875,-0.18885069705800886,0.041640634955154576,-1.0047847992709005
1789899721.986699,-0.13702392578125,0.0324554443359375,-1.0062103271484375,-0.1784853428026571,0.03980359683131116,-1.005069904846408
1789899722.086155,-0.116058349609375,0.0220184326171875,-1.0132598876953125,-0.16599994416400068,0.03624656398848643,-1.0067079014161888
1789899722.1857882,-0.1134490966796875,0.02093505859375,-1.0081787109375,-0.15548977466713806,0.033184262909539144,-1.007002063320451
1789899722.285235,-0.1417388916015625,0.0294036865234375,-0.97906494140625,-0.15273959805402296,0.03242814763231882,-1.0014146389376108
1789899722.384711,-0.12823486328125,0.02587890625,-1.03131103515625,-0.14783865109946837,0.03111829935585506,-1.0073939181813387
1789899722.48428,-0.12420654296875,0.026336669921875,-0.9640045166015625,-0.1431122294733247,0.03016197346905905,-0.9987160378653835
1789899722.5840778,-0.0959014892578125,0.003875732421875,-1.0009613037109375,-0.13367008143022224,0.02490472525962224,-0.9991650910344945
1789899722.683306,-0.0850830078125,-0.0030975341796875,-1.0284423828125,-0.1239526667066778,0.019304273371760293,-1.0050205493900957
1789899722.7828,-0.0902557373046875,-0.0123748779296875,-1.0243072509765625,-0.11721328082627974,0.012968443111470735,-1.0088778897073891
1789899722.882761,-0.0987091064453125,0.007415771484375,-1.0070648193359375,-0.1135124459500863,0.011857908786051589,-1.0085152756330988
1789899722.981911,-0.1154022216796875,-0.0007171630859375,-0.9717864990234375,-0.11389040109600655,0.009342894411653773,-1.0011695203111666
1789899723.081286,-0.1097259521484375,0.0139617919921875,-1.022705078125,-0.11305751130649275,0.010266673927760518,-1.0054766318739332
1789899723.1807818,-0.1232757568359375,-0.001922607421875,-0.9846038818359375,-0.1151011604123817,0.007828817657833415,-1.001302081866334
1789899723.280352,-0.1581573486328125,-0.0274810791015625,-0.9868011474609375,-0.12371239805646787,0.0007668383059542313,-0.9984018949852549
1789899723.3798451,-0.153350830078125,-0.0043792724609375,-0.973114013671875,-0.1296400844607993,-0.00026238384742411497,-0.993344318722579
1789899723.47928,-0.169525146484375,0.0078277587890625,-0.96649169921875,-0.13761709686551443,0.0013556446798732081,-0.9879737948218132
1789899723.5790749,-0.2022857666015625,-0.023040771484375,-1.0289459228515625,-0.15055083081272405,-0.0035236385529764337,-0.9961682204277631
1789899723.678256,-0.20794677734375,-0.0139312744140625,-1.01947021484375,-0.16203002011892925,-0.005605165725193647,-1.0008286193109606
1789899723.77777,-0.1915283203125,0.0112457275390625,-0.9339599609375,-0.1679296801576434,-0.002234987072342418,-0.9874548876362684
1789899723.877283,-0.1962432861328125,-0.0244293212890625,-1.03082275390625,-0.17359240135267723,-0.006673853915686435,-0.9961284608902647
1789899723.976853,-0.184234619140625,0.0234222412109375,-0.9768829345703125,-0.1757208449102668,-0.0006546348903616484,-0.9922793556262743
1789899724.076466,-0.1610260009765625,0.011199951171875,-0.9438629150390625,-0.17278187612352594,0.0017162823220856814,-0.982596067508832
1789899724.175815,-0.1693267822265625,-0.023193359375,-0.990753173828125,-0.17209085734413326,-0.0032656460173314545,-0.9842274887726906
1789899724.275379,-0.082672119140625,-0.0160980224609375,-1.00408935546875,-0.15420710970343163,-0.005832121306052663,-0.9881998621119026
1789899724.374713,0.2836761474609375,0.1722259521484375,-0.88226318359375,-0.0666304582705578,0.02977949338484537,-0.9670125264082721
1789899724.4742332,-0.0555419921875,-0.42218017578125,-0.839630126953125,-0.06441276505394625,-0.0606124404483737,-0.9415360465172427
1789899724.574023,0.0355987548828125,0.04461669921875,-1.055206298828125,-0.0444104610665945,-0.03956661251494896,-0.9642700969794192
1789899724.6732779,-0.361358642578125,-0.01263427734375,-1.116546630859375,-0.10780009736890062,-0.03418014548070917,-0.9947254037554105
1789899724.772871,-0.3030242919921875,-0.29620361328125,-0.8174591064453125,-0.146844936293558,-0.08658483904081735,-0.9592721442933909
1789899724.872308,-0.0323333740234375,0.074737548828125,-0.8881378173828125,-0.1239426238395339,-0.05432036146702888,-0.9450452789112753
1789899724.971842,-0.147003173828125,0.0342559814453125,-0.8149871826171875,-0.12855473383725213,-0.036605092884560604,-0.9190336596524578
1789899725.071383,-0.05218505859375,0.0327606201171875,-1.0779571533203125,-0.11328079878855171,-0.022731950284210982,-0.9508183583860288
1789899725.171033,0.0587310791015625,-0.016357421875,-0.9165191650390625,-0.07887842321052888,-0.02145704460236879,-0.9439585197166356
1789899725.270458,0.2121429443359375,-0.0750274658203125,-0.8813934326171875,-0.0206741497012356,-0.03217112884595753,-0.9314455022967459
1789899725.36988,0.056060791015625,-0.04217529296875,-0.70587158203125,-0.00532716155786348,-0.03417196167051603,-0.8863307182436468
1789899725.469548,-0.06915283203125,0.0169830322265625,-1.013427734375,-0.018092295652540787,-0.02394096289110033,-0.9117501214699175
1789899725.569088,0.009002685546875,-0.06787109375,-0.985107421875,-0.01267329941265763,-0.03272698906288026,-0.926421581550934
1789899725.668567,0.041900634765625,0.0711822509765625,-0.985107421875,-0.0017585125770011034,-0.011945141054991712,-0.9381587496157473
1789899725.7680779,0.076171875,-0.018524169921875,-1.06365966796875,0.01382756493839912,-0.01326094682836837,-0.9632589332863478
1789899725.867869,0.145294189453125,0.02215576171875,-0.993408203125,0.0401208898413443,-0.006177605118944696,-0.9692887872540783
1789899725.9674258,0.1506500244140625,0.0080718994140625,-1.0023956298828125,0.06222671675588794,-0.0033277042123432575,-0.9759101557798252
1789899726.066534,0.174346923828125,-0.10546875,-1.029754638671875,0.08465075817033535,-0.023755913369874607,-0.9866790523582352
1789899726.165935,0.1380615234375,-0.07183837890625,-0.9950714111328125,0.09533291122376829,-0.03337240647714969,-0.9883575241131507
1789899726.2656221,0.1312103271484375,-0.0284881591796875,-0.994781494140625,0.10250839440870214,-0.03239555701765725,-0.9896423181186457
1789899726.365051,0.123687744140625,-0.026702880859375,-0.9199371337890625,0.10674426435508672,-0.0312570217860008,-0.9757012812527291
1789899726.464754,0.1618499755859375,-0.076995849609375,-1.0677490234375,0.11776540660125687,-0.04040478735067564,-0.9941108296896835
1789899726.564434,0.1639251708984375,-0.0647735595703125,-1.0801849365234375,0.126997359460693,-0.045278541794603014,-1.0113256510564343
1789899726.663651,0.2015838623046875,-0.1036376953125,-1.021636962890625,0.1419146600294919,-0.05695037249818241,-1.0133879134232726
1789899726.763077,0.2263946533203125,-0.1240081787109375,-0.9820098876953125,0.15881065868765604,-0.07036193374073343,-1.0071123082776805
1789899726.8625479,0.285247802734375,-0.154052734375,-0.9847869873046875,0.18409808749699985,-0.08710009386758676,-1.002647244083082
1789899726.9621902,0.2687530517578125,-0.0812530517578125,-0.97222900390625,0.2010290803491624,-0.08593068544563191,-0.9965635960477157
1789899727.061624,0.251556396484375,-0.0374908447265625,-1.0080718994140625,0.21113454357620492,-0.07624271730181803,-0.9988652567209851
1789899727.161387,0.2092742919921875,-0.04315185546875,-1.0138092041015625,0.21076249325940144,-0.06962454493520442,-1.0018540461971006
1789899727.2608771,0.2535247802734375,0.08074951171875,-1.0297393798828125,0.21931495066220866,-0.039549733604413544,-1.007431112934243
1789899727.360256,0.2441558837890625,-0.05828857421875,-1.068145751953125,0.22428313728757945,-0.043297501727280835,-1.0195740407380196
1789899727.459784,0.2475128173828125,-0.079833984375,-0.9981231689453125,0.2289290733066261,-0.05060479825682467,-1.0152838663794783
1789899727.559278,0.23760986328125,0.0,-1.0269622802734375,0.2306652313015509,-0.04048383860545974,-1.0176195491582702
1789899727.6588469,0.23321533203125,-0.05682373046875,-0.97900390625,0.23117525144749074,-0.043751816978117794,-1.009896420576616
1789899727.758276,0.226043701171875,-0.0856475830078125,-0.9596099853515625,0.23014894139236758,-0.05213097018405674,-0.9998391335316055
1789899727.858021,0.2238616943359375,0.0001373291015625,-1.002532958984375,0.22889149198108158,-0.04167731032693289,-1.0003778986221594
1789899727.9572701,0.225067138671875,0.0033111572265625,-1.0000457763671875,0.22812662131924027,-0.03267961681623381,-1.0003114741711652
1789899728.056713,0.23419189453125,0.0585479736328125,-1.0185394287109375,0.22933967596164223,-0.014434098726424548,-1.0039570650791196
1789899728.156157,0.208953857421875,-0.0545654296875,-1.009521484375,0.22526251225368882,-0.02246036491863964,-1.0050699489382957
1789899728.255786,0.2292633056640625,-0.0377197265625,-1.0243682861328125,0.22606267093576357,-0.025512237247411713,-1.0089296163771992
1789899728.355432,0.2000885009765625,0.0272979736328125,-1.01153564453125,0.22086783694392337,-0.014950195071366874,-1.0094508220080094
1789899728.4548259,0.222320556640625,-0.014312744140625,-1.026336669921875,0.2211583808832637,-0.0148227048852185,-1.0128279915907825
1789899728.554524,0.22216796875,-0.0626220703125,-1.00469970703125,0.22136029845661098,-0.0243825779706748,-1.011202334678876
1789899728.6538,0.2252349853515625,-0.0367279052734375,-0.97991943359375,0.2221352358356013,-0.026851643431227343,-1.004945754461851
1789899728.753353,0.2199859619140625,0.0101318359375,-1.0296783447265625,0.22170538105129353,-0.019454947557481877,-1.0098922725147934
1789899728.852851,0.210296630859375,0.0194091796875,-1.017242431640625,0.21942363101290982,-0.011682122108485503,-1.0113623043399598
1789899728.952475,0.214019775390625,-0.0062103271484375,-1.02947998046875,0.21834285988845287,-0.010587763116475902,-1.0149858395657179
1789899729.051894,0.2087554931640625,0.0810699462890625,-1.02349853515625,0.21642538654357482,0.0077437787646317795,-1.0166883786838243
1789899729.151407,0.2111358642578125,-0.0271453857421875,-1.0146942138671875,0.21536748208642237,0.0007659458632679238,-1.016289545720497
1789899729.250912,0.18780517578125,-0.0778350830078125,-1.035675048828125,0.2098550208253879,-0.014954259910948162,-1.0201666463420227
1789899729.350451,0.1957550048828125,-0.0047607421875,-1.01617431640625,0.20703501763687282,-0.01291555636625853,-1.0193681803548682
1789899729.449924,0.1970672607421875,0.0082244873046875,-1.0603790283203125,0.20504146625793576,-0.008687547632069324,-1.0275703499479572
1789899729.549485,0.1932373046875,0.0237579345703125,-1.027679443359375,0.2026806339438486,-0.002198451191592959,-1.0275921686302407
1789899729.6491408,0.2054901123046875,0.054168701171875,-1.0258941650390625,0.20324252961601638,0.009074979281100633,-1.0272525679120053
1789899729.7485762,0.1695709228515625,0.0398406982421875,-1.056610107421875,0.19650820826312562,0.015228123073318008,-1.0331240758139792
1789899729.848206,0.1733245849609375,-0.0141448974609375,-0.9893341064453125,0.19187148360268802,0.009353518966466906,-1.0243660819402458
1789899729.947877,0.1604461669921875,-0.07891845703125,-1.02923583984375,0.18558642028058792,-0.008300876233076477,-1.0253400335209468
1789899730.0473762,0.171966552734375,-0.0382080078125,-1.0062103271484375,0.18286244677134533,-0.014282302548961182,-1.021514092246445
1789899730.146572,0.142333984375,-0.0687103271484375,-1.0634002685546875,0.17475675429207627,-0.025167907468856447,-1.0298913275080934
1789899730.2460508,0.172576904296875,-0.035247802734375,-1.060943603515625,0.17432078429303602,-0.02718388652196016,-1.0361017827095997
1789899730.3455238,0.2215576171875,-0.0519561767578125,-1.0465545654296875,0.18376815087192883,-0.03213834456913063,-1.0381923392536172
1789899730.44502,0.1503143310546875,-0.0686492919921875,-0.9710540771484375,0.17707738690848057,-0.03944053405374201,-1.0247646868325813
1789899730.5445352,0.185546875,-0.0414581298828125,-0.9981231689453125,0.17877128452678445,-0.039844053219556114,-1.0194363832551276
1789899730.64396,0.144561767578125,-0.07720947265625,-0.9774932861328125,0.17192938113705258,-0.04731713710689489,-1.0110477638306647
1789899730.7434602,0.1544036865234375,-0.121429443359375,-0.9397430419921875,0.16842424221432956,-0.06213959835739091,-0.9967868194629693
1789899730.8431659,0.1267547607421875,-0.05462646484375,-1.0261383056640625,0.16009034591990115,-0.06063697165466273,-1.002657116703188
1789899730.942482,0.1867523193359375,0.012603759765625,-1.022308349609375,0.1654227406031084,-0.04598882537060519,-1.0065873632844253
1789899731.0419822,0.14080810546875,0.04925537109375,-1.0837249755859375,0.16049981357623674,-0.02693998607773415,-1.0220148857447278
1789899731.1515942,0.1696929931640625,0.041656494140625,-1.030487060546875,0.1623384494938019,-0.013220690034062323,-1.0237093207051573
1789899731.251204,0.1592864990234375,-0.001068115234375,-1.029022216796875,0.16172805939972906,-0.010790175074124858,-1.024771899923501
1789899731.35063,0.1652374267578125,-0.058563232421875,-1.0285186767578125,0.16242993287134577,-0.020344786543674886,-1.0255212552903634
1789899731.450132,0.15478515625,-0.002197265625,-1.011199951171875,0.1609009775470766,-0.01671528235993991,-1.022656994466666
1789899731.5497332,0.1729583740234375,-0.008453369140625,-1.150390625,0.1633124568423488,-0.015062899716076928,-1.0482037205733328
1789899731.649311,0.1226959228515625,-0.07281494140625,-1.05670166015625,0.15518915004419157,-0.026613308054111544,-1.0499033084899163
1789899731.7489328,0.208160400390625,0.0160369873046875,-1.008392333984375,0.16578340011347825,-0.018083248982351734,-1.0416011135888081
1789899731.848063,0.1715850830078125,-0.0885467529296875,-1.0336151123046875,0.1669437366923451,-0.03217594977181889,-1.040003913331984
1789899731.947867,0.1886444091796875,0.0152740478515625,-1.031158447265625,0.17128387118981359,-0.022685950247142612,-1.0382348201187124
1789899732.047687,0.161346435546875,-0.0051727294921875,-1.0448150634765625,0.16929638406122588,-0.01918330609615159,-1.0395508687902826
1789899732.146558,0.1861114501953125,-0.0767822265625,-1.0412139892578125,0.1726593972880432,-0.030703090189421273,-1.0398834928837886
1789899732.246228,0.16107177734375,-0.030914306640625,-1.07672119140625,0.17034187329918457,-0.03074533347966202,-1.047251032588281
1789899732.34591,0.12615966796875,0.0348052978515625,-1.0322723388671875,0.16150543223309766,-0.017635207213417117,-1.0442552938440623
1789899732.4454231,0.161346435546875,0.0055084228515625,-1.0560150146484375,0.16147363289585315,-0.013006481200421194,-1.0466072380049374
1789899732.544729,0.1829986572265625,-0.0426788330078125,-1.0313720703125,0.16577863776199503,-0.018940951561899455,-1.0435602044664498
1789899732.64424,0.164031982421875,-0.007049560546875,-0.982879638671875,0.16542930669397102,-0.016562673358894567,-1.031424091307535
1789899732.743654,0.16546630859375,-0.068878173828125,-0.9728851318359375,0.16543670707392683,-0.027025773452740653,-1.0197162994132156
1789899732.8432078,0.1504669189453125,-0.0142974853515625,-0.98956298828125,0.16244274944820397,-0.024480115832505027,-1.0136856371868226
1789899732.942729,0.08856201171875,-0.034027099609375,-1.011077880859375,0.14766660190231318,-0.026389512587879024,-1.0131640859213331
1789899733.042109,0.1078643798828125,-0.171661376953125,-0.989471435546875,0.13970615749841303,-0.055443885460928224,-1.0084255558464414
1789899733.141705,0.14501953125,-0.0494384765625,-0.98992919921875,0.14076883224873044,-0.05424280368124258,-1.0047262845209033
1789899733.2412338,0.142913818359375,0.0836944580078125,-1.069915771484375,0.14119782947085935,-0.02665535134343157,-1.0177641819135976
1789899733.34064,0.144195556640625,-0.0910186767578125,-0.9940338134765625,0.14179737490481248,-0.03952801642630775,-1.0130181082261907
1789899733.440145,0.1594696044921875,0.023101806640625,-0.9788055419921875,0.1453318208222875,-0.027002051812921205,-1.00617559497939
1789899733.539713,0.136138916015625,0.04815673828125,-0.9991607666015625,0.143493239860955,-0.011970293794086966,-1.0047726293038246
1789899733.639287,0.127197265625,0.0674285888671875,-0.98785400390625,0.14023404501376402,0.003909482738167927,-1.0013889042243096
1789899733.7386699,0.1322479248046875,-0.0109100341796875,-0.9771270751953125,0.1386368209719487,0.0009455793545968417,-0.9965365384185102
1789899733.838191,0.1526031494140625,-0.0494232177734375,-0.995849609375,0.1414300866603715,-0.009128180071010027,-0.9963991526098083
1789899733.9377599,0.1310272216796875,-0.06744384765625,-0.9913482666015625,0.1393495136642347,-0.02079131358805802,-0.9953889754081592
1789899734.037572,0.125946044921875,-0.015472412109375,-0.994354248046875,0.13666881991576277,-0.019727533292321416,-0.9951820299359024
1789899734.1368089,0.083251953125,-0.1489105224609375,-0.96514892578125,0.12598544655761024,-0.04556413112604464,-0.989175409104972
1789899734.236202,0.138702392578125,-0.039581298828125,-0.9689483642578125,0.1285288357617132,-0.04436756466646072,-0.9851300001355401
1789899734.3357391,0.096343994140625,0.030303955078125,-0.9937591552734375,0.12209186743749557,-0.029433260717543572,-0.9868558311631196
1789899734.4351358,0.0694122314453125,-0.0211944580078125,-1.108184814453125,0.11155594023905897,-0.027785500175597357,-1.0111216278211208
1789899734.534844,0.1360321044921875,0.0980072021484375,-1.1833343505859375,0.11645117308968468,-0.0026269597107903865,-1.0455641723740843
1789899734.634279,0.0270843505859375,-0.025390625,-1.18115234375,0.09857780858893525,-0.007179692768632309,-1.0726818066492676
1789899734.7340488,0.052734375,-0.1658172607421875,-1.15460205078125,0.0894091218711482,-0.03890720636334335,-1.0890658554756643
1789899734.833359,0.0806884765625,-0.021942138671875,-0.9832763671875,0.08766499280941857,-0.03551419282504968,-1.0679079578180315
1789899734.932903,0.0240478515625,0.0213165283203125,-0.9561920166015625,0.07494156456003485,-0.024148048595977245,-1.0455647695747379
1789899735.032774,0.029632568359375,-0.1324615478515625,-0.9226531982421875,0.06587976531990289,-0.0458107484470943,-1.0209824553082278
1789899735.132184,0.0692138671875,-0.059356689453125,-1.0710296630859375,0.06654658569342231,-0.04851993664830044,-1.03099189686377
1789899735.231649,0.0289154052734375,-0.05938720703125,-1.06524658203125,0.05902034960942535,-0.050693390724890354,-1.0378428338972658
1789899735.3308182,0.0146942138671875,-0.048248291015625,-1.041015625,0.05015512246097778,-0.050204370783037286,-1.0384773921178128
1789899735.430252,0.0690765380859375,-0.0438385009765625,-1.041168212890625,0.05393940558596973,-0.04893119682174233,-1.0390155562723753
1789899735.529811,0.0097503662109375,0.0051116943359375,-1.0704498291015625,0.04510159771096329,-0.03812261859020637,-1.0453024108382127
1789899735.6293821,0.0499725341796875,-0.0802154541015625,-1.084075927734375,0.04607578500470813,-0.046541185692477595,-1.0530571142174452
1789899735.728946,0.010009765625,-0.047393798828125,-1.021636962890625,0.038862581128766505,-0.04671170831960708,-1.0467730839520812
1789899735.828498,0.032318115234375,-0.0946044921875,-1.10040283203125,0.037553687949888205,-0.05629026509318567,-1.057499033567915
1789899735.9281,0.0776519775390625,-0.009857177734375,-0.953033447265625,0.04557334586772307,-0.04700364762142353,-1.0366059163074572
1789899736.028142,0.049957275390625,-0.049652099609375,-0.96343994140625,0.046450131772303456,-0.047533338019013834,-1.0219727213272158
1789899736.1274529,-0.0002899169921875,-0.0713043212890625,-1.0502166748046875,0.03710212201940526,-0.05228753467302357,-1.0276215120227103
1789899736.226659,-0.0351715087890625,-0.05230712890625,-1.082489013671875,0.02264739585771171,-0.05229145351966886,-1.0385950123525434
1789899736.32602,-0.029632568359375,-0.0274658203125,-1.0912628173828125,0.012191403014294368,-0.04732632687823509,-1.049128573358597
1789899736.425654,-0.052581787109375,-0.0822601318359375,-1.07598876953125,-0.0007632350104395062,-0.05431308786977558,-1.0545006125931278
1789899736.525074,0.01385498046875,-0.080352783203125,-0.9831085205078125,0.0021604080853983953,-0.05952102693644547,-1.0402221941760648
1789899736.62444,-0.0073089599609375,-0.06591796875,-0.970458984375,0.0002665344761312162,-0.06080041529915638,-1.0262695522158518
1789899736.7240891,0.024169921875,-0.0908203125,-0.9492340087890625,0.0050472119559049735,-0.0668043947393251,-1.010862443530494
1789899736.823505,-0.008636474609375,-0.0564117431640625,-0.9421539306640625,0.0023104746428489788,-0.06472586442427258,-0.9971207409572078
1789899736.922992,-0.001739501953125,-0.06024169921875,-0.994293212890625,0.0015004793236541832,-0.06382903138316808,-0.9965552353438913
1789899737.02268,0.0311279296875,0.0184326171875,-1.0843353271484375,0.0074259693964233466,-0.04737670166903447,-1.0141112537048007
1789899737.1221352,-0.0425262451171875,-0.034637451171875,-0.996856689453125,-0.0025644735062988217,-0.044828851569602576,-1.0106603408544657
1789899737.22161,-0.005218505859375,-0.01080322265625,-0.9664306640625,-0.0030952799769140577,-0.03802372578693206,-1.0018144054960725
1789899737.321379,-0.051513671875,-0.0572967529296875,-1.0214080810546875,-0.012778958356531247,-0.04187833121548315,-1.0057331406077956
1789899737.420737,0.0121002197265625,0.001861572265625,-0.9812774658203125,-0.0078031227399124985,-0.03313035051926152,-1.0008420056502991
1789899737.520081,-0.0157470703125,0.146759033203125,-1.1272735595703125,-0.009391912254429998,0.0028475262252157865,-1.0261283164343018
1789899737.619645,-0.0487823486328125,0.0670166015625,-1.2570037841796875,-0.0172699995301065,0.01568134129267263,-1.072303409983379
1789899737.7191129,0.0427398681640625,0.239776611328125,-1.3114166259765625,-0.005268025991272702,0.06050039529976311,-1.1201260531820156
1789899737.818622,-0.0713958740234375,-0.170745849609375,-0.8673858642578125,-0.018493595597705664,0.01425114631793549,-1.069578015397175
1789899737.918147,-0.010894775390625,0.0962982177734375,-0.975982666015625,-0.016973831556289534,0.030660560609035895,-1.050858945520865
1789899738.01784,0.0275726318359375,-0.028076171875,-0.9892578125,-0.008064538877844127,0.018913214112228717,-1.038538718916692
1789899738.1173449,-0.0052032470703125,0.05047607421875,-1.034027099609375,-0.007492280516337802,0.025225786133532976,-1.0376363950552285
1789899738.2167602,0.054107666015625,-0.07147216796875,-0.8798370361328125,0.004827708790054759,0.005886195313076383,-1.0060765232707454
1789899738.316184,0.0333099365234375,-0.0283660888671875,-0.9175567626953125,0.010524154336731307,-0.0009642615229763932,-0.9883725711556588
1789899738.4158192,0.041534423828125,0.02593994140625,-0.9600982666015625,0.016726208235010045,0.004416579062868886,-0.9827177102448397
1789899738.5151591,-0.0670623779296875,-0.0275115966796875,-1.1816864013671875,-3.150899792946256e-05,-0.0019690560856423915,-1.0225114484693094
1789899738.615334,0.0487518310546875,-0.112579345703125,-1.1153564453125,0.00972515901259393,-0.024091114009138916,-1.0410804478379476
1789899738.714268,0.0117950439453125,-0.17681884765625,-0.9690399169921875,0.010139135999137645,-0.05463666073856113,-1.0266723416687955
1789899738.813793,-0.01214599609375,-0.0502777099609375,-0.9654083251953125,0.005682109580560115,-0.05376487058303641,-1.014419538374099
1789899738.91348,0.0610809326171875,-0.00323486328125,-0.927581787109375,0.016761874187885592,-0.043658869122679134,-0.9970519881211543
1789899739.0131779,0.0406036376953125,0.05487060546875,-0.9617767333984375,0.021530226889370976,-0.023952974204393306,-0.9899969371766109
1789899739.112464,0.0179901123046875,0.0311126708984375,-1.0191650390625,0.02082220397243428,-0.012939845183827146,-0.9958305575537888
1789899739.211719,0.00604248046875,-0.0500946044921875,-0.9933929443359375,0.017866259271697424,-0.02037079704549922,-0.9953430349102186
1789899739.3114429,0.079620361328125,-0.0251922607421875,-1.002349853515625,0.030217079682982942,-0.021335089784836878,-0.9967443986312999
1789899739.41077,0.08978271484375,-0.1474609375,-1.0112762451171875,0.042130206715136356,-0.0465602593278695,-0.9996507679284775
1789899739.510343,-0.123046875,0.0434417724609375,-0.9448699951171875,0.009094790372109085,-0.0285598529701081,-0.9886946133662196
1789899739.609801,-0.00201416015625,0.07147216796875,-0.985748291015625,0.006873000266437269,-0.00855344878233648,-0.9881053488961007
1789899739.709439,0.0805511474609375,-0.0095367431640625,-1.0210418701171875,0.021608629705337314,-0.008750107658681686,-0.9946926531403181
1789899739.8088489,0.00543212890625,0.0238189697265625,-1.081787109375,0.018373329545519852,-0.0022362921816328485,-1.0121115443872546
1789899739.908453,-0.010498046875,-0.0267181396484375,-1.0325164794921875,0.012599054261415882,-0.00713266167499378,-1.0161925314082412
1789899740.008037,0.032073974609375,0.024169921875,-1.0505828857421875,0.016494038331007706,-0.000872144964995024,-1.0230706022750304
1789899740.107827,0.06866455078125,-0.00909423828125,-0.9772796630859375,0.026928140821056164,-0.0025165636282460193,-1.013912414437212
1789899740.2071671,0.06683349609375,0.0085296630859375,-0.8585662841796875,0.03490921187559493,-0.00030731828540931554,-0.9828431883857072
1789899740.306499,0.0424957275390625,-0.031707763671875,-0.942474365234375,0.036426515008288446,-0.006587407362702453,-0.9747694237554407
1789899740.405812,0.052703857421875,-0.0936431884765625,-0.9507904052734375,0.03968198349100576,-0.023998563585474465,-0.9699736200590401
1789899740.5053911,0.0058441162109375,0.0017852783203125,-0.9914703369140625,0.03291441003499211,-0.01884179520431707,-0.9742729634300447
1789899740.604879,0.00738525390625,-0.1116485595703125,-0.966705322265625,0.02780857880924369,-0.03740314807751616,-0.9727594351971608
1789899740.704535,0.0477447509765625,-0.0288848876953125,-1.2148895263671875,0.03179581324270746,-0.03569949600107543,-1.0211854534311662
1789899740.804106,0.0320892333984375,-0.12640380859375,-0.9688873291015625,0.03185449727385347,-0.053840358519610346,-1.0107258285652456
1789899740.9036222,0.0033721923828125,-0.0774993896484375,-1.1378021240234375,0.026158036295645278,-0.058572164745375785,-1.0361410876568842
1789899741.003024,0.0325164794921875,-0.073333740234375,-1.0512542724609375,0.027429724934953725,-0.06152447984317563,-1.039163724617695
1789899741.102435,0.063323974609375,0.1049346923828125,-0.7813720703125,0.03460857486983798,-0.028232645397978005,-0.987605393756656
1789899741.201863,-0.01788330078125,-0.173675537109375,-0.9755401611328125,0.024110199739620385,-0.05732122374025741,-0.9851923472318873
1789899741.30175,0.050933837890625,-0.250030517578125,-0.8288421630859375,0.02947492736982131,-0.09586308250783093,-0.9539223104026975
1789899741.400776,0.071990966796875,-0.2917022705078125,-1.0302276611328125,0.03797813525523205,-0.13503092010782725,-0.9691833805487206
1789899741.5003328,-0.0150299072265625,-0.1984100341796875,-1.1451873779296875,0.02737652675887314,-0.14770674292219932,-1.004384180024914
1789899741.6001801,0.020294189453125,-0.08099365234375,-1.016143798828125,0.025960059297723513,-0.13436412480650947,-1.0067361037855562
1789899741.699626,0.1167144775390625,-0.1147003173828125,-0.9951019287109375,0.04411094294599131,-0.13043136332177008,-1.0044092687706325
1789899741.799176,-0.0146636962890625,-0.1415557861328125,-0.888824462890625,0.032356015098980555,-0.13265624788397856,-0.981292307594631
1789899741.8985329,0.079620361328125,-0.0912933349609375,-0.9221649169921875,0.04180888434480945,-0.12438366529937037,-0.9694668294741424
1789899741.9986072,0.0442047119140625,-0.1221160888671875,-0.9007720947265625,0.04228804985866006,-0.12393015001293381,-0.9557278825246265
1789899742.097433,0.0665740966796875,-0.25732421875,-0.941802978515625,0.04714525922286555,-0.15060896376034705,-0.9529429017228263
1789899742.196984,0.0888671875,-0.232879638671875,-1.057098388671875,0.05548964487829244,-0.16706309874265265,-0.9737739991126361
1789899742.296599,0.07684326171875,-0.280792236328125,-1.088775634765625,0.05976036824638396,-0.18980892625974713,-0.9967743262432339
1789899742.396462,0.0391998291015625,-0.2751007080078125,-1.04974365234375,0.05564826041741967,-0.20686728260936021,-1.0073681914633372
1789899742.4959002,0.036346435546875,-0.1721954345703125,-1.031951904296875,0.05178789544331074,-0.1999329130015507,-1.0122849340300448
1789899742.595226,0.0404510498046875,-0.1186676025390625,-1.0005035400390625,0.049520526315586094,-0.18367985090905306,-1.0099286552318485
1789899742.694763,0.0847320556640625,-0.1004486083984375,-0.9254913330078125,0.05656283218528138,-0.16703360240692997,-0.9930411907870413
1789899742.794119,0.0607452392578125,-0.134124755859375,-0.9790191650390625,0.0573993135997876,-0.16045183309741898,-0.9902367856374457
1789899742.893744,0.06317138671875,-0.136077880859375,-0.955078125,0.058553728223580084,-0.1555770426498102,-0.9832050535099566
1789899742.993134,0.0649871826171875,-0.189605712890625,-0.997833251953125,0.059840419102301576,-0.16238277669797319,-0.9861306931985904
1789899743.092908,0.081085205078125,-0.090606689453125,-1.0035552978515625,0.06408937629746626,-0.14802755924900357,-0.9896156141291849
1789899743.192153,0.0738983154296875,-0.146942138671875,-0.9482421875,0.06605116412391052,-0.14781047513357787,-0.981340928803348
1789899743.29206,0.085662841796875,0.0330657958984375,-0.8927459716796875,0.06997349965850341,-0.1116352209271748,-0.963621937378616
1789899743.391223,0.05322265625,-0.0715484619140625,-0.8686981201171875,0.06662333097680273,-0.10361786912455236,-0.9446371739263304
1789899743.490758,0.1148681640625,-0.1240692138671875,-0.9947509765625,0.07627229759394219,-0.10770813807307938,-0.9546599344535643
1789899743.590205,0.1261749267578125,-0.133056640625,-1.0057373046875,0.08625282342671625,-0.11277783858346352,-0.9648754085003516
1789899743.6896548,0.1378326416015625,-0.10748291015625,-1.0646820068359375,0.09656878706168551,-0.11171885289802082,-0.9848367281674688
1789899743.789061,0.1202545166015625,-0.0584716796875,-0.9846954345703125,0.10130593296966091,-0.10106941825591667,-0.9848084694480376
1789899743.8886971,0.105316162109375,-0.09521484375,-0.99652099609375,0.10210797879760372,-0.09989850335473334,-0.9871509747771801
1789899743.9883971,0.106842041015625,-0.1208648681640625,-1.00860595703125,0.10305479124120798,-0.10409177631659917,-0.991441971227994
1789899744.087893,0.1155548095703125,0.016082763671875,-1.1162567138671875,0.10555479490702889,-0.08005686831890434,-1.016404919755833
1789899744.187618,0.1105499267578125,-0.0926971435546875,-0.9213409423828125,0.10655382127718561,-0.08258492336606098,-0.9973921242812289
1789899744.287325,0.107757568359375,-0.026702880859375,-0.9170989990234375,0.1067945706936235,-0.07140851486472378,-0.9813334992296706
1789899744.386341,0.1365966796875,0.0929412841796875,-0.9982147216796875,0.11275499249239881,-0.03853855505584153,-0.9847097437196741
1789899744.485877,0.0965118408203125,-0.044464111328125,-0.9519500732421875,0.10950636215798155,-0.03972366631029822,-0.9781578096241769
1789899744.585516,0.1329193115234375,0.01617431640625,-1.0209808349609375,0.11418895203107275,-0.028544069766988582,-0.986722414691529
1789899744.6848102,0.1500244140625,-0.0131988525390625,-1.04058837890625,0.1213560444373582,-0.025475026321403367,-0.9974956075344732
1789899744.784332,0.150390625,0.0512237548828125,-1.0402679443359375,0.12716296054988657,-0.010135270080560192,-1.006050074894766
1789899744.883965,0.138885498046875,0.0368804931640625,-1.0211181640625,0.12950746804928426,-0.0007321174316356543,-1.0090636927283128
1789899744.9835382,0.097076416015625,0.0541229248046875,-0.986358642578125,0.12302125764255242,0.010238891015628977,-1.0045226826982754
1789899745.0830889,0.0974578857421875,0.0731353759765625,-0.94757080078125,0.11790858326247944,0.022818188007815682,-0.9931323063148704
1789899745.182631,0.1163177490234375,0.0026702880859375,-0.9754791259765625,0.11759041641467106,0.018788608023440047,-0.9896016702472089
1789899745.281887,0.13421630859375,0.0343475341796875,-0.9860076904296875,0.12091559485048685,0.021900393254689537,-0.9888828742837047
1789899745.381627,0.1158599853515625,0.0171356201171875,-0.9681549072265625,0.11990447295070199,0.020947438627189133,-0.9847372808722763
1789899745.481075,0.088287353515625,0.0098724365234375,-1.068878173828125,0.11358104906368659,0.018732438206438808,-1.0015654594634462
1789899745.580785,0.0877685546875,0.033050537109375,-1.1103973388671875,0.10841855018844929,0.021596057987026046,-1.0233318353441945
1789899745.679946,0.1175384521484375,0.041015625,-1.0345001220703125,0.11024253058044695,0.02547997138962084,-1.025565492689418
1789899745.779742,0.135986328125,-0.0061492919921875,-0.9773712158203125,0.11539129008935756,0.019154118713259175,-1.015926637315597
1789899745.879307,0.1424102783203125,-0.0125732421875,-0.959686279296875,0.12079508773554856,0.01280864653310734,-1.0046785657118527
1789899745.9784799,0.1367645263671875,-0.019439697265625,-1.003570556640625,0.12398897546187636,0.006358977773360873,-1.0044569638976073
1789899746.0780392,0.122039794921875,-0.0670928955078125,-1.080596923828125,0.12359913935387609,-0.008331396882873803,-1.0196849558837109
1789899746.177491,0.103607177734375,-0.145965576171875,-0.9736175537109375,0.11960074702997588,-0.03585823274067404,-1.0104714754491564
1789899746.2769852,0.124908447265625,-0.034759521484375,-0.9830169677734375,0.1206622870771057,-0.03563849048941423,-1.0049805739140127
1789899746.376601,0.115936279296875,-0.006927490234375,-1.0091552734375,0.11971708552105957,-0.029896290438406387,-1.0058155138187101
1789899746.4758902,0.11334228515625,-0.006683349609375,-0.9923858642578125,0.11844212544809767,-0.02525370227260011,-1.0031295839065306
1789899746.575529,0.107269287109375,-0.019989013671875,-1.023773193359375,0.11620755778035313,-0.024200764552455088,-1.0072583057970996
1789899746.674994,0.101776123046875,-0.0963592529296875,-0.91168212890625,0.1133212708336575,-0.03863246222790157,-0.9881430704189297
1789899746.774533,0.1088409423828125,-0.006622314453125,-0.9676666259765625,0.11242520514348851,-0.03223043267294626,-0.9840477815304564
1789899746.8741322,0.1036224365234375,-0.0452117919921875,-0.9959259033203125,0.11066465141947832,-0.034826704536794505,-0.9864234058884277
1789899746.9734368,0.0762176513671875,-0.06005859375,-1.0261993408203125,0.10377525140902016,-0.039873082379435605,-0.9943785928748047
1789899747.07302,0.075439453125,-0.012969970703125,-0.9545745849609375,0.09810809175221614,-0.03449246004417349,-0.9864177912920313
1789899747.172521,0.049163818359375,0.025146484375,-0.88385009765625,0.08831923707364792,-0.022564671160338792,-0.9659042525648751
1789899747.2720752,0.0169219970703125,0.06524658203125,-0.9582672119140625,0.07403978907298084,-0.0050024205220210345,-0.9643768444347127
1789899747.371551,0.0140533447265625,-0.0113067626953125,-0.939697265625,0.06204250020369717,-0.006263288956679328,-0.9594409286727703
1789899747.471146,0.0078277587890625,0.006256103515625,-1.0572357177734375,0.05119955192077024,-0.0037594104622184626,-0.9789998864929038
1789899747.570637,-0.0063018798828125,0.106719970703125,-1.119476318359375,0.039699265560053695,0.018336465770850234,-1.007095172866198
1789899747.670187,0.0418853759765625,0.053466796875,-1.00494384765625,0.04013648764335546,0.02536253199168019,-1.0066649078242085
1789899747.7696471,-0.096221923828125,0.046661376953125,-1.0428619384765625,0.012864805349059368,0.029622300983969153,-1.0139043139546793
1789899747.869299,-0.0800628662109375,-0.151123046875,-0.9605712890625,-0.005720728962940007,-0.00652676858782468,-1.0032377089762434
1789899747.968529,-0.06304931640625,-0.0079345703125,-0.956390380859375,-0.017186446451602007,-0.006808328932759744,-0.9938682433528697
1789899748.0682058,-0.0686492919921875,0.059722900390625,-0.907440185546875,-0.027479015559719107,0.006497916931917205,-0.9765826317916708
1789899748.167561,-0.0936279296875,0.08074951171875,-0.9452972412109375,-0.04070879838527529,0.021348235889283765,-0.9703255536755242
1789899748.2675428,-0.004730224609375,-0.080902099609375,-1.055206298828125,-0.03351308363009523,0.0008981687895520118,-0.9873017027060444
1789899748.367018,-0.168609619140625,0.061004638671875,-1.4228057861328125,-0.06053239073220119,0.012919462766016609,-1.074402519391398
1789899748.4659371,-0.080413818359375,-0.0332794189453125,-1.135955810546875,-0.06450867625763596,0.0036796864237507877,-1.0867131776224934
1789899748.56568,-0.0341033935546875,0.0634765625,-1.0389251708984375,-0.05842761971704627,0.01563906163900063,-1.0771555762776823
1789899748.665516,-0.0674591064453125,-0.0233612060546875,-0.827423095703125,-0.060233917062699524,0.007839008100263004,-1.027209080162771
1789899748.7648702,-0.073272705078125,0.045928955078125,-0.9573822021484375,-0.06284167466578462,0.015456997495835404,-1.0132437045599043
1789899748.864273,-0.0474395751953125,0.038970947265625,-0.993865966796875,-0.059761254771690205,0.020159787449793323,-1.0093681570072985
1789899748.9636679,-0.133636474609375,0.092193603515625,-0.976287841796875,-0.07453629873922717,0.03456655066295966,-1.002752093965214
1789899749.0629668,-0.10760498046875,-0.052520751953125,-0.9996337890625,-0.08115003508513174,0.01714909013974273,-1.0021284329846711
1789899749.1630402,-0.02703857421875,-0.1020965576171875,-0.9023895263671875,-0.0703277429118554,-0.006700039411643316,-0.9821806516611745
1789899749.2628,-0.0500640869140625,-0.073516845703125,-0.90020751953125,-0.06627501171229681,-0.020063400669939654,-0.9657860252351897
1789899749.361785,-0.1154327392578125,-0.0804901123046875,-0.9351348876953125,-0.07610655722139995,-0.032148742996889225,-0.9596557977272143
1789899749.4615579,-0.095855712890625,-0.029754638671875,-0.9513092041015625,-0.08005638835524495,-0.03166992213188638,-0.957986479002084
1789899749.561061,-0.091156005859375,0.0140533447265625,-1.0299224853515625,-0.08227631185607097,-0.022525268760196605,-0.9723736802719798
1789899749.660372,-0.1109619140625,0.018829345703125,-0.9999542236328125,-0.08801343229735678,-0.014254345867532284,-0.9778897889441464
1789899749.759819,-0.1273345947265625,-0.0038909912109375,-0.9848480224609375,-0.09587766478319792,-0.012181674936213327,-0.9792814356475046
1789899749.859412,-0.1368408203125,-0.026824951171875,-0.9474334716796875,-0.10407029588905835,-0.015110330183345663,-0.9729118428539412
1789899749.958918,-0.1800537109375,-0.0137786865234375,-0.872711181640625,-0.11926697889874668,-0.014844001451364032,-0.9528717106112781
1789899750.0582771,-0.2106781005859375,-0.0050506591796875,-0.8991851806640625,-0.13754920323618486,-0.012885332997028726,-0.9421344046218351
1789899750.158083,-0.1898193359375,-0.0450592041015625,-0.937530517578125,-0.1480032297764479,-0.01932010721793548,-0.9412136272130931
1789899750.257381,-0.186431884765625,-0.0106964111328125,-1.0223541259765625,-0.15568896077428332,-0.017595368000910886,-0.9574417269657871
1789899750.356709,-0.2170562744140625,-0.0240936279296875,-1.0006256103515625,-0.16796242350223917,-0.01889501998666621,-0.9660785036429422
1789899750.4566278,-0.2325286865234375,0.0550537109375,-0.9700164794921875,-0.18087567610647887,-0.004105273801832968,-0.9668660988127913
1789899750.555922,-0.1999664306640625,0.003204345703125,-0.950439453125,-0.1846938270179956,-0.0026433499008413743,-0.9635807696752331
1789899750.655366,-0.21197509765625,-0.0490264892578125,-0.9983062744140625,-0.1901500811456465,-0.0119199777722356,-0.970525870622999
1789899750.7549891,-0.22705078125,-0.08636474609375,-0.9887542724609375,-0.1975302211665172,-0.02680893143653848,-0.9741715509905868
1789899750.854319,-0.20550537109375,0.0488128662109375,-1.0253143310546875,-0.19912525115196378,-0.011684571907043284,-0.984400107003407
1789899750.953912,-0.2365875244140625,0.126251220703125,-1.012420654296875,-0.20661770580438354,0.015902586614990374,-0.9900042164621006
1789899751.053335,-0.252288818359375,0.0430450439453125,-0.9671173095703125,-0.21575192831538187,0.0213310780810548,-0.985426835083743
1789899751.153028,-0.2406158447265625,0.0118560791015625,-0.9360809326171875,-0.22072471159761803,0.019436078285156342,-0.975557654590432
1789899751.252441,-0.24237060546875,-0.010040283203125,-0.913543701171875,-0.22505389037184442,0.013540805987500074,-0.9631548639067207
1789899751.351968,-0.21746826171875,0.0527191162109375,-1.043426513671875,-0.22353676464122554,0.02137646803218756,-0.9792091938597516
1789899751.451441,-0.2362213134765625,-0.0115814208984375,-1.0003509521484375,-0.22607367440829296,0.01478489024606255,-0.9834375455174889
1789899751.5509381,-0.2275543212890625,0.009246826171875,-0.981109619140625,-0.22636980378444688,0.013677277431225042,-0.9829719602421161
1789899751.650574,-0.2412567138671875,-0.002410888671875,-0.950714111328125,-0.22934718580099503,0.010459644210605034,-0.9765203904593178
1789899751.750052,-0.22503662109375,0.08538818359375,-0.9982757568359375,-0.22848507285954603,0.02544535208723403,-0.9808714637346417
1789899751.849484,-0.1980743408203125,0.089324951171875,-0.9902496337890625,-0.22240292645169935,0.038221271904162225,-0.9827470977455259
1789899751.948983,-0.246002197265625,0.00128173828125,-0.9803314208984375,-0.2271227806144845,0.03083336517957978,-0.9822639623761084
1789899752.048407,-0.25592041015625,-0.0628814697265625,-0.9720001220703125,-0.2328823065228376,0.012090398198351324,-0.9802111943149492
1789899752.148395,-0.2396697998046875,-0.0123443603515625,-1.0049285888671875,-0.2342398051792076,0.007203446488368559,-0.985154673225397
1789899752.247486,-0.2521514892578125,-0.020538330078125,-1.009857177734375,-0.23782214199492857,0.0016550911750698475,-0.9900951741271926
1789899752.347512,-0.2616119384765625,-0.071441650390625,-0.9784088134765625,-0.24258010129125537,-0.012964257138069124,-0.9877579019970666
1789899752.447068,-0.190673828125,0.0325927734375,-1.0449676513671875,-0.23219884665800433,-0.0038528510229552983,-0.9991998518710908
1789899752.546313,-0.1499481201171875,-0.06732177734375,-1.0329132080078125,-0.21574870134984098,-0.01654663628711424,-1.0059425230984353
1789899752.64555,-0.0838623046875,-0.0704803466796875,-1.0279541015625,-0.1893714220173728,-0.027333378365628894,-1.0103448387912484
1789899752.745192,-0.0592498779296875,-0.028167724609375,-0.9774322509765625,-0.16334711319983578,-0.027500247614378116,-1.003762321228311
1789899752.8446798,-0.06732177734375,-0.008209228515625,-0.9522552490234375,-0.14414204602861863,-0.023642043794627494,-0.9934609067873365
1789899752.9441109,-0.072845458984375,-0.0455322265625,-0.9603729248046875,-0.1298827286197699,-0.028020080348201998,-0.9868433103908067
1789899753.043678,-0.068572998046875,-0.05987548828125,-0.9895782470703125,-0.11762078250519094,-0.0343911619348116,-0.9873902977267079
1789899753.143348,-0.08197021484375,-0.013031005859375,-1.039703369140625,-0.11049066897290274,-0.03011913071972428,-0.9978529120094913
1789899753.242578,-0.06671142578125,0.02069091796875,-1.0256500244140625,-0.1017348203345722,-0.019957120982029425,-1.0034123344904056
1789899753.342095,-0.0758819580078125,-0.0362396240234375,-1.0228729248046875,-0.09656424786922027,-0.02321362159031104,-1.007304452553262
1789899753.4416451,-0.09381103515625,-0.0473480224609375,-0.9343414306640625,-0.09601360532662623,-0.028040501764436336,-0.9927118481754221
1789899753.541132,-0.1287078857421875,-0.0652313232421875,-0.9481353759765625,-0.10255246140973849,-0.03547866605998657,-0.9837965537356502
1789899753.6404572,-0.1712799072265625,-0.0768890380859375,-0.96435546875,-0.1162979505731033,-0.04376074046517676,-0.9799083367385202
1789899753.7400122,-0.215118408203125,0.032012939453125,-0.90997314453125,-0.13606204209910766,-0.028606004481516407,-0.9659212982970662
1789899753.839562,-0.252471923828125,0.0115509033203125,-1.050811767578125,-0.15934401844491114,-0.020574622921150625,-0.982899392153278
1789899753.9391499,-0.246795654296875,-0.0323638916015625,-0.9680938720703125,-0.17683434561530392,-0.022932476657233,-0.9799382881366849
1789899754.038683,-0.2298431396484375,-0.0440826416015625,-0.9510498046875,-0.18743610442193065,-0.027162509646098905,-0.974160591446848
1789899754.138421,-0.246185302734375,-0.0381927490234375,-0.9623565673828125,-0.19918594408441953,-0.029368557521566627,-0.971799786634041
1789899754.2377691,-0.2861328125,0.0309906005859375,-0.9991302490234375,-0.21657531776753564,-0.017296725900065802,-0.9772658791119204
1789899754.337218,-0.2890167236328125,0.1346893310546875,-1.033935546875,-0.23106359894059103,0.013100485490884859,-0.9885998126645363
1789899754.436696,-0.245513916015625,-0.0359039306640625,-0.99310302734375,-0.23395366235559784,0.003299602259895387,-0.9895004556003791
1789899754.536144,-0.2349395751953125,-0.0031585693359375,-1.02203369140625,-0.23415084492354077,0.0020079679407288098,-0.9960071027615534
1789899754.63574,-0.217681884765625,-0.0087432861328125,-1.014068603515625,-0.23085705289195763,-0.00014228287397945226,-0.9996194029123677
1789899754.735187,-0.242156982421875,-0.037353515625,-0.99884033203125,-0.2331170387979411,-0.007584529424183562,-0.9994635887361443
1789899754.834629,-0.2117919921875,-0.0055999755859375,-0.9944305419921875,-0.2288520294758529,-0.007187618656534349,-0.998456979387353
1789899754.934093,-0.2187957763671875,0.002838134765625,-0.9944000244140625,-0.22684077885411985,-0.00518246797210248,-0.997645588392695
1789899755.0336661,-0.2393646240234375,-0.03057861328125,-0.984161376953125,-0.2293455478879834,-0.010261697033931984,-0.994948746104781
1789899755.133374,-0.2052154541015625,0.037353515625,-0.9668121337890625,-0.22451952913069922,-0.0007386545021455873,-0.9893214236416374
1789899755.2327862,-0.210968017578125,0.0019683837890625,-0.9732818603515625,-0.2218092268201844,-0.00019724684390396986,-0.9861135109836225
1789899755.33243,-0.223297119140625,0.0191497802734375,-0.958984375,-0.2221068052842725,0.003672158579564324,-0.9806876837868981
1789899755.432057,-0.2828826904296875,0.00140380859375,-0.986572265625,-0.23426198231335554,0.0032184885824014593,-0.9818646001545186
1789899755.5314178,-0.3116912841796875,-0.004364013671875,-0.97052001953125,-0.24974784268662195,0.0017019881315461676,-0.979595684029865
1789899755.630834,-0.3564453125,-0.03228759765625,-0.9851226806640625,-0.27108733664929757,-0.005095929026013067,-0.9807010833567045
1789899755.730402,-0.3661041259765625,-0.0189361572265625,-1.0008697509765625,-0.29009069451475056,-0.007863974666122953,-0.9847348168806761
1789899755.829956,-0.395599365234375,0.038482666015625,-1.0046234130859375,-0.31119242865867547,0.0014053534702266378,-0.9887125361217285
1789899755.929393,-0.38525390625,0.0183563232421875,-1.012847900390625,-0.3260047241769404,0.00479554742461881,-0.9935396089755079
1789899756.028897,-0.3656158447265625,-0.121307373046875,-0.978424072265625,-0.3339269482868648,-0.02042503666967995,-0.9905165016335313
1789899756.128478,-0.3714599609375,-0.09295654296875,-0.9878997802734375,-0.34143355081699184,-0.03493133792949396,-0.9899931573615126
1789899756.228163,-0.3826446533203125,-0.1799468994140625,-0.9523162841796875,-0.349675771317656,-0.06393445022640767,-0.9824577827251477
1789899756.327357,-0.4031982421875,-0.2105560302734375,-0.9605865478515625,-0.3603802654916248,-0.09325876623581364,-0.9780835357504307
1789899756.427568,-0.3676605224609375,-0.164642333984375,-0.9935455322265625,-0.36183631688548734,-0.10753547978552591,-0.9811759350456571
1789899756.526931,-0.367218017578125,-0.211822509765625,-0.9776611328125,-0.3629126570240149,-0.12839288578154573,-0.9804729745990258
1789899756.62599,-0.334686279296875,-0.315887451171875,-0.9717864990234375,-0.3572673814785869,-0.16589179885961158,-0.9787356794839083
1789899756.725546,-0.3321075439453125,-0.30303955078125,-0.9935455322265625,-0.35223541397193203,-0.19332134924393926,-0.9816976500324391
1789899756.825041,-0.3305206298828125,-0.367218017578125,-0.9794158935546875,-0.34789245715410816,-0.2281006829107764,-0.9812412987368889
1789899756.924529,-0.3183441162109375,-0.3228607177734375,-0.9652557373046875,-0.34198278896547407,-0.24705268988330864,-0.9780441864504488
1789899757.0241752,-0.27880859375,-0.33612060546875,-0.9466552734375,-0.3293479499223793,-0.2648662730003969,-0.9717664038478591
1789899757.12378,-0.2428131103515625,-0.2125244140625,-0.9990081787109375,-0.31204098200821595,-0.2543979012128175,-0.9772147588204747
1789899757.2228909,-0.2296905517578125,-0.247772216796875,-1.005126953125,-0.29557089595813524,-0.253072764329629,-0.9827971976813799
1789899757.322517,-0.226898193359375,-0.216278076171875,-1.07012939453125,-0.2818363554383832,-0.24571382669807823,-1.0002636370513538
1789899757.4221768,-0.183563232421875,-0.2645416259765625,-1.0283203125,-0.26218173083508156,-0.24947938655377508,-1.0058749721410831
1789899757.521513,-0.149078369140625,-0.34832763671875,-0.9961395263671875,-0.23956105849619025,-0.2692490365867701,-1.003927882986304
1789899757.621203,-0.0911865234375,-0.266632080078125,-0.980255126953125,-0.20988615148445222,-0.26872564528504106,-0.9991933317796683
1789899757.720545,-0.075439453125,-0.1383209228515625,-1.0155029296875,-0.18299681181256178,-0.24264470079834535,-1.0024552513612348
1789899757.820019,-0.12713623046875,-0.4027557373046875,-0.9771575927734375,-0.17182469554379942,-0.2746669080996138,-0.9973957196436755
1789899757.919588,-0.1071014404296875,-0.29510498046875,-1.001739501953125,-0.15888004452097704,-0.278754522573441,-0.9982644761055655
1789899758.0190148,-0.116241455078125,-0.332275390625,-0.991180419921875,-0.15035232663240664,-0.2894586961837528,-0.9968476648688274
1789899758.118734,-0.092559814453125,-0.223785400390625,-0.9987640380859375,-0.13879382419655031,-0.27632403702512726,-0.9972309395122494
1789899758.218121,-0.114013671875,-0.2343597412109375,-1.0580902099609375,-0.13383779373224025,-0.2679311778622893,-1.0094027936019871
1789899758.317481,-0.0586395263671875,-0.3436431884765625,-1.023712158203125,-0.11879814025922972,-0.283073579985144,-1.0122646665222148
1789899758.417136,-0.0671539306640625,-0.281494140625,-0.976226806640625,-0.10846929834019628,-0.2827576921131152,-1.005057094545897
1789899758.516665,-0.0621185302734375,-0.2412567138671875,-0.9293365478515625,-0.09919914472684453,-0.27445749646392964,-0.9899129852070301
1789899758.616228,-0.06884765625,-0.2323760986328125,-0.9893798828125,-0.09312884703147564,-0.2660412168977062,-0.9898063647281241
1789899758.715754,-0.035369873046875,-0.213714599609375,-0.968505859375,-0.08157705223455552,-0.25557589344004,-0.9855462636574993
1789899758.8151731,0.008056640625,-0.1980133056640625,-0.9811248779296875,-0.06365031366264441,-0.2440633758848445,-0.984661986511937
1789899758.914915,0.006378173828125,-0.13848876953125,-0.942108154296875,-0.049644616164490535,-0.22294845461412563,-0.9761512200689247
1789899759.014505,0.0111846923828125,-0.1072540283203125,-0.9661712646484375,-0.03747875445502993,-0.19980956935536304,-0.9741552289848274
1789899759.113864,0.015625,-0.0999603271484375,-0.920806884765625,-0.026858003564023947,-0.17983972091397796,-0.9634855601409871
1789899759.2133121,0.0289154052734375,-0.0799713134765625,-0.9260406494140625,-0.01570332179653166,-0.15986603942649488,-0.9559965779956022
1789899759.312944,-0.012451171875,-0.055755615234375,-0.961517333984375,-0.01505289181222533,-0.1390439545880709,-0.9571007291933569
1789899759.41237,-0.0146331787109375,-0.0574493408203125,-1.16204833984375,-0.014968949191967763,-0.12272503183451922,-0.9980902513234355
1789899759.5117989,-0.0105133056640625,0.0725250244140625,-1.14599609375,-0.01407782048638671,-0.08367502058480288,-1.0276714198087484
1789899759.611189,0.0037841796875,-0.0258941650390625,-0.9753875732421875,-0.010505420451609368,-0.07211884947565479,-1.0172146504954362
1789899759.710703,0.06951904296875,0.0431365966796875,-0.91351318359375,0.005499472232462506,-0.04906776024458633,-0.996474357115099
1789899759.8102899,0.1297607421875,-0.030364990234375,-0.81317138671875,0.03035172622347001,-0.04532720624254407,-0.9598137630358293
1789899759.909836,0.074127197265625,-0.1790618896484375,-0.955169677734375,0.03910682043190101,-0.07207414292372276,-0.9588849459755385
1789899760.009286,0.1399993896484375,0.0238037109375,-1.1187896728515625,0.05928533427520831,-0.05289857215147821,-0.9908658913507433
1789899760.10906,0.0899658203125,0.0058746337890625,-1.118896484375,0.06542143148266664,-0.04114393096337007,-1.0164720099555948
1789899760.208308,-0.110565185546875,0.026397705078125,-1.212127685546875,0.030224108076758318,-0.027635603755071063,-1.055603145073851
1789899760.307889,-0.0136260986328125,-0.00048828125,-1.132965087890625,0.02145406673484416,-0.02220613925405685,-1.071075533637206
1789899760.4075332,-0.0348968505859375,-0.1323699951171875,-0.9830322265625,0.010183883270687828,-0.04423891042668299,-1.0534668722222649
1789899760.507153,0.1492156982421875,-0.126739501953125,-1.03857421875,0.037990246264987766,-0.06073902873197139,-1.050488341527812
1789899760.606699,0.116455078125,-0.002655029296875,-0.9887542724609375,0.05368321263699022,-0.04912222884495211,-1.038141527714437
1789899760.706085,0.081939697265625,0.026397705078125,-0.81011962890625,0.05933450956271718,-0.03401824206033669,-0.9925371479527997
1789899760.805519,-0.0337066650390625,-0.0012054443359375,-0.9779205322265625,0.04072627464236124,-0.027455682515456853,-0.9896138248075523
1789899760.904969,0.115814208984375,0.110809326171875,-1.0519561767578125,0.05574386151076399,0.0001973192220095163,-1.0020822951976045
1789899761.004437,0.08428955078125,-0.0584716796875,-0.920806884765625,0.06145299936486119,-0.011536480559892388,-0.9858272131112087
1789899761.104007,0.0167388916015625,-0.12506103515625,-0.891937255859375,0.05251017781220146,-0.03424139147916391,-0.9670492216608421
1789899761.2033281,0.0533599853515625,-0.1433868408203125,-0.9944915771484375,0.05268013932007367,-0.05607048134739363,-0.9725376927583612
1789899761.302974,0.0733184814453125,0.0167388916015625,-1.0197601318359375,0.05680780774512144,-0.04150860675760241,-0.9819821805738764
1789899761.402648,0.13140869140625,-0.0653076171875,-1.0274505615234375,0.07172798447734716,-0.04626840884358193,-0.9910758567637887
1789899761.501861,0.0680084228515625,-0.062408447265625,-0.9289703369140625,0.07098407215219023,-0.04949641652799055,-0.9786547527938436
1789899761.601511,0.042266845703125,0.1407623291015625,-1.0218353271484375,0.0652406268623772,-0.011444667402079944,-0.9872908676647625
1789899761.700756,0.0550537109375,0.112060546875,-1.0160675048828125,0.06320324367740177,0.013256375453336047,-0.9930461951083726
1789899761.8073459,0.0836639404296875,0.0840911865234375,-0.951873779296875,0.06729538302785892,0.02742333766735634,-0.9848117119460731