Timestamp,Raw_X,Raw_Y,Raw_Z,Filtered_X,Filtered_Y,Filtered_Z
1789846352.216157,-0.03363037109375,0.0601043701171875,-0.9284210205078125,-0.00672607421875,0.012020874023437501,-0.1856842041015625
1789846352.315938,-0.0937042236328125,0.034271240234375,-1.017730712890625,-0.024121704101562502,0.016470947265625,-0.35209350585937504
1789846352.4152951,-0.049530029296875,0.0755462646484375,-1.0780487060546875,-0.029203369140625005,0.028286010742187503,-0.49728454589843757
1789846352.514863,-0.1270904541015625,0.041107177734375,-1.1548004150390625,-0.048780786132812504,0.030850244140625004,-0.6287877197265626
1789846352.614142,-0.111083984375,-0.025787353515625,-1.003448486328125,-0.061241425781250004,0.019522724609375004,-0.7037198730468751
1789846352.7138839,-0.0295867919921875,0.1401519775390625,-0.997039794921875,-0.05491049902343751,0.043648575195312504,-0.7623838574218751
1789846352.813417,-0.110107421875,0.0108184814453125,-1.02117919921875,-0.06594988359375001,0.037082556445312505,-0.8141429257812501
1789846352.9138,-0.0336456298828125,0.00177001953125,-1.15460205078125,-0.05948903285156251,0.030020049062500005,-0.8822347507812501
1789846353.013115,0.0334014892578125,0.04052734375,-1.10528564453125,-0.04091092842968751,0.03212150800000001,-0.9268449295312502
1789846353.1124048,-0.0839385986328125,0.105987548828125,-1.0590667724609375,-0.04951646247031251,0.046894716165625,-0.9532892981171878
1789846353.211495,-0.0842437744140625,0.280303955078125,-1.1151580810546875,-0.05646192485906251,0.093576563948125,-0.9856630547046877
1789846353.311331,-0.1067962646484375,0.1634063720703125,-0.9853515625,-0.06652879281693752,0.1075425255725625,-0.9856007562637503
1789846353.410719,-0.0574951171875,0.1286468505859375,-1.0337066650390625,-0.06472205769105002,0.1117633905752375,-0.9952219380188128
1789846353.510205,-0.09051513671875,-0.031280517578125,-0.996307373046875,-0.06988067349659002,0.083154608944565,-0.9954390250244253
1789846353.609797,-0.079864501953125,-0.0269012451171875,-1.005584716796875,-0.07187743918789702,0.061143438132214505,-0.9974681633789153
1789846353.709605,-0.0535430908203125,-0.0302581787109375,-1.04132080078125,-0.06821056951438012,0.042863114763584106,-1.0062386908593823
1789846353.808772,-0.0596160888671875,-0.00653076171875,-1.097808837890625,-0.06649167338494161,0.03298433946711729,-1.0245527202656308
1789846353.908342,-0.1020660400390625,0.2158050537109375,-1.1484222412109375,-0.07360654671576579,0.06954848231588134,-1.0493266244546922
1789846354.007808,-0.09576416015625,-0.00653076171875,-1.001739501953125,-0.07803806940386264,0.05433263350895508,-1.0398091999543788
1789846354.1076121,-0.053558349609375,-0.047576904296875,-0.9681549072265625,-0.07314212544496512,0.033950725947789064,-1.0254783414088156
1789846354.206943,-0.0198516845703125,-0.0017547607421875,-1.090240478515625,-0.0624840372700346,0.026809628609793752,-1.0384307688301775
1789846354.30656,-0.024932861328125,-0.0406341552734375,-1.0701446533203125,-0.05497380208165269,0.013320871833147502,-1.0447735457282046
1789846354.405935,0.02813720703125,-0.062469482421875,-0.899688720703125,-0.03835160025907215,-0.0018371990178569983,-1.0157565807231888
1789846354.505502,-0.0606689453125,0.1000518798828125,-1.2393951416015625,-0.04281506926975773,0.018540616762276904,-1.0604842928988636
1789846354.6050181,0.09051513671875,-0.0331878662109375,-0.72064208984375,-0.016149028072056183,0.008194920167634024,-0.9925158522878409
1789846354.704472,-0.0159912109375,0.0413970947265625,-0.915252685546875,-0.01611746464514495,0.01483535507941972,-0.9770632189396478
1789846354.804,-0.0371246337890625,-0.0019378662109375,-1.104766845703125,-0.02031889847392846,0.011480710821348277,-1.0026039442923431
1789846354.903658,-0.050384521484375,0.0807952880859375,-1.1920318603515625,-0.02633202307601777,0.025343626274266125,-1.040489527504187
1789846355.0032048,-0.022430419921875,0.040374755859375,-1.0656585693359375,-0.025551702445189218,0.0283498521912879,-1.0455233358705371
1789846355.1028461,0.00286865234375,0.0183258056640625,-0.9142608642578125,-0.019867631487401376,0.026345042885842822,-1.0192708415479923
1789846355.2021332,-0.01031494140625,-0.073455810546875,-0.8780059814453125,-0.017957093471171102,0.006384872199299259,-0.9910178695274563
1789846355.301728,-0.0181732177734375,0.07666015625,-0.897979736328125,-0.018000318331624382,0.02043992900943941,-0.97241024288759
1789846355.401263,-0.010528564453125,0.2120819091796875,-1.0664520263671875,-0.016505967555924504,0.05876832504348903,-0.9912185995835097
1789846355.5010939,-0.055572509765625,-0.0575408935546875,-1.12115478515625,-0.024319275997864605,0.03550648132385373,-1.0172058366980579
1789846355.600295,-0.0293731689453125,0.0981597900390625,-1.1645355224609375,-0.025330054587354184,0.04803714306689549,-1.046671773850634
1789846355.699837,-0.0385894775390625,-0.041168212890625,-1.0553131103515625,-0.02798193917769585,0.030196071875391396,-1.0484000411508196
1789846355.79936,-0.0520477294921875,-0.0174102783203125,-0.89361572265625,-0.03279509724059418,0.020674801836250617,-1.0174431774519057
1789846355.898988,-0.026763916015625,0.0180511474609375,-0.9466705322265625,-0.03158886099560035,0.020150070961187996,-1.003288648406837
1789846355.9983969,-0.0255889892578125,-0.0314788818359375,-1.0103607177734375,-0.030388886648042783,0.009824280401762897,-1.0047030622801572
1789846356.098311,-0.04571533203125,-0.0018157958984375,-1.2581939697265625,-0.03345417572468423,0.007496265141722817,-1.0554012437694382
1789846356.1975899,-0.052947998046875,0.073211669921875,-0.995635986328125,-0.037352940189122386,0.020639346097753253,-1.0434481922811756
1789846356.297058,0.02618408203125,-0.1265106201171875,-0.9522705078125,-0.02464553574504791,-0.0087906471452349,-1.0252126553874406
1789846356.396919,-0.0834808349609375,0.0970611572265625,-0.9463653564453125,-0.03641259558822583,0.01237971372912458,-1.009443195599015
1789846356.496314,-0.0758056640625,0.254425048828125,-1.0230255126953125,-0.04429120928308066,0.060788780748924666,-1.0121596590182746
1789846356.595568,-0.0115966796875,0.0542755126953125,-1.29266357421875,-0.03775230336396453,0.059486127138202234,-1.0682604420583697
1789846356.6950722,-0.0022430419921875,-0.0059661865234375,-0.9795074462890625,-0.030650451089609128,0.046395664405874296,-1.0505098429045083
1789846356.794729,-0.0283050537109375,0.4231109619140625,-1.39630126953125,-0.030181371613874804,0.12173872390751195,-1.1196681282298568
1789846356.894196,0.02886962890625,-0.170196533203125,-0.8787994384765625,-0.01837117150984984,0.06335167248538456,-1.071494390279198
1789846356.99374,-0.028472900390625,-0.081939697265625,-0.87554931640625,-0.020391517286004874,0.03429339853518265,-1.0323053755046083
1789846357.095117,0.0243072509765625,-0.036224365234375,-0.86712646484375,-0.0114517636334914,0.020189845781271122,-0.9992695933724367
1789846357.193277,0.0334014892578125,-0.225677490234375,-0.58575439453125,-0.0024811130552306196,-0.0289836214218581,-0.9165665536041994
1789846357.2922602,0.0082550048828125,0.11669921875,-1.037872314453125,-0.00033388946762199557,0.0001529466125135201,-0.9408277057739846
1789846357.391921,-0.0679473876953125,0.0943603515625,-1.1184539794921875,-0.013856589113160097,0.01899442760251082,-0.9763529605176252
1789846357.4913201,0.1112060546875,-0.0222625732421875,-1.0176849365234375,0.011155939646971924,0.010743027433571157,-0.9846193557187877
1789846357.59097,-0.1083221435546875,-0.087615966796875,-0.8260955810546875,-0.012739676993359964,-0.008928771412518076,-0.9529146007859677
1789846357.690298,-0.050262451171875,-0.1026611328125,-0.979095458984375,-0.020244231829062972,-0.027675243692514465,-0.9581507724256493
1789846357.790081,-0.077239990234375,-0.0908355712890625,-0.68133544921875,-0.031643383510125384,-0.04030730921182407,-0.9027877077842695
1789846357.889427,-0.029052734375,-0.041748046875,-0.9362030029296875,-0.031125253683100308,-0.04059545674445926,-0.9094707668133531
1789846357.988988,0.014434814453125,0.041107177734375,-1.077972412109375,-0.022013240055855247,-0.02425492984869241,-0.9431710958725577
1789846358.08866,-0.0070648193359375,0.0829010009765625,-0.9718017578125,-0.019023555911871697,-0.0028237436836414283,-0.9488972282605461
1789846358.188045,-0.065032958984375,0.003265380859375,-1.2728271484375,-0.028225436526372362,-0.0016059187750381426,-1.013683212295937
1789846358.2875938,-0.1514434814453125,0.132568359375,-1.191009521484375,-0.05286904551016039,0.025228936854969488,-1.0491484741336246
1789846358.387255,-0.017486572265625,-0.59613037109375,-0.8818206787109375,-0.04579255086125331,-0.09904292473477441,-1.0156829150490871
1789846358.486617,0.1296844482421875,0.0099945068359375,-1.1789703369140625,-0.01069715104056515,-0.07723543842063203,-1.0483403994220821
1789846358.586154,0.071258544921875,-0.0503997802734375,-1.1955718994140625,0.005693988151922879,-0.07186830679119313,-1.0777866994204783
1789846358.685833,-0.15740966796875,-0.0500030517578125,-0.8491363525390625,-0.0269267430722117,-0.06749525578451701,-1.0320566300441951
1789846358.785156,-0.0546722412109375,0.0007781982421875,-1.0908203125,-0.03247584269995686,-0.053840564979176116,-1.0438093665353563
1789846358.884731,-0.090301513671875,-0.3722381591796875,-0.7053680419921875,-0.04404097689434049,-0.11752008381927839,-0.9761211016267226
1789846358.984263,-0.0409393310546875,-0.0243377685546875,-1.0037689208984375,-0.0434206477264099,-0.09888362076636022,-0.9816506654810656
1789846359.083684,-0.0313262939453125,0.0087127685546875,-1.096099853515625,-0.04100177697019042,-0.07736434290215068,-1.0045405030879775
1789846359.183199,0.0194244384765625,0.0316314697265625,-0.980194091796875,-0.02891653388083984,-0.05556518037640804,-0.999671220829757
1789846359.282928,-0.013824462890625,0.033660888671875,-0.95849609375,-0.025898119682796875,-0.03771996656675143,-0.9914361954138056
1789846359.382648,0.0087432861328125,0.06134033203125,-1.0196380615234375,-0.018969838519675004,-0.017907906847151146,-0.997076568635732
1789846359.482445,-0.0142059326171875,0.146484375,-0.9936676025390625,-0.018017057339177505,0.014970549522279082,-0.9963947754163982
1789846359.581386,-0.1181793212890625,-0.3105926513671875,-1.1190338134765625,-0.0380495101291545,-0.05014209065561423,-1.020922583028431
1789846359.6809502,-0.041961669921875,-0.124755859375,-0.929107666015625,-0.03883194208769861,-0.06506484439949138,-1.0025595996258698
1789846359.7805061,-0.0191802978515625,0.06768798828125,-0.95013427734375,-0.034901613240471384,-0.038514277863343105,-0.9920745351694459
1789846359.880221,-0.051422119140625,-0.108551025390625,-0.9968109130859375,-0.03820571442050211,-0.05252162736879949,-0.9930218107527443
1789846359.979745,0.0712890625,-0.0406341552734375,-0.782440185546875,-0.016306759036401684,-0.0501441329497271,-0.9509054857115705
1789846360.0797381,-0.0108795166015625,0.09130859375,-1.0938262939453125,-0.01522131054943385,-0.02185358760978168,-0.979489647358319
1789846360.178944,0.056884765625,-0.0811004638671875,-0.828399658203125,-0.00080009531454708,-0.03370296286126284,-0.9492716495272803
1789846360.2781959,-0.006378173828125,-0.092193603515625,-0.8864898681640625,-0.0019157110172626642,-0.045401090992135275,-0.9367152932546368
1789846360.377934,0.0773773193359375,0.140411376953125,-1.158203125,0.013942895053377369,-0.00823859740308322,-0.9810128596037095
1789846360.477418,-0.0015411376953125,0.1229400634765625,-1.023284912109375,0.010846088503639394,0.017997134772845924,-0.9894672701048427
1789846360.576922,0.1124114990234375,0.2342071533203125,-1.4577178955078125,0.03115917060759902,0.06123913848233924,-1.0831173951854367
1789846360.6765819,0.020355224609375,0.313873291015625,-1.3761138916015625,0.028998381407954216,0.1117659689889964,-1.1417166944686619
1789846360.775938,-0.06365966796875,0.0280914306640625,-1.1143798828125,0.010466771532613373,0.09503106132400962,-1.1362493321374294
1789846360.875516,0.0079803466796875,-0.103057861328125,-1.112396240234375,0.0099694865620282,0.0554132767935827,-1.1314787137568185
1789846360.974887,0.025390625,-0.336761474609375,-0.741790771484375,0.01305371424962256,-0.023021673487008842,-1.05354112530233
1789846361.0744638,-0.054046630859375,-0.04931640625,-0.7675018310546875,-0.0003663547721769536,-0.028280620039607077,-0.9963332664528015
1789846361.1740031,0.0424041748046875,-0.242279052734375,-0.672637939453125,0.008187751143195938,-0.07108030657856067,-0.9315942010528663
1789846361.273363,-0.067657470703125,0.0850372314453125,-1.11968994140625,-0.0069812932260682505,-0.03985679897378604,-0.9692133491235431
1789846361.3732429,0.0102691650390625,0.2036590576171875,-1.000701904296875,-0.0035312015730421006,0.008846372344408673,-0.9755110601582095
1789846361.473115,0.0192413330078125,-0.1086883544921875,-0.90350341796875,0.0010233053431288196,-0.014660573022910562,-0.9611095317203177
1789846361.572288,0.007904052734375,-0.012359619140625,-1.032318115234375,0.002399454821378056,-0.01420038224645345,-0.9753512484231293
1789846361.6716828,-0.0191497802734375,0.00897216796875,-1.026214599609375,-0.0019103921975850552,-0.00956587220341276,-0.9855239186603785
1789846361.771064,-0.05078125,-0.032623291015625,-1.1558380126953125,-0.011684563758068044,-0.01417735596585521,-1.0195867374673653
1789846361.870623,-0.00445556640625,0.09051513671875,-1.1151885986328125,-0.010238764287704436,0.006761142571065833,-1.0387071097004548
1789846361.970386,0.0232391357421875,-0.23236083984375,-0.9575347900390625,-0.0035431842817260483,-0.041063253911897336,-1.0224726457681763
1789846362.0696979,0.004638671875,-0.148284912109375,-0.9765777587890625,-0.0019068130503808386,-0.06250758555139287,-1.0132936683723537
1789846362.169239,0.0203857421875,-0.11083984375,-0.9986572265625,0.002551697997195329,-0.0721740371911143,-1.010366380010383
1789846362.268886,-0.013458251953125,-0.125946044921875,-0.9667205810546875,-0.0006502919928687368,-0.08292843873726645,-1.0016372202192438
1789846362.368195,-0.03253173828125,-0.269622802734375,-0.9336090087890625,-0.00702658125054499,-0.12026731153668817,-0.9880315779332076
1789846362.467844,0.00531005859375,-0.293121337890625,-0.7259979248046875,-0.0045592532816859915,-0.15483811680747556,-0.9356248473075037
1789846362.567435,0.011566162109375,-0.0318450927734375,-0.9860992431640625,-0.0013341702034737933,-0.13023951200066794,-0.9457197264788155
1789846362.666973,0.0068359375,0.1284942626953125,-1.0624237060546875,0.0002998513372209654,-0.07849275706147187,-0.96906052239399
1789846362.7665071,0.0128173828125,0.0975799560546875,-1.0428466796875,0.0028033576322767724,-0.043278214438239995,-0.9838177538526921
1789846362.866034,-0.0724945068359375,0.1164398193359375,-0.975555419921875,-0.012256215261366082,-0.0113346076834045,-0.9821652870665287
1789846362.965893,-0.0690155029296875,0.0088653564453125,-0.96063232421875,-0.02360807279503037,-0.007294614857661101,-0.9778586944969729
1789846363.065178,-0.0131378173828125,-0.1472930908203125,-0.8053436279296875,-0.021514021712586796,-0.03529431005019138,-0.943355681183516
1789846363.164865,-0.019287109375,-0.1221771240234375,-1.109619140625,-0.021068639245069437,-0.05267087284484061,-0.9766083730718128
1789846363.264116,-0.0932159423828125,0.0465087890625,-0.9192962646484375,-0.03549809987261805,-0.03283494046337249,-0.9651459513871378
1789846363.3636332,-0.0229644775390625,-0.0021514892578125,-1.00933837890625,-0.03299137540590694,-0.026698250222260498,-0.9739844368909603
1789846363.463305,0.0128631591796875,0.1024322509765625,-1.18994140625,-0.023820468488788056,-0.0008721499824958963,-1.0171758307627683
1789846363.5626512,0.0352630615234375,-0.0625,-0.8631439208984375,-0.012003762486342946,-0.013197719985996718,-0.9863694487899022
1789846363.662256,0.0796661376953125,-0.1457366943359375,-0.930908203125,0.006330217549988143,-0.03970551485598488,-0.9752771996569217
1789846363.7617512,-0.074676513671875,-0.0620880126953125,-0.932098388671875,-0.009871128694384487,-0.044182014423850405,-0.9666414374599124
1789846363.861219,-0.020751953125,0.0045623779296875,-1.0308074951171875,-0.01204729358050759,-0.034433135953142825,-0.9794746489913675
1789846363.961018,-0.1046905517578125,0.095947265625,-1.064605712890625,-0.030575945215968573,-0.008357055637514259,-0.996500861771219
1789846364.0603452,-0.0580596923828125,-0.00054931640625,-1.13372802734375,-0.036072694649337364,-0.006795507791261407,-1.0239462948857252
1789846364.159903,0.063934326171875,0.0250396728515625,-1.2454071044921875,-0.016071290485094893,-0.0004284716626966256,-1.0682384568070178
1789846364.259386,0.085784912109375,0.26458740234375,-0.8392181396484375,0.004299950033799085,0.0525747031385927,-1.0224343933753017
1789846364.3588939,0.055145263671875,-0.2206268310546875,-0.7379302978515625,0.01446901276141427,-0.00206560370006334,-0.965533574270554
1789846364.4584398,0.1086883544921875,0.0388031005859375,-0.9188995361328125,0.033312881107568915,0.006108137157136828,-0.9562067666430056
1789846364.5578408,0.0533447265625,0.3860015869140625,-1.1572723388671875,0.03731925019855513,0.08208682710852197,-0.9964198810878421
1789846364.657347,-0.0102081298828125,0.0390625,-1.070587158203125,0.027813774182281606,0.07348196168681757,-1.0112533365108987
1789846364.7568722,0.004730224609375,0.1502685546875,-1.2567901611328125,0.023197064267700285,0.08883928028695406,-1.0603607014352816
1789846364.856316,-0.0464630126953125,0.14385986328125,-0.97369384765625,0.009265048875097728,0.09984339688581326,-1.0430273306794753
1789846364.956177,0.1011962890625,0.0497283935546875,-1.1646728515625,0.027651296912578185,0.08982039621958811,-1.0673564348560802
1789846365.0555859,0.001678466796875,-0.0379791259765625,-1.0132293701171875,0.02245673088943755,0.06426049178035799,-1.0565310219083017
1789846365.154975,-0.02520751953125,-0.0090484619140625,-0.9355316162109375,0.012923880805300037,0.049598701041473896,-1.032331140768829
1789846365.254837,0.0093231201171875,0.005767822265625,-1.004730224609375,0.012203728667677532,0.04083252528630412,-1.0268109575369382
1789846365.354251,-0.0007171630859375,-0.0082244873046875,-0.9465789794921875,0.009619550316954526,0.031021122768105796,-1.0107645619279881
1789846365.4537358,0.0356903076171875,-0.07086181640625,-1.06317138671875,0.014833701777001121,0.010644534933234638,-1.0212459268861405
1789846365.553061,-0.0404052734375,0.0156402587890625,-1.2818756103515625,0.0037859067341008967,0.01164367970440021,-1.0733718635792249
1789846365.652993,0.0017242431640625,-0.07666015625,-0.885650634765625,0.0033735740200932173,-0.006017087486479833,-1.035827617816505
1789846365.7526221,-0.0698089599609375,0.1019744873046875,-1.1275482177734375,-0.011262932776112925,0.015581227471753636,-1.0541717378078914
1789846365.851849,-0.010223388671875,-0.0301666259765625,-0.9761505126953125,-0.011055023955265341,0.006431656782090408,-1.0385674927853756
1789846365.951401,-0.0540008544921875,0.202392578125,-1.3016204833984375,-0.019644190062649773,0.045623841050672326,-1.091178090907988
1789846366.050846,-0.080841064453125,0.025604248046875,-1.0763397216796875,-0.03188356494074482,0.04161992244991286,-1.088210417062328
1789846366.150528,-0.0082550048828125,-0.03790283203125,-0.99517822265625,-0.027157852929158358,0.025715371553680293,-1.0696039781811124
1789846366.2500482,0.0357513427734375,-0.0337066650390625,-0.943389892578125,-0.014576013788639186,0.013830964235131738,-1.044361161060515
1789846366.349337,0.0209808349609375,-0.0369873046875,-0.86376953125,-0.00746464403872385,0.0036673104506053907,-1.008242835098412
1789846366.449091,0.001434326171875,0.0886383056640625,-1.1197967529296875,-0.00568484999660408,0.02066150949329681,-1.0305536186646673
1789846366.548624,-0.0306396484375,0.0116119384765625,-1.0782928466796875,-0.010675809684783264,0.01885159528994995,-1.0401014642676714
1789846366.647863,-0.0111846923828125,-0.053009033203125,-0.9925079345703125,-0.010777586224389112,0.004479469591334962,-1.0305827583281997
1789846366.747447,0.01068115234375,-0.0660400390625,-0.9145660400390625,-0.00648583851076129,-0.00962443213943203,-1.0073794146703723
1789846366.847085,-0.0078887939453125,0.0605926513671875,-0.9728240966796875,-0.006766429597671533,0.004418984561891876,-1.0004683510722354
1789846366.946953,-0.0209503173828125,0.034637451171875,-0.996795654296875,-0.009603207154699728,0.0104626778838885,-0.9997338117171635
1789846367.046241,-0.0529632568359375,0.191253662109375,-1.1072845458984375,-0.018275217090947284,0.0466208747289858,-1.0212439585534183
1789846367.1457372,-0.023101806640625,0.0980987548828125,-1.04315185546875,-0.019240535000882828,0.056916450759751144,-1.0256255379364847
1789846367.245223,-0.02783203125,-0.04022216796875,-1.0465850830078125,-0.020958834250706264,0.03748872701405091,-1.0298174469507504
1789846367.344775,-0.0229949951171875,0.1188201904296875,-1.0369873046875,-0.021366066424002513,0.05375501969717823,-1.0312514184981003
1789846367.444378,-0.01507568359375,0.1209564208984375,-1.0973052978515625,-0.020107989857952015,0.06719529993743009,-1.0444621943687928
1789846367.5438452,0.0607147216796875,0.1329345703125,-0.9399871826171875,-0.00394344755042411,0.08034315401244407,-1.023567192018472
1789846367.6433659,0.022064208984375,-0.0209808349609375,-0.9952850341796875,0.0012580837565357118,0.06007835621776776,-1.017910760450715
1789846367.742933,0.021270751953125,0.077850341796875,-1.0818634033203125,0.00526061739585357,0.06363275333358921,-1.0307012890246345
1789846367.842453,0.002410888671875,0.14208984375,-1.0717620849609375,0.0046906716510578565,0.07932417141687137,-1.0389134482118951
1789846367.9421759,-0.022613525390625,0.060882568359375,-0.9555206298828125,-0.000770167757278715,0.07563585080537209,-1.0222348845460787
1789846368.041405,-0.0435943603515625,0.0062103271484375,-1.004608154296875,-0.009335006276135472,0.06175074607398518,-1.0187095384962381
1789846368.141121,0.00347900390625,0.1078338623046875,-0.966552734375,-0.006772204239658378,0.07096736932012565,-1.0082781776719905
1789846368.2405272,-0.057037353515625,0.006103515625,-0.941619873046875,-0.016825234094851704,0.05799459858110052,-0.9949465167469674
1789846368.340018,0.030609130859375,-0.0065765380859375,-1.040985107421875,-0.007338361104006364,0.04508037124769292,-1.004154234881949
1789846368.439515,-0.0059661865234375,0.032501220703125,-0.9497833251953125,-0.007063926187892591,0.04256454113877934,-0.9932800529446217
1789846368.539034,-0.014495849609375,-0.131011962890625,-0.861297607421875,-0.008550310872189073,0.00784924033289847,-0.9668835638400723
1789846368.6386971,-0.0298919677734375,-0.007965087890625,-0.96405029296875,-0.012818642252438759,0.004686374688193776,-0.966316909665808
1789846368.738152,0.0543975830078125,-0.0526275634765625,-0.946807861328125,0.0006246027996114917,-0.00677641294475748,-0.9624150999982715
1789846368.837704,-0.0054931640625,-0.024810791015625,-1.068389892578125,-0.0005989505728108066,-0.010383288558930986,-0.9836100585142422
1789846368.937419,-0.0101318359375,-0.1406097412109375,-1.0218963623046875,-0.0025055276457486455,-0.03642857908933229,-0.9912673192723314
1789846369.036704,-0.015411376953125,-0.0131988525390625,-0.9454498291015625,-0.005086697507223917,-0.03178263377927833,-0.9821038212381776
1789846369.136252,0.03826904296875,-0.0779266357421875,-0.803955078125,0.0035844505879708667,-0.041011434171860164,-0.9464740726155422
1789846369.2357302,-0.0718536376953125,0.0457305908203125,-0.9900665283203125,-0.011503167068685807,-0.02366302917342563,-0.9551925637564963
1789846369.3352861,0.0298919677734375,-0.06134033203125,-0.929443359375,-0.003224140100261146,-0.031198489744990506,-0.9500427228801971
1789846369.434795,-0.0153045654296875,-0.0977783203125,-0.9886627197265625,-0.005640225166146417,-0.04451445585849241,-0.9577667222494702
1789846369.534236,0.024505615234375,-0.0600738525390625,-1.01611328125,0.0003889429139578666,-0.047626335194606434,-0.9694360340495762
1789846369.633844,-0.00799560546875,-0.1225128173828125,-1.037567138671875,-0.0012879667625837069,-0.06260363163224765,-0.983062254974036
1789846369.733491,-0.034271240234375,-0.111114501953125,-0.9696807861328125,-0.007884621456941967,-0.07230580569642311,-0.9803859612057914
1789846369.833188,0.0202178955078125,-0.1601715087890625,-0.881561279296875,-0.0022641180639910736,-0.089878946314951,-0.9606210248240081
1789846369.933089,-0.0018310546875,0.0152587890625,-1.0558013916015625,-0.002177505388692859,-0.0688513992394608,-0.9796570981795191
1789846370.0319881,-0.0324859619140625,-0.0088043212890625,-0.9438018798828125,-0.008239196693766788,-0.05684198364938115,-0.9724860545201778
1789846370.1315808,-0.0094757080078125,-0.05291748046875,-0.9801025390625,-0.008486498956575932,-0.056057083013254926,-0.9740093514286423
1789846370.231114,-0.000885009765625,-0.0543060302734375,-0.9643096923828125,-0.006966201118385746,-0.05570687246529145,-0.9720694196194765
1789846370.330642,-0.021331787109375,-0.0575408935546875,-1.0178680419921875,-0.009839318316583598,-0.05607367668317066,-0.9812291440940187
1789846370.4302301,0.024932861328125,-0.11224365234375,-0.9512481689453125,-0.002884882387641878,-0.06730767181528653,-0.9752329490642775
1789846370.529674,-0.063507080078125,0.207305908203125,-1.1227264404296875,-0.015009321925738504,-0.012384955811604224,-1.0047316473373595
1789846370.62919,-0.015045166015625,-0.068878173828125,-0.9582061767578125,-0.015016490743715805,-0.02368359941490838,-0.9954265532214502
1789846370.7289948,-0.0372772216796875,-0.003204345703125,-0.9772491455078125,-0.019468636930910145,-0.019587748672551707,-0.9917910716787227
1789846370.8281488,-0.06768798828125,0.089813232421875,-0.9732208251953125,-0.02911250720097812,0.002292447546333634,-0.9880770223820408
1789846370.927944,-0.032196044921875,0.0078125,-1.0657501220703125,-0.029729214745157495,0.0033964580370669075,-1.003611642319695
1789846371.027236,-0.026763916015625,-0.091796875,-0.92236328125,-0.029136154999250995,-0.015642208570346476,-0.987361970105756
1789846371.1268082,-0.0088958740234375,-0.0558624267578125,-0.929107666015625,-0.025088098804088296,-0.02368625220783968,-0.9757111092877299
1789846371.226554,-0.0086822509765625,-0.00933837890625,-1.030426025390625,-0.02180692923858314,-0.02081667754752175,-0.9866540925083089
1789846371.325862,-0.0538787841796875,0.057708740234375,-1.047210693359375,-0.02822130022680401,-0.005111593991142398,-0.9987654126785221
1789846371.425466,-0.0010528564453125,0.145721435546875,-1.0918121337890625,-0.02278761147050571,0.025055011916461083,-1.0173747569006304
1789846371.524778,-0.0637664794921875,0.0284423828125,-1.178466796875,-0.030983385074842072,0.025732486095668868,-1.0495931648955044
1789846371.624298,-0.0554351806640625,-0.051177978515625,-1.0135040283203125,-0.03587374419268616,0.010350393173410093,-1.042375337580466
1789846371.723909,-0.00506591796875,-0.0647735595703125,-1.009521484375,-0.02971217894789893,-0.004674397375334425,-1.035804566939373
1789846371.823468,-0.0415191650390625,-0.1099090576171875,-0.9961700439453125,-0.03207357616613164,-0.025721329423705044,-1.0278776623405608
1789846371.923191,-0.0291595458984375,-0.0764617919921875,-1.051239013671875,-0.03149077011259281,-0.03586942193740154,-1.0325499326068237
1789846372.022485,-0.015228271484375,-0.0186920166015625,-1.0359649658203125,-0.028238270386949253,-0.03243394087023373,-1.0332329392495216
1789846372.1220598,-0.0134124755859375,-0.17962646484375,-0.959503173828125,-0.025273111426746903,-0.061872445664936986,-1.0184869861652424
1789846372.221535,-0.0242156982421875,-0.0763092041015625,-0.833282470703125,-0.025061628789835026,-0.06475979735226209,-0.9814460830728189
1789846372.3211021,-0.0136260986328125,0.182525634765625,-1.015228271484375,-0.022774522758430525,-0.015302710928684675,-0.9882025207551302
1789846372.420735,-0.031890869140625,-0.0416412353515625,-1.0211334228515625,-0.02459779203486942,-0.020570415813260242,-0.9947887011744168
1789846372.5200582,-0.0352325439453125,-0.039276123046875,-1.0280303955078125,-0.026724742416958037,-0.024311557259983192,-1.001437040041096
1789846372.619921,-0.012664794921875,0.051361083984375,-1.1107330322265625,-0.02391275291794143,-0.009177029011111556,-1.0232962384781894
1789846372.719284,0.0262908935546875,-0.0584564208984375,-0.9632720947265625,-0.013872023623415644,-0.019032907388576745,-1.011291409727864
1789846372.8187718,-0.0440826416015625,0.012420654296875,-1.0171661376953125,-0.01991414721904502,-0.012742195051486396,-1.0124663553213538
1789846372.918458,-0.0189971923828125,-0.1428375244140625,-0.906982421875,-0.019730756251798515,-0.03876126092400162,-0.991369568632083
1789846373.017689,-0.0433349609375,-0.1528472900390625,-1.0042572021484375,-0.02445159718893881,-0.061578466747013796,-0.993947095335354
1789846373.1171331,-0.0529022216796875,0.092529296875,-0.993804931640625,-0.03014172208708855,-0.030756914022611038,-0.9939186625964083
1789846373.2169042,-0.055267333984375,-0.102508544921875,-1.022247314453125,-0.035166844466545846,-0.04510724020246383,-0.9995843929677517
1789846373.316463,-0.012176513671875,-0.07684326171875,-0.982879638671875,-0.030568778307611677,-0.051454444505721064,-0.9962434421085764
1789846373.415973,-0.011260986328125,-0.0105743408203125,-1.00762939453125,-0.02670721991171434,-0.04327842376863935,-0.9985206325931111
1789846373.515593,-0.048675537109375,-0.17431640625,-1.0146942138671875,-0.031100883351246472,-0.06948602026491149,-1.0017553488479265
1789846373.614842,-0.0205841064453125,-0.1819305419921875,-0.9172210693359375,-0.028997527970059677,-0.09197492461036669,-0.9848484929455288
1789846373.714437,-0.0230255126953125,-0.1420440673828125,-0.989105224609375,-0.027803124915110243,-0.10198875316485585,-0.9856998392782981
1789846373.814105,0.0603485107421875,-0.1593475341796875,-1.0821990966796875,-0.010172797783650697,-0.11346050936782218,-1.004999690758576
1789846373.9135032,-0.0255279541015625,-0.013702392578125,-1.155181884765625,-0.013243829047233058,-0.09350888600988275,-1.035036129559986
1789846374.0134811,-0.0493621826171875,-0.1244964599609375,-1.0604248046875,-0.020467499761223945,-0.0997064008000937,-1.0401138645854888
1789846374.1130419,0.0160369873046875,-0.1890869140625,-1.0064697265625,-0.013166602348041657,-0.11758250345257495,-1.0333850369808912
1789846374.212688,0.016265869140625,-0.17108154296875,-0.998809814453125,-0.007280108050308326,-0.12828231135580997,-1.026469992475338
1789846374.311712,-0.04022216796875,-0.2639312744140625,-0.8862762451171875,-0.013868520033996662,-0.1554121039674605,-0.9984312430037079
1789846374.411233,-0.01324462890625,-0.178924560546875,-0.9579620361328125,-0.01374374180844733,-0.1601145952833434,-0.9903374016295288
1789846374.510854,-0.0919342041015625,-0.1164703369140625,-0.8571929931640625,-0.029381834267070365,-0.15138574360948723,-0.9637085199364356
1789846374.610324,-0.1066436767578125,-0.3286590576171875,-1.00048828125,-0.044834202765218795,-0.18684040641102728,-0.9710644721991485
1789846374.710023,-0.0919342041015625,-0.6242523193359375,-0.8556365966796875,-0.054254203032487534,-0.27432278899600937,-0.9479788970952563
1789846374.809359,-0.00823974609375,-0.292816162109375,-0.9267730712890625,-0.04505131164474003,-0.2780214636186825,-0.9437377319340176
1789846374.909011,-0.0543365478515625,-0.089874267578125,-1.0481719970703125,-0.04690835888610452,-0.24039202441057103,-0.9646245849612766
1789846375.008434,-0.09405517578125,-0.040985107421875,-0.958648681640625,-0.05633772226513362,-0.20051064101283184,-0.9634294042971463
1789846375.107944,-0.08990478515625,-0.1474609375,-0.8802032470703125,-0.06305113484335689,-0.18990070031026546,-0.9467841728517796
1789846375.2075992,-0.047760009765625,-0.3205108642578125,-0.889984130859375,-0.05999290982781052,-0.21602273309977488,-0.9354241644532988
1789846375.306888,0.060760498046875,-0.54693603515625,-0.515899658203125,-0.03584222825287341,-0.28220539351106994,-0.8515192632032641
1789846375.406427,0.00775146484375,-0.249267578125,-1.0153656005859375,-0.027123489633548735,-0.27561783043385596,-0.8842885306797988
1789846375.505954,-0.1073150634765625,0.0130615234375,-1.14898681640625,-0.04316180440215149,-0.21788195965958476,-0.9372281878250891
1789846375.6055179,0.0040435791015625,0.0223236083984375,-1.159210205078125,-0.033720727701408694,-0.1698408460479803,-0.9816245912756963
1789846375.7051191,-0.1142578125,-0.18731689453125,-0.9283905029296875,-0.049828144661126963,-0.17333605574463426,-0.9709777736064946
1789846375.804716,-0.072784423828125,-0.10418701171875,-0.9805908203125,-0.05441940049452657,-0.15950624693945742,-0.9729003829476958
1789846375.904067,-0.100189208984375,-0.2083282470703125,-0.93792724609375,-0.06357336219249626,-0.16927064696562844,-0.9659057555769066
1789846376.0036302,-0.0944976806640625,-0.14166259765625,-0.830780029296875,-0.06975822588680952,-0.16374903710375277,-0.9388806103209004
1789846376.103108,-0.0529632568359375,-0.015625,-1.0311279296875,-0.06639923207663512,-0.13412422968300222,-0.9573300741942203
1789846376.2028952,-0.072296142578125,-0.101318359375,-0.715484619140625,-0.0675786141769331,-0.1275630556214018,-0.9089609831835013
1789846376.30212,0.0390472412109375,-0.1712188720703125,-0.8914794921875,-0.046253443099358985,-0.13629421891118396,-0.9054646849843011
1789846376.4016662,-0.081756591796875,-0.0668487548828125,-1.133514404296875,-0.05335407283886219,-0.12240512610550967,-0.9510746288468159
1789846376.501224,-0.099212646484375,0.0602874755859375,-0.960601806640625,-0.06252578756796476,-0.08586660576722024,-0.9529800644055778
1789846376.600738,-0.055267333984375,-0.147735595703125,-0.8211669921875,-0.06107409685124681,-0.09824040375440121,-0.9266174499619624
1789846376.700321,-0.0941162109375,-0.031036376953125,-1.017791748046875,-0.06768251966849745,-0.08479959839414598,-0.944852309578945
1789846376.79982,-0.09295654296875,0.163726806640625,-1.4419708251953125,-0.07273732432854796,-0.03509431738719179,-1.0442760127022186
1789846376.899363,-0.042266845703125,-0.0247650146484375,-1.0230865478515625,-0.06664322860346336,-0.03302845683944094,-1.0400381197320874
1789846376.999053,-0.1602020263671875,-0.040496826171875,-0.9835052490234375,-0.08535498815620819,-0.03452213070592775,-1.0287315455903574
1789846377.0986052,-0.063995361328125,-0.064849853515625,-1.1427154541015625,-0.08108306279059156,-0.040587675267867204,-1.0515283272925984
1789846377.19831,-0.1553802490234375,-0.0254364013671875,-1.09185791015625,-0.09594250003716076,-0.037557420487731266,-1.0595942438653287
1789846377.297583,-0.1150054931640625,-0.1832733154296875,-0.87139892578125,-0.09975509866254112,-0.06670059947612252,-1.0219551802485132
1789846377.39696,-0.0583038330078125,-0.0258941650390625,-1.13006591796875,-0.0914648455315954,-0.058539312588710514,-1.0435773277925606
1789846377.49668,-0.1295013427734375,-0.4697113037109375,-0.7884979248046875,-0.09907214497996383,-0.14077371081315593,-0.9925614471949861
1789846377.596035,-0.195037841796875,-0.1596832275390625,-0.8816070556640625,-0.11826528434334607,-0.14455561415833723,-0.9703705688888015
1789846377.695678,-0.184661865234375,-0.2201385498046875,-1.0135498046875,-0.13154460052155187,-0.15967220128760728,-0.9790064160485412
1789846377.7951732,-0.12738037109375,-0.12786865234375,-0.951690673828125,-0.1307117546359915,-0.15331149149883583,-0.973543267604458
1789846377.894528,-0.298126220703125,-0.4738616943359375,-0.5484466552734375,-0.1641946478494182,-0.21742153206625617,-0.888523945138254
1789846377.994159,-0.1307220458984375,-0.175018310546875,-1.0162811279296875,-0.15750012745922207,-0.20894088776237996,-0.9140753816965407
1789846378.094592,-0.1466217041015625,0.071563720703125,-1.0141143798828125,-0.15532444278769014,-0.15283996606927897,-0.9340831813337951
1789846378.193371,-0.0897216796875,-0.0017242431640625,-0.9614410400390625,-0.1422038901676521,-0.12261682148823569,-0.9395547530748487
1789846378.292912,-0.134857177734375,0.1284027099609375,-0.7470703125,-0.1407345476809967,-0.07241291519840105,-0.901057864959879
1789846378.392894,-0.09747314453125,-0.04290771484375,-0.9925079345703125,-0.13208226705104736,-0.06651187512747084,-0.9193478788819658
1789846378.491744,-0.0460052490234375,0.0391693115234375,-1.2012786865234375,-0.1148668634455254,-0.04537563779728917,-0.9757340404102602
1789846378.591255,-0.161102294921875,-0.064422607421875,-0.7639007568359375,-0.12411394974079532,-0.04918503172220634,-0.9333673836953957
1789846378.69082,-0.0262603759765625,-0.0159149169921875,-1.12396240234375,-0.10454323498794875,-0.042531008776202577,-0.9714863874250667
1789846378.790282,-0.0658111572265625,-0.1353607177734375,-0.8895111083984375,-0.0967968194356715,-0.06109695057564957,-0.9550913316197409
1789846378.889902,-0.04266357421875,-0.0543670654296875,-0.9016265869140625,-0.0859701703922872,-0.059750973546457156,-0.9443983826786053
1789846378.9893808,-0.0447998046875,0.0879364013671875,-1.15399169921875,-0.07773609725132977,-0.030213498563728226,-0.9863170459866343
1789846379.088799,-0.1268310546875,0.0403594970703125,-0.84893798828125,-0.08755508873856382,-0.016098899436920083,-0.9588412344455575
1789846379.188566,-0.08978271484375,-0.1244659423828125,-0.838226318359375,-0.08800061395960107,-0.03777230802609857,-0.9347182512283211
1789846379.2881489,0.016937255859375,0.105438232421875,-1.0857391357421875,-0.06701303999580586,-0.00913019993650386,-0.9649224281310944
1789846379.387435,0.033966064453125,0.286651611328125,-1.172210693359375,-0.0468172191060197,0.050026162316421915,-1.0063800811767507
1789846379.486892,-0.035736083984375,-0.2713165283203125,-0.5322265625,-0.044600992081690764,-0.014242375810924968,-0.9115493774414006
1789846379.586914,-0.0749053955078125,-0.1102142333984375,-0.8781890869140625,-0.05066187276691512,-0.033436747328427475,-0.9048773193359331
1789846379.686141,-0.0828704833984375,-0.044921875,-0.9551544189453125,-0.0571035948932196,-0.035733772862741986,-0.914932739257809
1789846379.785583,-0.06817626953125,0.028900146484375,-0.996673583984375,-0.05931812982082568,-0.02280698899331859,-0.9312809082031223
1789846379.8851151,-0.0714263916015625,0.0616607666015625,-1.0853118896484375,-0.061739782176973054,-0.005913437874342373,-0.9620871044921854
1789846379.984744,-0.04083251953125,-0.0166473388671875,-1.0108489990234375,-0.05755832964782845,-0.0080602180729114,-0.9718394833984358
1789846380.084093,-0.054931640625,-0.196441650390625,-0.9348297119140625,-0.05703299184326276,-0.04573650453645412,-0.9644375291015612
1789846380.183738,-0.0594482421875,-0.08575439453125,-1.0160980224609375,-0.05751604191211021,-0.0537400825354133,-0.9747696277734366
1789846380.2832541,-0.0530548095703125,-0.085479736328125,-0.864715576171875,-0.05662379544375067,-0.06008801329395564,-0.9527588174531243
1789846380.382917,-0.0455780029296875,0.3227386474609375,-1.037994384765625,-0.054414636940938045,0.016477318857022985,-0.9698059309156244
1789846380.482535,-0.097198486328125,-0.1943359375,-0.5807952880859375,-0.06297140681837543,-0.025685332414381618,-0.892003802349687
1789846380.581975,-0.072265625,-0.185333251953125,-0.985137939453125,-0.06483025045470035,-0.0576149163221303,-0.9106306297703747
1789846380.681435,-0.066864013671875,-0.147674560546875,-0.9043121337890625,-0.0652370030981353,-0.07562684516707924,-0.9093669305741123
1789846380.780699,-0.0034942626953125,-0.193511962890625,-1.0377044677734375,-0.05288845501757074,-0.09920386871178839,-0.9350344380139775
1789846380.8805351,-0.044464111328125,-0.1551361083984375,-0.7272796630859375,-0.05120358627968159,-0.11039031664911822,-0.8934834830283694
1789846380.979865,-0.0482940673828125,-0.2939910888671875,-0.990631103515625,-0.050621682500307776,-0.1471104710927321,-0.9129130071258206
1789846381.0797338,-0.067596435546875,-0.104949951171875,-0.964080810546875,-0.05401663310962122,-0.13867836710856069,-0.9231465678100316
1789846381.179105,-0.01214599609375,-0.154937744140625,-1.0562591552734375,-0.04564250570644698,-0.14193024251497355,-0.9497690853027128
1789846381.2785869,-0.0377197265625,-0.1161956787109375,-1.1021575927734375,-0.044057949877657585,-0.13678332975416635,-0.9802467867968578
1789846381.378217,0.0964508056640625,-0.0370330810546875,-1.08258056640625,-0.015956198769313566,-0.11683328001427058,-1.0007135427187364
1789846381.47791,-0.066375732421875,-0.0543060302734375,-1.1126708984375,-0.026040105499825855,-0.10432783006610398,-1.023105013862489
1789846381.577131,-0.014556884765625,0.06011962890625,-1.1023712158203125,-0.023743461352985686,-0.07143833827163319,-1.0389582542540539
1789846381.676662,0.013824462890625,0.0277862548828125,-1.11151123046875,-0.01622987650426355,-0.051593419640744057,-1.053468849496993
1789846381.7761831,-0.0403594970703125,0.1592559814453125,-1.131927490234375,-0.02105580061747334,-0.009423539423532745,-1.0691605776444695
1789846381.8757548,-0.0705413818359375,-0.0228424072265625,-1.100189208984375,-0.03095291686116617,-0.012107312984138696,-1.0753663039124506
1789846381.9753919,-0.0182952880859375,-0.0208587646484375,-0.9554901123046875,-0.028421391106120436,-0.013857603316998458,-1.051391065590898
1789846382.07487,0.0165252685546875,0.1405487060546875,-0.9668426513671875,-0.01943205917395885,0.017023658557338735,-1.034481382746156
1789846382.174162,-0.05657958984375,-0.0104522705078125,-0.843292236328125,-0.026861565307917078,0.011528472744308488,-0.99624355346255
1789846382.273889,0.0079498291015625,-0.13580322265625,-0.9520263671875,-0.01989928642602116,-0.01793786633580321,-0.9874001162075401
1789846382.373204,-0.1150054931640625,-0.1217803955078125,-0.84173583984375,-0.038920527773629435,-0.03870637217020507,-0.9582672609347822
1789846382.4731278,-0.0690765380859375,0.1158447265625,-0.8897857666015625,-0.04495172983609105,-0.007796152423664056,-0.9445709620681383
1789846382.572661,-0.1269073486328125,-0.0813140869140625,-1.101470947265625,-0.06134285359543534,-0.022499739321743744,-0.9759509591076356
1789846382.672048,-0.131805419921875,-0.0086517333984375,-0.93927001953125,-0.07543536686072327,-0.019730138137082496,-0.9686147711923585
1789846382.771647,-0.089447021484375,-0.183807373046875,-1.0216827392578125,-0.07823769778545361,-0.052545585119041005,-0.9792283648054494
1789846382.8709102,-0.0489044189453125,0.0511474609375,-1.017608642578125,-0.07237104201742539,-0.03180697590773281,-0.9869044203599846
1789846382.970463,-0.0400238037109375,-0.283447265625,-0.5289764404296875,-0.06590159435612782,-0.08213503385118626,-0.8953188243739253
1789846383.070016,-0.0342559814453125,0.079345703125,-0.8748779296875,-0.059572471773964755,-0.049838886455949014,-0.8912306454366403
1789846383.1695251,-0.1059417724609375,-0.092559814453125,-0.9137420654296875,-0.0688463319113593,-0.05838307205538422,-0.8957329294352497
1789846383.269044,0.0964202880859375,0.03265380859375,-1.12750244140625,-0.035793007911899946,-0.04017569592555738,-0.9420868318294499
1789846383.3685231,-0.01336669921875,-0.04705810546875,-1.0213470458984375,-0.03130774617326996,-0.04155217783419591,-0.9579388746432475
1789846383.468086,-0.07525634765625,-0.038116455078125,-0.9652557373046875,-0.04009746646986597,-0.04086503328298173,-0.9594022471755356
1789846383.567555,-0.097930908203125,-0.09375,-0.98419189453125,-0.051664154816517774,-0.05144202662638539,-0.9643601766466785
1789846383.6671891,0.0025177001953125,-0.124908447265625,-0.9256591796875,-0.040827783814151725,-0.06613531075423332,-0.9566199772548429
1789846383.766927,-0.027740478515625,-0.172943115234375,-0.8891448974609375,-0.03821032275444638,-0.08749687165026165,-0.9431249612960619
1789846383.8663301,-0.0169219970703125,0.0240936279296875,-1.023895263671875,-0.033952657617619605,-0.06517877173427182,-0.9592790217712246
1789846383.965795,-0.02032470703125,-0.1303253173828125,-1.0634307861328125,-0.031227067500345686,-0.07820808086397996,-0.9801093746435422
1789846384.065325,0.081207275390625,0.0096282958984375,-1.037811279296875,-0.008740198922151547,-0.060640805511496476,-0.9916497555742089
1789846384.1650162,-0.0775299072265625,0.0488433837890625,-1.048675537109375,-0.02249814058303374,-0.038743967651384686,-1.0030549118812422
1789846384.264426,-0.05120849609375,-0.011077880859375,-1.0149688720703125,-0.028240211685176993,-0.033210750292982746,-1.0054377039190563
1789846384.3639,-0.0059051513671875,0.067962646484375,-0.8716278076171875,-0.023773199621579096,-0.012976070937511198,-0.9786757246586826
1789846384.463472,0.0013275146484375,0.1743011474609375,-1.014984130859375,-0.018753056767575778,0.02447937274217854,-0.9859374058988211
1789846384.562984,-0.0830841064453125,0.0424652099609375,-0.89056396484375,-0.03161926670312312,0.02807654018593033,-0.966862717687807
1789846384.662499,0.002227783203125,-0.1649322509765625,-0.9625091552734375,-0.0248498567218735,-0.010525218046568238,-0.9659920052049331
1789846384.762363,0.000823974609375,-0.0970306396484375,-0.8879241943359375,-0.0197150904556238,-0.027826302366942092,-0.950378443031134
1789846384.8614879,-0.0028533935546875,0.0237274169921875,-0.9616241455078125,-0.01634275107543654,-0.017515558495116174,-0.9526275835264697
1789846384.960846,-0.0481109619140625,0.0604705810546875,-0.927215576171875,-0.022696393243161736,-0.001918330585155439,-0.9475451820555507
1789846385.060666,-0.07305908203125,-0.09649658203125,-0.9036865234375,-0.03276893100077939,-0.020833980874374353,-0.9387734503319407
1789846385.16003,0.0252532958984375,0.0113677978515625,-0.9476318359375,-0.021164485620936015,-0.014393625129186984,-0.9405451274530526
1789846385.2595382,-0.0233917236328125,0.021514892578125,-1.1726531982421875,-0.02160993322331131,-0.007211921587724587,-0.9869667416108796
1789846385.3590589,0.003997802734375,-0.023834228515625,-0.87750244140625,-0.01648838603177405,-0.01053638297330467,-0.9650738815699537
1789846385.458571,0.040985107421875,-0.15753173828125,-0.9177703857421875,-0.00499368734104424,-0.039935454034893736,-0.9556131824044005
1789846385.5581532,-0.018310546875,-0.147705078125,-0.9393768310546875,-0.007657059247835392,-0.06148937885291499,-0.952365912134458
1789846385.657706,0.0001220703125,-0.16973876953125,-0.9508209228515625,-0.0061012333357683135,-0.083139256988582,-0.9520569142778789
1789846385.757347,-0.00018310546875,-0.0940399169921875,-0.962005615234375,-0.004917607762364651,-0.08531938898930311,-0.9540466544691781
1789846385.85674,-0.0280609130859375,-0.0644989013671875,-0.9492950439453125,-0.009546268827079221,-0.08115529146487999,-0.953096332364405
1789846385.956207,-0.00299072265625,0.0244293212890625,-1.080810546875,-0.008235159592913377,-0.06003836891409149,-0.9786391752665241
1789846386.055898,-0.00360107421875,-0.0456390380859375,-0.9140625,-0.007308342518080701,-0.057158502748460696,-0.9657238402132193
1789846386.155242,-0.00390625,0.0265045166015625,-1.0931243896484375,-0.006627924014464561,-0.04042589887845606,-0.9912039501002631
1789846386.254775,-0.121337890625,-0.0500946044921875,-0.8787078857421875,-0.02956991733657165,-0.04235964000120235,-0.968704737228648
1789846386.354322,-0.049896240234375,0.0699462890625,-0.845550537109375,-0.03363518191613232,-0.019898454188461874,-0.9440738972047935
1789846386.453913,-0.089935302734375,-0.2817840576171875,-0.782928466796875,-0.044895206079780856,-0.072275574874207,-0.9118448111232098
1789846386.553298,-0.053680419921875,-0.193206787109375,-0.8792877197265625,-0.046652248848199684,-0.0964618173212406,-0.9053333928438804
1789846386.652833,-0.072906494140625,-0.1047821044921875,-1.0223236083984375,-0.05190309790668475,-0.09812587475542997,-0.9287314359547919
1789846386.752892,-0.0575103759765625,0.1448516845703125,-1.13238525390625,-0.05302455352066031,-0.04953036289028148,-0.9694621995450836
1789846386.8522248,0.000823974609375,-0.0189361572265625,-1.1623687744140625,-0.042254847894653245,-0.04341152175753769,-1.0080435145188793
1789846386.951528,-0.042266845703125,0.20458984375,-1.095733642578125,-0.042257247456347596,0.006188751343969852,-1.0255815401307284
1789846387.051136,-0.03973388671875,0.092926025390625,-1.1021575927734375,-0.04175257530882808,0.023536206153300883,-1.0408967506592703
1789846387.15058,0.01239013671875,-0.147247314453125,-0.917724609375,-0.030924032903312464,-0.010620497967984293,-1.0162623224024163
1789846387.250078,-0.053466796875,-0.0785369873046875,-0.789337158203125,-0.035432585697649975,-0.024203795835324934,-0.9708772895625581
1789846387.349627,-0.0677947998046875,-0.123626708984375,-0.9968414306640625,-0.04190502851905748,-0.04408837846513495,-0.9760701177828591
1789846387.449024,-0.01123046875,-0.21356201171875,-0.80633544921875,-0.03577011656524599,-0.07798310511585796,-0.9421231840700374
1789846387.548943,-0.0218505859375,-0.1401519775390625,-0.96368408203125,-0.03298621043969679,-0.09041687960049888,-0.94643536366228
1789846387.648353,0.032806396484375,0.08819580078125,-1.12261962890625,-0.01982768905488243,-0.054694343524149105,-0.9816722167110741
1789846387.74772,-0.11846923828125,0.0766448974609375,-1.0201568603515625,-0.039555998900155945,-0.02842649532713179,-0.9893691454391719
1789846387.8471851,0.033111572265625,-0.234375,-0.9406280517578125,-0.02502248466699976,-0.06961619626170543,-0.9796209267029
1789846387.946734,-0.02716064453125,-0.006927490234375,-0.7843475341796875,-0.025450116639849807,-0.05707845505623935,-0.9405662481982575
1789846388.0465221,-0.0002288818359375,0.0112457275390625,-0.9768524169921875,-0.020405869679067348,-0.043413618537178976,-0.9478234819570436
1789846388.1460261,-0.02301025390625,0.024200439453125,-0.9986572265625,-0.02092674652450388,-0.02989080693911818,-0.9579902308781348
1789846388.245592,-0.05059814453125,0.061920166015625,-1.111480712890625,-0.026861026125853105,-0.011528612348169548,-0.9886883272806329
1789846388.344914,-0.0587310791015625,0.0846099853515625,-1.1694793701171875,-0.03323503672099499,0.007699107191776862,-1.024846535847944
1789846388.444602,-0.041961669921875,0.0611572265625,-0.898193359375,-0.034980363361170996,0.01839073106592149,-0.9995159005533553
1789846388.544008,0.01776123046875,-0.0642547607421875,-1.1373138427734375,-0.0244320445951868,0.0018616327042996934,-1.0270754889973719
1789846388.643602,-0.0813140869140625,0.037628173828125,-0.9333343505859375,-0.03580845305896194,0.009014940929064755,-1.008327261315085
1789846388.74315,-0.0693206787109375,0.014007568359375,-1.1579132080078125,-0.04251089818935705,0.010013466415126805,-1.0382444506536306
1789846388.842612,-0.0784454345703125,0.0239715576171875,-1.1533660888671875,-0.04969780546554814,0.012805084655538946,-1.0612687782963421
1789846388.942151,-0.19586181640625,0.0222930908203125,-1.02105712890625,-0.07893060765368852,0.014702685888493657,-1.0532264484183238
1789846389.041768,-0.0203857421875,-0.0979461669921875,-1.0383148193359375,-0.06722163456045081,-0.007827084687642576,-1.0502441226018466
1789846389.141123,-0.1328582763671875,0.0144500732421875,-1.167877197265625,-0.08034896292179816,-0.0033716531016765613,-1.0737707375346024
1789846389.240654,-0.069915771484375,-0.0509796142578125,-1.08026123046875,-0.07826232463431354,-0.01289324533290375,-1.075068836121432
1789846389.340358,-0.0176239013671875,-0.0178375244140625,-0.9731292724609375,-0.06613463998088834,-0.0138821011491355,-1.0546809233893333
1789846389.4396749,-0.028594970703125,-0.0303955078125,-1.06378173828125,-0.05862670612533567,-0.0171847824818084,-1.0565010863677167
1789846389.539194,0.0253753662109375,0.1486968994140625,-0.8790283203125,-0.04182629165808104,0.015991553897365778,-1.0210065331566733
1789846389.638792,-0.0031280517578125,0.0095977783203125,-0.969329833984375,-0.034086643678027335,0.014712798781955121,-1.0106711933222137
1789846389.7382689,-0.0255889892578125,0.04022216796875,-0.9844207763671875,-0.03238711279398437,0.0198146726193141,-1.0054211099312085
1789846389.8378139,-0.0391082763671875,-0.001373291015625,-1.03277587890625,-0.03373134550862499,0.01557707989232628,-1.0108920637262169
1789846389.9373012,-0.045989990234375,-0.1435546875,-1.177154541015625,-0.036183074453775,-0.01624927358613898,-1.0441445591840985
1789846390.037113,-0.0196533203125,0.50244140625,-1.55877685546875,-0.03287712362552,0.08748886238108883,-1.1470710184410289
1789846390.1363559,-0.034210205078125,0.233306884765625,-1.2082977294921875,-0.033143739916041,0.11665246685799606,-1.1593163606512606
1789846390.2358131,-0.0370941162109375,0.21759033203125,-0.96343994140625,-0.033933815175020296,0.13684003989264687,-1.1201410768022586
1789846390.335352,0.01617431640625,0.04779052734375,-0.991729736328125,-0.02391218885876624,0.1190301373828675,-1.0944588087074318
1789846390.4348989,-0.095611572265625,-0.0227508544921875,-0.98388671875,-0.03825206554013799,0.0906739390078565,-1.0723443907159456
1789846390.534369,0.016204833984375,-0.0432586669921875,-0.961578369140625,-0.027360685635235395,0.06388741780784771,-1.0501911864008815
1789846390.6341581,-0.0329132080078125,-0.270050048828125,-0.929534912109375,-0.02847119010975082,-0.0029000755193468383,-1.0260599315425802
1789846390.7334661,-0.102996826171875,-0.1114044189453125,-1.1370849609375,-0.04337631732217566,-0.02460094420453997,-1.0482649374215642
1789846390.833022,-0.05682373046875,-0.374908447265625,-0.9392242431640625,-0.04606579995149053,-0.09466244481675698,-1.0264567985700639
1789846390.93294,0.004852294921875,-0.1482391357421875,-1.111328125,-0.035882180976817425,-0.10537778300184308,-1.043431063856051
1789846391.0324411,-0.16357421875,-0.0863800048828125,-1.0102691650390625,-0.06142058853145394,-0.10157822737803697,-1.0367986840926535
1789846391.13172,-0.0966339111328125,-0.0939788818359375,-1.0838775634765625,-0.06846325305172565,-0.10005835826961708,-1.0462144599694354
1789846391.231261,-0.074493408203125,0.093292236328125,-1.0497894287109375,-0.06966928408200553,-0.061388239350068666,-1.0469294537177358
1789846391.330754,-0.0138397216796875,0.15533447265625,-1.0682220458984375,-0.058503371601541926,-0.018043696948804935,-1.0511879721538762
1789846391.430243,-0.0466156005859375,-0.0131683349609375,-1.059234619140625,-0.05612581739842104,-0.017068624551231447,-1.052797301551226
1789846391.5297198,-0.0088958740234375,0.01849365234375,-1.0572662353515625,-0.046679828723424334,-0.00995616917223516,-1.0536910883112933
1789846391.62953,0.0459747314453125,-0.1903839111328125,-0.9094390869140625,-0.02814891668967697,-0.04604171756435063,-1.0248406880318472
1789846391.728932,-0.060089111328125,0.0169830322265625,-0.822357177734375,-0.034536955617366576,-0.03343676760616801,-0.9843439859723528
1789846391.8283,0.09222412109375,-0.1370391845703125,-0.9550018310546875,-0.009184740275143263,-0.05415725099899691,-0.9784755549888199
1789846391.92788,0.05194091796875,0.0834197998046875,-0.879425048828125,0.0030403913736353908,-0.02664184083826003,-0.958665453756681
1789846392.027429,-0.0536041259765625,-0.043731689453125,-0.9790802001953125,-0.008288512096404188,-0.030059810561233028,-0.9627484030444073
1789846392.126864,0.0120697021484375,0.047332763671875,-1.057464599609375,-0.004216869247435851,-0.014581295714611423,-0.9816916423574009
1789846392.2263541,-0.061126708984375,0.0045166015625,-1.008880615234375,-0.015598837194823682,-0.010761716259189138,-0.9871294369327958
1789846392.325824,0.0285186767578125,0.0427703857421875,-1.0158538818359375,-0.006775334404296447,-5.529585891381021e-05,-0.9928743259134242
1789846392.425448,0.039337158203125,-0.044464111328125,-1.020172119140625,0.0024471641171878427,-0.008937058952756049,-0.9983338845588644
1789846392.524922,-0.0099945068359375,-0.0832672119140625,-0.975341796875,-4.117007343722558e-05,-0.02380308954501734,-0.9937354670220916
1789846392.624391,-0.0170135498046875,-0.08233642578125,-1.0298004150390625,-0.0034356460196872806,-0.03550975679226387,-1.0009484566254858
1789846392.723846,-0.0634613037109375,0.18798828125,-1.3435516357421875,-0.015440777557937326,0.009189850816188904,-1.0694690924488262
1789846392.823403,-0.012237548828125,-0.3257598876953125,-0.887664794921875,-0.014800131811974862,-0.05780009688611138,-1.033108232943436
1789846392.923141,-0.00811767578125,-0.020172119140625,-1.009613037109375,-0.01346364060582989,-0.05027450133701411,-1.0284091937766238
1789846393.022455,0.029083251953125,0.12921142578125,-1.1668701171875,-0.004954262094038913,-0.014377315913361288,-1.056101378458799
1789846393.122072,0.051361083984375,0.0380401611328125,-1.0318603515625,0.00630880712164387,-0.0038938205041265297,-1.0512531730795391
1789846393.2217631,-0.0284576416015625,-0.04486083984375,-0.9931182861328125,-0.0006444826229974037,-0.012087224372051224,-1.039626195690194
1789846393.3210459,-0.02801513671875,0.0755157470703125,-0.9945526123046875,-0.0061186134421479235,0.005433369916421521,-1.0306114790130927
1789846393.420572,-0.00653076171875,0.0858917236328125,-1.07623291015625,-0.00620104309746834,0.021525040659699717,-1.039735765241724
1789846393.520224,0.00384521484375,0.0710601806640625,-1.199737548828125,-0.004191791509224671,0.03143206866057227,-1.0717361219590043
1789846393.6197739,-0.0204010009765625,0.0670928955078125,-1.083038330078125,-0.0074336334026922374,0.03856423403002032,-1.0739965635828286
1789846393.719234,-0.0389404296875,-0.049713134765625,-0.84600830078125,-0.013734992659653791,0.02090876027089126,-1.028398911022513
1789846393.8186932,-0.05316162109375,-0.1920166015625,-0.9491729736328125,-0.021620318346473037,-0.021676312095786996,-1.0125537235445727
1789846393.918364,0.0501708984375,0.1533203125,-1.1942291259765625,-0.0072620749896784315,0.013323012823370405,-1.0488888040309707
1789846394.017702,-0.0006561279296875,-0.12603759765625,-0.8703460693359375,-0.005940885577680246,-0.014549109272553675,-1.0131802570919641
1789846394.117186,0.05511474609375,-0.0863494873046875,-0.879425048828125,0.006270240756605805,-0.02890918487898044,-0.9864292154391964
1789846394.217042,0.030670166015625,0.0547332763671875,-1.081207275390625,0.011150225808409645,-0.012180692629746852,-1.005384827429482
1789846394.31644,-0.0321502685546875,0.2409210205078125,-1.1677703857421875,0.0024901269357902158,0.03843964999776502,-1.0378619390920232
1789846394.415872,0.087615966796875,0.123931884765625,-1.34466552734375,0.019515294908007175,0.05553809695133702,-1.0992226567423686
1789846394.5155602,0.0065155029296875,0.18634033203125,-1.219757080078125,0.01691533651234324,0.08169854396731963,-1.12332954140952
1789846394.6151671,-0.010589599609375,0.012054443359375,-0.74761962890625,0.011414349287999594,0.0677697238457307,-1.048187558908866
1789846394.7150369,-0.0281219482421875,0.0596923828125,-0.8949127197265625,0.0035070897819621753,0.06615425563908456,-1.0175325910724053
1789846394.81394,0.0034332275390625,0.1281585693359375,-1.0360565185546875,0.00349231733338224,0.07855511837845515,-1.0212373765688618
1789846394.913491,0.02435302734375,-0.02923583984375,-0.9329986572265625,0.0076644593354557936,0.05699692673401413,-1.0035896327004021
1789846395.013046,0.0625,0.107452392578125,-0.9789276123046875,0.018631567468364637,0.0670880199028363,-0.9986572286212593
1789846395.11276,-0.0570831298828125,0.1115570068359375,-0.9652099609375,0.003488627998129209,0.07598181728945655,-0.9919677750845075
1789846395.2126899,-0.0078887939453125,-0.047637939453125,-0.98883056640625,0.001213143609440867,0.05125786594094024,-0.9913403333488561
1789846395.311674,-0.018890380859375,0.03521728515625,-1.2029876708984375,-0.0028075612843223067,0.04804974978400219,-1.0336698008587724
1789846395.411295,0.030731201171875,-0.2205657958984375,-0.9797515869140625,0.0039001912069171548,-0.005673359352485745,-1.0228861580698305
1789846395.5107908,0.00103759765625,0.0170135498046875,-0.9302215576171875,0.003327672496783724,-0.0011359775210510962,-1.004353237979302
1789846395.610286,-0.0555419921875,-0.0164337158203125,-0.82025146484375,-0.00844626044007302,-0.004195525180903377,-0.9675328833521917
1789846395.709828,-0.092529296875,0.000213623046875,-1.014007568359375,-0.025262867727058415,-0.0033136955353477012,-0.9768278203536285
1789846395.809289,-0.1187286376953125,0.10296630859375,-1.183349609375,-0.04395602172070923,0.01794230529047184,-1.0181321781579027
1789846395.9087958,-0.026397705078125,0.0433197021484375,-1.0977783203125,-0.04044435839219239,0.023017784662064972,-1.0340614065888223
1789846396.008348,0.10748291015625,-0.089569091796875,-0.92462158203125,-0.01085890468250391,0.0005004093702769795,-1.0121734416773078
1789846396.108063,-0.0704193115234375,-0.4741973876953125,-0.5157470703125,-0.02277098605069063,-0.09443915004284092,-0.9128881674043463
1789846396.207649,-0.031890869140625,-0.097991943359375,-0.8796539306640625,-0.024594962668677504,-0.09514970870614775,-0.9062413200562897
1789846396.306929,0.03741455078125,0.008148193359375,-1.00494384765625,-0.012193059978692002,-0.0744901282930432,-0.9259818255762817
1789846396.4064178,-0.021881103515625,-0.15753173828125,-0.9476165771484375,-0.014130668686078603,-0.09109845029068457,-0.9303087758907129
1789846396.506095,0.026641845703125,-0.36334228515625,-0.68682861328125,-0.005976165808237881,-0.14554721726379766,-0.8816127433688205
1789846396.605555,-0.0810546875,-0.158447265625,-0.8222503662109375,-0.020991870146590305,-0.14812722693603814,-0.8697402679372439
1789846396.705037,0.0733184814453125,-0.03302001953125,-0.941864013671875,-0.0021297998282097455,-0.1251057854550805,-0.8841650170841702
1789846396.804655,0.14630126953125,0.0292205810546875,-0.89459228515625,0.027556414043682205,-0.0942405121531269,-0.8862504706985862
1789846396.904076,-0.0740509033203125,-0.055419921875,-1.090087890625,0.007234950570883266,-0.08647639409750152,-0.927017954683869
1789846397.003581,-0.01373291015625,0.0482330322265625,-1.17425537109375,0.0030413784254566135,-0.05953450883268872,-0.9764654379658453
1789846397.103127,0.0957489013671875,0.18511962890625,-1.3416595458984375,0.02158288301380279,-0.010603681284900981,-1.0495042595523638
1789846397.202626,-0.070404052734375,-0.0469970703125,-1.010528564453125,0.0031854958641672326,-0.017882359090420786,-1.0417091205325162
1789846397.3021579,-0.006805419921875,-0.0832366943359375,-0.9801483154296875,0.0011873127069587863,-0.03095322613952413,-1.0293969595119505
1789846397.401667,-0.0498046875,-0.2011260986328125,-0.992431640625,-0.009011087334432972,-0.06498780063818181,-1.0220038957345605
1789846397.501267,-0.030181884765625,-0.0462799072265625,-0.9561920166015625,-0.013245246820671379,-0.06124622195585795,-1.008841519907961
1789846397.600731,-0.0623016357421875,-0.0374603271484375,-1.2017669677734375,-0.023056524604974604,-0.056489042994373864,-1.0474266094810563
1789846397.700314,0.066009521484375,0.134307861328125,-1.0968017578125,-0.0052433153871046835,-0.018329662129874094,-1.057301639147345
1789846397.799983,0.020660400390625,0.1208343505859375,-1.0321807861328125,-6.257223155874646e-05,0.009503140413288227,-1.0522774685444385
1789846397.899348,-0.015106201171875,0.0757293701171875,-1.108673095703125,-0.0030712980196219973,0.022748386354068083,-1.063556593976176
1789846397.99888,-0.05828857421875,0.072906494140625,-1.1026763916015625,-0.014114753259447598,0.032780007911379465,-1.0713805535012533
1789846398.098861,0.058013916015625,0.1082763671875,-1.072784423828125,0.0003109805955669228,0.04787927976660357,-1.0716613275666276
1789846398.197993,-0.143402099609375,0.059844970703125,-0.91070556640625,-0.028431635445421464,0.05027241795390786,-1.039470175334552
1789846398.29727,-0.0301666259765625,0.0457611083984375,-1.12213134765625,-0.028778633551649675,0.04937015604281379,-1.0560024097988916
1789846398.396985,-0.04888916015625,0.1969451904296875,-1.0680694580078125,-0.03280073887256974,0.07888516292018855,-1.0584158194406759
1789846398.49647,-0.0602264404296875,0.085357666015625,-0.955322265625,-0.038285879183993295,0.08017966353927584,-1.0377971086775408
1789846398.5960011,-0.010711669921875,0.2003631591796875,-1.15673828125,-0.032771037331569636,0.10421636266735818,-1.0615853431920328
1789846398.695622,-0.0492401123046875,0.00146484375,-0.9454498291015625,-0.03606485232619321,0.08366605888388655,-1.0383582403739389
1789846398.795084,-0.004974365234375,-0.0762939453125,-0.9716339111328125,-0.02984675490782957,0.05167405804460924,-1.0250133745257135
1789846398.894507,0.0370330810546875,0.0182647705078125,-1.059417724609375,-0.016470787715326157,0.0449922005372499,-1.0318942445424457
1789846398.9940748,0.051116943359375,-0.1746978759765625,-0.9634857177734375,-0.002953241500385926,0.0010541852344874217,-1.018212539188644
1789846399.094096,0.0438690185546875,-0.08514404296875,-0.935638427734375,0.0064112105106287585,-0.016185460406160063,-1.0016977168977903
1789846399.192961,0.06146240234375,0.047576904296875,-1.0575408935546875,0.017421448877253005,-0.003432987465553051,-1.0128663522291697
1789846399.2925,0.0045166015625,0.0194854736328125,-1.0448150634765625,0.014840479414302405,0.0011507047541200592,-1.0192560944786484
1789846399.392469,-0.04522705078125,0.10064697265625,-1.0123443603515625,0.0028269733751919244,0.021049958334546048,-1.0178737476532311
1789846399.492037,0.0438385009765625,0.035552978515625,-1.042572021484375,0.01102927889546604,0.02395056237076184,-1.02281340241946
1789846399.5912418,0.024017333984375,0.0720977783203125,-1.0049285888671875,0.013626889913247831,0.03358000556067198,-1.0192364397090055
1789846399.690717,0.01727294921875,-0.077056884765625,-0.9941253662109375,0.014356101774348266,0.011452627495412582,-1.014214225009392
1789846399.7901502,-0.0440673828125,-0.359954833984375,-0.9301300048828125,0.0026714048569786136,-0.06282886480054493,-0.9973973809840762
1789846399.889713,-0.0157470703125,-0.158477783203125,-1.1778717041015625,-0.0010122901769171093,-0.08195864848106096,-1.0334922456075735
1789846399.9892368,-0.0287017822265625,-0.2241363525390625,-0.77044677734375,-0.006550188586846188,-0.11039418929266127,-0.9808831519548088
1789846400.088955,0.0878143310546875,-0.2083282470703125,-0.9913177490234375,0.012322715341460549,-0.12998100084819153,-0.9829700713685346
1789846400.18828,0.0393829345703125,-0.1789093017578125,-1.1083526611328125,0.017734759187230942,-0.13976666103011573,-1.0080465893213901
1789846400.2878509,0.056732177734375,0.0588836669921875,-0.933135986328125,0.025534242896659752,-0.10003659542565509,-0.9930644687227372
1789846400.387382,0.0054168701171875,-0.01434326171875,-1.0193023681640625,0.021510768340765304,-0.08289792868427408,-0.9983120486110024
1789846400.497,0.014129638671875,0.3769073486328125,-1.1528167724609375,0.020034542406987245,0.00906312677914324,-1.0292129933809895
1789846400.596202,0.047149658203125,0.0361328125,-1.2137908935546875,0.025457565566214795,0.014477063923314593,-1.066128573415729
1789846400.696509,0.0424957275390625,0.0152740478515625,-1.00494384765625,0.028865197960784336,0.014636460708964176,-1.0538916282638333
1789846400.7955909,0.13580322265625,0.13555908203125,-1.1697845458984375,0.05025280289987747,0.038820984973421346,-1.0770702117907542
1789846400.895026,0.0457763671875,-0.05126953125,-1.0312042236328125,0.04935751575740198,0.02080288172873708,-1.067897014159166
1789846400.994617,0.090850830078125,-0.07794189453125,-1.008331298828125,0.05765617862154658,0.0010539264767396635,-1.0559838710929577
1789846401.0940862,0.0500030517578125,-0.0206146240234375,-1.0663604736328125,0.05612555324879977,-0.003279783623295769,-1.0580591916009285
1789846401.193491,0.0217132568359375,-0.2009735107421875,-1.0822906494140625,0.049243093966227315,-0.042818529047074116,-1.0629054831635554
1789846401.293069,-0.0572967529296875,-0.18658447265625,-0.9878082275390625,0.027935124587044356,-0.07157171776890929,-1.0478860320386567
1789846401.392641,-0.04913330078125,-0.14599609375,-1.178985595703125,0.012521439513385486,-0.08645659296512744,-1.0741059447715504
1789846401.4924998,0.0710296630859375,-0.0882568359375,-0.9080352783203125,0.02422308422789589,-0.08681664155960195,-1.0408918114813028
1789846401.593183,0.1063385009765625,-0.03179931640625,-1.0461273193359375,0.04064616757762922,-0.07581317652893156,-1.0419389130522299
1789846401.691359,0.0794830322265625,-0.01953125,-1.0891571044921875,0.04841354050741588,-0.06455679122314525,-1.0513825513402215
1789846401.790652,0.02728271484375,-0.2966766357421875,-0.95147705078125,0.0441873753746827,-0.11098076012695371,-1.0314014512284273
1789846401.89017,0.0465545654296875,-0.0620880126953125,-0.95379638671875,0.04466081338568366,-0.10120221064062547,-1.0158804383264919
1789846401.9896889,0.0280914306640625,0.0066375732421875,-1.0286102294921875,0.04134693684135943,-0.07963425386406288,-1.018426396559631
1789846402.08912,0.054901123046875,-0.00799560546875,-0.893798828125,0.044057774082462545,-0.06530652418500031,-0.9935008828727048
1789846402.188844,0.0139923095703125,0.007598876953125,-1.1144866943359375,0.03804468118003254,-0.05072544395737525,-1.0176980451653515
1789846402.288206,-0.01165771484375,0.1573333740234375,-1.1362457275390625,0.028104201975276036,-0.009113680361212698,-1.0414075816400938
1789846402.3877501,0.068389892578125,-0.0358123779296875,-1.0843505859375,0.03616134009584583,-0.014453419874907659,-1.0499961824995752
1789846402.487284,0.02935791015625,0.10009765625,-1.169677734375,0.03480065410792667,0.008456795350073872,-1.07393249287466
1789846402.586901,0.034820556640625,-0.1120147705078125,-0.812957763671875,0.03480463461446633,-0.015637517821503404,-1.0217375470341032
1789846402.686568,0.1132049560546875,0.0490875244140625,-0.968475341796875,0.050484698902510575,-0.002692509374390223,-1.0110851059866577
1789846402.7859058,0.0275115966796875,0.0561676025390625,-1.01947021484375,0.04589007845794596,0.009079513008300323,-1.012762127758076
1789846402.8856568,0.007598876953125,0.0201263427734375,-0.9219207763671875,0.038231838156981765,0.01128887896132776,-0.9945938574798985
1789846402.98493,0.069976806640625,-0.0283660888671875,-1.0399017333984375,0.04458083185371041,0.003357885395624707,-1.0036554326636062
1789846403.084519,0.05780029296875,-0.050750732421875,-1.1195831298828125,0.04722472407671833,-0.007463838167875235,-1.0268409721074476
1789846403.184041,0.0899658203125,-0.253997802734375,-0.8063507080078125,0.05577294332387467,-0.056770631081175194,-0.9827429192875207
1789846403.2836208,0.0122528076171875,0.123931884765625,-1.272247314453125,0.04706891618253724,-0.020630127911815156,-1.0406437983206416
1789846403.38324,0.219512939453125,-0.0614166259765625,-1.1510009765625,0.0815577208366548,-0.028787427524764625,-1.0627152339690134
1789846403.482682,0.0450439453125,-0.228851318359375,-0.9397430419921875,0.07425496573182384,-0.06880020569168671,-1.0381207955736482
1789846403.581976,0.0856170654296875,-0.1580352783203125,-1.104888916015625,0.07652738567139658,-0.08664722021741186,-1.0514744196620436
1789846403.6819038,0.0244140625,-0.0702362060546875,-0.821258544921875,0.06610472103711726,-0.083365017384867,-1.00543124471401
1789846403.781429,0.18865966796875,-0.0286407470703125,-0.9566192626953125,0.09061571042344381,-0.0724201633219561,-0.9956688483102705
1789846403.880581,0.1094512939453125,0.0004425048828125,-0.813812255859375,0.09438282712781755,-0.05784762968100238,-0.9592975298200914
1789846403.980173,0.0349578857421875,0.288909912109375,-0.9340667724609375,0.08249783885069155,0.011503878677073101,-0.9542513783482607
1789846404.079966,0.0705413818359375,0.0538330078125,-0.8360748291015625,0.08010654744774075,0.019969704504158484,-0.9306160684989211
1789846404.179295,0.0950775146484375,-0.1748809814453125,-0.9849395751953125,0.0831007408878801,-0.019000432685735716,-0.9414807698381995
1789846404.278976,-0.060333251953125,0.1310272216796875,-1.198516845703125,0.05441394231967908,0.011005098187348928,-0.9928879850111847
1789846404.378444,0.0058135986328125,0.0250091552734375,-1.10137939453125,0.04469387358230577,0.013805909604566641,-1.014586266915198
1789846404.477903,0.0279083251953125,0.0947723388671875,-1.124603271484375,0.04133676390490712,0.029999195457090816,-1.0365896678290334
1789846404.577379,0.0423126220703125,0.1568756103515625,-1.0922088623046875,0.041531935537988195,0.055374478435985156,-1.0477135067241643
1789846404.677199,0.0275115966796875,0.079071044921875,-1.0381622314453125,0.038727867766328056,0.06011379173316313,-1.045803251668394
1789846404.7765121,0.0628204345703125,0.0481109619140625,-1.0121612548828125,0.043546381127124945,0.057713225769343006,-1.0390748523112778
1789846404.8760319,0.0286102294921875,-0.07672119140625,-1.034759521484375,0.04055915080013746,0.03082634233422441,-1.0382117861458973
1789846404.975666,0.029571533203125,-0.0341033935546875,-1.097259521484375,0.038361627280734965,0.01784039515644203,-1.0500213332135928
1789846405.0751219,0.0099639892578125,-0.071014404296875,-0.9034271240234375,0.032682099676150475,6.943526577862444e-05,-1.0207024913755618
1789846405.174593,0.0193328857421875,0.008056640625,-1.05975341796875,0.030012256889357884,0.0016668763376228998,-1.0285126766941994
1789846405.273779,-0.0688018798828125,0.105377197265625,-1.0023193359375,0.010249429534923806,0.02240894052322332,-1.0232740085428595
1789846405.373705,0.0400238037109375,0.2904052734375,-1.1603546142578125,0.016204304370126543,0.07600820710607865,-1.0506901296858502
1789846405.4730759,-0.0883941650390625,0.0705413818359375,-1.0925445556640625,-0.0047153895117112675,0.07491484205205043,-1.0590610148814927
1789846405.572668,-0.0138092041015625,0.1278076171875,-1.1296844482421875,-0.006534152429681514,0.08549339707914035,-1.0731857015536317
1789846405.672504,-0.0731964111328125,0.015380859375,-0.972625732421875,-0.019866604170307712,0.07147088953831228,-1.0530737077272803
1789846405.772081,-0.0561981201171875,-0.0017547607421875,-0.966644287109375,-0.02713290735968367,0.05682575948221233,-1.0357878236036993
1789846405.871248,-0.0902862548828125,0.0019378662109375,-0.9449920654296875,-0.03976357686430944,0.045848180827957365,-1.017628671968897
1789846405.970982,-0.1027984619140625,-0.1801605224609375,-0.965728759765625,-0.052370553874260053,0.0006464401701783903,-1.0072486895282426
1789846406.070296,-0.0665130615234375,-0.0407867431640625,-0.9652557373046875,-0.055199055404095546,-0.007640196496669788,-0.9988500990835317
1789846406.170084,-0.05596923828125,-0.0024261474609375,-1.0537567138671875,-0.05535309197952644,-0.006597386689523331,-1.0098314220402629
1789846406.26929,-0.04205322265625,-0.0213623046875,-0.97393798828125,-0.05269311811487115,-0.009550370289118666,-1.0026527352884604
1789846406.368891,-0.024322509765625,-0.0188446044921875,-1.0449981689453125,-0.04701899644502193,-0.011409217129732432,-1.011121822019831
1789846406.468542,-0.0583343505859375,-0.0333709716796875,-0.995269775390625,-0.04928206727320505,-0.015801568039723445,-1.00795141269399
1789846406.5678911,-0.0997161865234375,0.036865234375,-1.077423095703125,-0.05936889112325154,-0.0052682075567787555,-1.0218457492958168
1789846406.667468,-0.06121826171875,0.2283477783203125,-0.9379425048828125,-0.059738765242351236,0.0414549896186395,-1.005065100413216
1789846406.767026,-0.1174774169921875,0.128814697265625,-1.037109375,-0.07128649559231849,0.0589269311480366,-1.011473955330573
1789846406.8665261,-0.149383544921875,-0.0816497802734375,-1.01483154296875,-0.08690590545822979,0.030811588863741784,-1.0121454728582084
1789846406.966116,-0.1419830322265625,-0.035736083984375,-0.886993408203125,-0.09792133081189634,0.017502054294118427,-0.9871150599271918
1789846407.0655088,-0.1528472900390625,-0.057525634765625,-1.0501251220703125,-0.10890652265732959,0.0024965164821697423,-0.999717072355816
1789846407.16522,-0.143096923828125,-0.158416748046875,-0.938323974609375,-0.11574460289148868,-0.02968613642363921,-0.9874384528065279
1789846407.2650828,-0.1884613037109375,-0.063323974609375,-1.029754638671875,-0.13028794305537844,-0.03641370406078637,-0.9959016899795974
1789846407.364438,-0.1334686279296875,-0.23944091796875,-0.8136138916015625,-0.13092408003024025,-0.0770191468423791,-0.9594441303039905
1789846407.463705,-0.193756103515625,-0.0490570068359375,-0.9762420654296875,-0.1434904847273172,-0.07142671884109078,-0.96280371732913
1789846407.5631862,-0.0979461669921875,-0.4130706787109375,-0.7529144287109375,-0.1343816211802913,-0.13975551081506013,-0.9208258596054915
1789846407.662761,-0.2418212890625,-0.0050811767578125,-1.0750579833984375,-0.15586955475673303,-0.11282064400361061,-0.9516722843640807
1789846407.762199,-0.1842498779296875,-0.1400146484375,-0.9342498779296875,-0.16154561939132395,-0.11825944489038849,-0.9481878030772021
1789846407.8618789,-0.199127197265625,0.0850067138671875,-1.1007080078125,-0.16906193496618416,-0.0776062131388733,-0.9786918440242618
1789846407.9615521,-0.1304779052734375,-0.0561981201171875,-1.106048583984375,-0.16134512902763484,-0.07332459453453614,-1.0041631920162846
1789846408.0607328,-0.1880035400390625,-0.08135986328125,-1.034820556640625,-0.1666768112299204,-0.07493164828387891,-1.0102946649411528
1789846408.160285,-0.15667724609375,-0.0797576904296875,-1.1783447265625,-0.16467689820268633,-0.07589685671304064,-1.0439046772654224
1789846408.26004,-0.1443634033203125,0.140045166015625,-1.1588287353515625,-0.1606141992262116,-0.032708452167307514,-1.0668894888826506
1789846408.359334,-0.13922119140625,-0.0445709228515625,-1.0524139404296875,-0.15633559766221927,-0.03508094630415851,-1.063994379192058
1789846408.458822,-0.141357421875,-0.0833282470703125,-0.9260101318359375,-0.15333996250477544,-0.04473040645738931,-1.0363975297208339
1789846408.5583591,-0.2259674072265625,-0.049957275390625,-0.937957763671875,-0.16786545144913284,-0.04577578024403645,-1.016709576511042
1789846408.657856,-0.17205810546875,-0.0030517578125,-0.9965057373046875,-0.1687039822530563,-0.037230975757729164,-1.0126688086697713
1789846408.7574558,-0.0849456787109375,-0.0929107666015625,-0.9309539794921875,-0.15195232154463253,-0.04836693392649583,-0.9963258428342545
1789846408.856844,-0.0862884521484375,-0.050628662109375,-1.045989990234375,-0.13881954766539353,-0.048819279563071666,-1.0062586723142788
1789846408.956335,-0.096649169921875,-0.0511627197265625,-1.0135955810546875,-0.13038547211668983,-0.04928796759576983,-1.0077260540623607
1789846409.0558848,-0.1847076416015625,0.24786376953125,-1.097808837890625,-0.14124990601366438,0.010142379829634132,-1.0257426108280137
1789846409.155342,-0.118621826171875,-0.023162841796875,-0.9898223876953125,-0.1367242900453065,0.0034813355043323054,-1.0185585662014736
1789846409.255196,-0.021820068359375,0.0009613037109375,-1.0078887939453125,-0.11374344570812021,0.0029773291456533443,-1.0164246117502413
1789846409.354511,-0.1106109619140625,-0.0153045654296875,-1.0525970458984375,-0.11311694894930868,-0.0006790497694148245,-1.0236590985798806
1789846409.454119,-0.1057891845703125,-0.0209503173828125,-0.993255615234375,-0.11165139607350946,-0.00473330329209436,-1.0175784019107794
1789846409.553522,-0.1107330322265625,-0.0343780517578125,-0.93524169921875,-0.11146772330412008,-0.010662252985237989,-1.0011110613723737
1789846409.653147,-0.096954345703125,0.0331268310546875,-0.983306884765625,-0.10856504778392108,-0.0019044361772528901,-0.9975502260510241
1789846409.752507,-0.05908203125,-0.0324554443359375,-1.0157318115234375,-0.09866844447713688,-0.008014637808989812,-1.001186543145507
1789846409.852283,-0.0468597412109375,-0.06439208984375,-0.9838104248046875,-0.088306703823897,-0.01929012821594185,-0.997711319477343
1789846409.9522161,-0.07025146484375,-0.0907135009765625,-0.9100341796875,-0.0846956560278676,-0.03357480276806598,-0.9801758915193745
1789846410.0511851,-0.0601043701171875,-0.050262451171875,-0.9291839599609375,-0.0797773988457316,-0.036912332448827787,-0.9699775052076871
1789846410.150745,-0.0711822509765625,0.0467681884765625,-0.9819488525390625,-0.07805836927189778,-0.02017622826374973,-0.9723717746739622
1789846410.250274,-0.1058349609375,-0.0069122314453125,-0.9086456298828125,-0.08361368760501824,-0.017523428900062286,-0.9596265457157324
1789846410.349728,-0.145751953125,-0.0145721435546875,-0.960418701171875,-0.0960413407090146,-0.01693317183098733,-0.959784976806961
1789846410.449193,-0.10821533203125,0.0569610595703125,-1.0320587158203125,-0.09847613897346169,-0.002154325550727365,-0.9742397246096314
1789846410.5489302,-0.13922119140625,0.069732666015625,-1.0319061279296875,-0.10662514946001936,0.012223072762543108,-0.9857730052736426
1789846410.64858,-0.148406982421875,0.016571044921875,-0.9764404296875,-0.11498151605239049,0.013092667194409487,-0.9839064901564142
1789846410.747822,-0.1164703369140625,-0.04388427734375,-0.988922119140625,-0.1152792802247249,0.0016972782867775895,-0.9849096159532564
1789846410.8474112,-0.15423583984375,-0.023681640625,-0.9610137939453125,-0.12307059214852993,-0.003378505495577929,-0.9801304515516678
1789846410.94702,-0.186187744140625,-0.0819549560546875,-0.9416656494140625,-0.13569402254694896,-0.019093795607399842,-0.9724374911241468
1789846411.046588,-0.1931915283203125,-0.030029296875,-0.9347991943359375,-0.14719352370162167,-0.021280895860919875,-0.9649098317665049
1789846411.145999,-0.1637115478515625,0.0319976806640625,-0.9206695556640625,-0.15049712853160985,-0.010625180555923399,-0.9560617765460165
1789846411.245522,-0.1798553466796875,-0.023834228515625,-0.934661865234375,-0.15636877216122538,-0.01326699014786372,-0.9517817942836884
1789846411.3451118,-0.1806640625,-0.0348663330078125,-1.0052337646484375,-0.16122783022898032,-0.01758685871985348,-0.9624721883566383
1789846411.4445338,-0.191314697265625,0.015533447265625,-1.073577880859375,-0.16724520363630926,-0.010962797522757783,-0.9846933268571857
1789846411.5441709,-0.2071380615234375,0.0165252685546875,-0.966644287109375,-0.17522377521373492,-0.005465184307268726,-0.9810835189076236
1789846411.643609,-0.1984100341796875,0.00335693359375,-0.9867401123046875,-0.17986102700692544,-0.003700760727064981,-0.9822148375870364
1789846411.743221,-0.2092132568359375,-0.0289306640625,-0.988250732421875,-0.18573147297272788,-0.008746741394151986,-0.9834220165540042
1789846411.84296,-0.2139892578125,0.011138916015625,-0.9723663330078125,-0.1913830299406823,-0.004769609912196589,-0.9812108798447658
1789846411.942185,-0.1970672607421875,-0.02911376953125,-0.959320068359375,-0.19251987610098334,-0.009638441836007271,-0.9768327175476877
1789846412.041748,-0.17431640625,-0.00555419921875,-0.9720001220703125,-0.1888791821307867,-0.008821593312555817,-0.9758661984522128
1789846412.141252,-0.212890625,-0.015960693359375,-1.012420654296875,-0.19368147070462935,-0.010249413321919655,-0.9831770896211453
1789846412.240838,-0.195404052734375,-0.0076446533203125,-0.9924468994140625,-0.1940259871105785,-0.009728461321598224,-0.9850310515797287
1789846412.340214,-0.2107391357421875,-0.02130126953125,-0.9560089111328125,-0.19736861683690032,-0.01204302296352858,-0.9792266234903455
1789846412.439878,-0.1763763427734375,0.0117034912109375,-0.9787139892578125,-0.19317016202420778,-0.007293720128635365,-0.979124096643839
1789846412.539339,-0.19073486328125,-0.019500732421875,-1.0126495361328125,-0.19268310227561625,-0.009735122587283292,-0.9858291845416338
1789846412.6389642,-0.2384185791015625,-0.0293426513671875,-0.99774169921875,-0.2018301976408055,-0.013656628343264135,-0.9882116874770571
1789846412.738369,-0.21319580078125,-0.0072174072265625,-1.0117340087890625,-0.2041033182688944,-0.01236878411992381,-0.9929161517394582
1789846412.837933,-0.24139404296875,0.018951416015625,-1.0181732177734375,-0.21156146320886554,-0.006104744092814049,-0.9979675649462542
1789846412.937501,-0.2606353759765625,0.0062103271484375,-1.022430419921875,-0.22137624576240494,-0.0036417298445637395,-1.0028601359413785
1789846413.036973,-0.245941162109375,-0.0168914794921875,-0.9833221435546875,-0.22628922903179896,-0.006291679774088492,-0.9989525374640403
1789846413.136673,-0.242034912109375,-0.0249176025390625,-0.998077392578125,-0.22943836564731418,-0.010016864327083295,-0.9987775084868573
1789846413.2361488,-0.218597412109375,-0.02349853515625,-1.0069580078125,-0.22727017493972637,-0.012713198492916637,-1.000413608351986
1789846413.335446,-0.2229461669921875,-0.0238494873046875,-0.95989990234375,-0.22640537335021862,-0.014940456255270811,-0.9923108671503388
1789846413.43499,-0.2104644775390625,-0.00567626953125,-0.959686279296875,-0.2232171941879874,-0.013087618910466649,-0.9857859495796462
1789846413.53455,-0.189971923828125,0.0090179443359375,-0.958038330078125,-0.21656814011601494,-0.008666506261185819,-0.9802364256793419
1789846413.634115,-0.20068359375,0.0161590576171875,-0.9960174560546875,-0.21339123084281195,-0.0037013934855111555,-0.983392631754411
1789846413.7336369,-0.215087890625,0.008941650390625,-1.002166748046875,-0.21373056279924957,-0.0011727847102839244,-0.9871474550129039
1789846413.833327,-0.204193115234375,0.0123443603515625,-1.0201263427734375,-0.21182307328627467,0.0015306443020853605,-0.9937432325650106
1789846413.932569,-0.1828155517578125,0.0191497802734375,-1.0064239501953125,-0.20602156898058227,0.0050544714963557886,-0.9962793760910711
1789846414.032555,-0.1809234619140625,-0.002899169921875,-0.985687255859375,-0.20100194756727832,0.003463743212709631,-0.9941609520447319
1789846414.132081,-0.18817138671875,-0.00445556640625,-0.983062744140625,-0.19843583539757267,0.0018798812889177052,-0.9919413104639105
1789846414.2311869,-0.18316650390625,-0.0058135986328125,-0.9886627197265625,-0.19538196909930816,0.00034118530457166426,-0.991285592316441
1789846414.330939,-0.1806182861328125,-0.010040283203125,-0.9920806884765625,-0.19242923250600905,-0.0017351083969676686,-0.9914446115484653
1789846414.430377,-0.18243408203125,0.0033416748046875,-1.005889892578125,-0.19043020241105726,-0.0007197517566366348,-0.9943336677543974
1789846414.529844,-0.018768310546875,-0.0068359375,-1.032501220703125,-0.1560978240382208,-0.001942988905309308,-1.0019671783441428
1789846414.629427,0.0915985107421875,0.0026702880859375,-1.0159454345703125,-0.10655855708213915,-0.0010203335070599466,-1.004762829589377
1789846414.728952,0.0739898681640625,-0.0035400390625,-0.9528045654296875,-0.07044887203289883,-0.0015242746181479572,-0.994371176757439
1789846414.828578,-0.004425048828125,-0.0009765625,-0.950592041015625,-0.05724410739194407,-0.0014147321945183657,-0.9856153496090763
1789846414.928086,0.00604248046875,0.00067138671875,-1.0081329345703125,-0.04458678981980526,-0.0009975084118646928,-0.9901188666013236
1789846415.027374,0.033111572265625,-0.000732421875,-1.0288543701171875,-0.02904711740271921,-0.0009444911044917543,-0.9978659673044965
1789846415.1270409,-0.00592041015625,-0.0036163330078125,-1.003387451171875,-0.024421775953425366,-0.0014788594851559036,-0.9989702640779722
1789846415.226541,-0.008575439453125,-0.0084686279296875,-0.994781494140625,-0.021252508653365296,-0.0028768131740622227,-0.9981325100905029
1789846415.325903,0.0250396728515625,-0.005523681640625,-1.004180908203125,-0.011994072352379738,-0.003406186867374778,-0.9993421897130274
1789846415.4256182,0.0168914794921875,-0.00054931640625,-0.9962310791015625,-0.006216961983466291,-0.0028348127751498227,-0.9987199675907344
1789846415.5250468,0.01007080078125,-0.0032196044921875,-1.007598876953125,-0.0029594094305230335,-0.002911771118557358,-1.0004957494632125
1789846415.6246738,0.0168304443359375,-0.0113983154296875,-1.0012969970703125,0.0009985613227690734,-0.004609079980783387,-1.0006559989846326
1789846415.723988,0.0139617919921875,-0.00341796875,-1.0012054443359375,0.003591207456652759,-0.00437085773462671,-1.0007658880548935
1789846415.823545,0.006988525390625,-0.00714111328125,-0.9886016845703125,0.004270671043447208,-0.004924908843951368,-0.9983330473579775
1789846415.923043,0.011810302734375,-0.0021514892578125,-0.998291015625,0.005778597381632767,-0.004370224926723594,-0.9983246410113821
1789846416.022537,0.0115203857421875,-0.0035858154296875,-0.999847412109375,0.006926955053743714,-0.004213343027316376,-0.9986291952309807
1789846416.1221972,0.0098724365234375,-0.0046539306640625,-0.9971160888671875,0.007516051347682471,-0.004301460554665602,-0.9983265739582221
1789846416.221599,0.0094451904296875,-0.00439453125,-0.99798583984375,0.007901879164083477,-0.004320074693732481,-0.9982584271353278
1789846416.321159,0.0113525390625,-0.00360107421875,-0.9964752197265625,0.008592011143766782,-0.004176274598735985,-0.9979017856535748
1789846416.420646,0.010284423828125,-0.0031585693359375,-0.997528076171875,0.008930493680638425,-0.003972733546176288,-0.997827043757235
1789846416.52019,0.0100860595703125,-0.005157470703125,-0.9954071044921875,0.009161606858573241,-0.004209680977566031,-0.9973430559042256
1789846416.6198301,0.0097198486328125,-9.1552734375e-05,-1.0088653564453125,0.009273255213421093,-0.003386055328927825,-0.9996475160124431
1789846416.71924,0.005950927734375,-0.007354736328125,-1.0139007568359375,0.008608789717611875,-0.0041797915287672596,-1.002498164177142
1789846416.8188062,0.0079498291015625,-0.0017547607421875,-1.0001068115234375,0.008476997594402,-0.003694785371451308,-1.002019893646401
1789846416.918288,0.01641845703125,-0.0070037841796875,-0.9955596923828125,0.0100652894817716,-0.0043565851330985466,-1.0007278533936834
1789846417.017809,0.011962890625,-3.0517578125e-05,-0.98895263671875,0.01044480971041728,-0.0034913716221038377,-0.9983728100586968
1789846417.117652,0.009307861328125,-0.004364013671875,-0.9949951171875,0.010217420033958825,-0.0036659000320580703,-0.9976972714844575
1789846417.2168489,0.009185791015625,-0.0020294189453125,-1.0045013427734375,0.01001109423029206,-0.0033386038147089564,-0.9990580857422535
1789846417.31638,0.0109100341796875,-0.00396728515625,-1.0009002685546875,0.010190882220171149,-0.0034643400830171654,-0.9994265223047404
1789846417.415868,0.0101776123046875,-0.0012359619140625,-0.994171142578125,0.01018822823707442,-0.0030186644492262325,-0.9983754463594174
1789846417.515234,0.01202392578125,-0.0023193359375,-0.997650146484375,0.010555367745909537,-0.0028787987468809864,-0.998230386384409
1789846417.614932,0.015838623046875,-0.00274658203125,-1.0018310546875,0.01161201880610263,-0.002852355403754789,-0.9989505200450273
1789846417.714587,-0.0054779052734375,0.00396728515625,-0.9809417724609375,0.008194033990194605,-0.0014884272917538312,-0.9953487705282094
1789846417.8140469,0.006378173828125,-0.007110595703125,-1.0148773193359375,0.007830861957780684,-0.002612860974028065,-0.9992544802897549
1789846417.913569,0.0127410888671875,0.001708984375,-1.005523681640625,0.008812907339662047,-0.0017484919042224521,-1.000508320559929
1789846418.01334,0.010345458984375,-0.0029754638671875,-0.99713134765625,0.009119417668604638,-0.001993886296815462,-0.9998329259791933
1789846418.11285,0.008544921875,-0.0059661865234375,-0.996063232421875,0.009004518509883711,-0.0027883463421398695,-0.9990789872677296
1789846418.212247,0.0102081298828125,-0.0028228759765625,-0.9991302490234375,0.00924524078446947,-0.002795252269024396,-0.9990892396188713
1789846418.311975,0.0138702392578125,-0.0009307861328125,-0.9991302490234375,0.010170240479138077,-0.0024223590417820164,-0.9990974414997846
1789846418.411176,0.0104522705078125,-0.0029296875,-1.0017547607421875,0.010226646484872962,-0.0025238247334256132,-0.9996289053482652
1789846418.5107598,0.008880615234375,-0.004974365234375,-0.998382568359375,0.009957440234773369,-0.0030139328336154904,-0.9993796379504872
1789846418.6103048,0.01123046875,-0.003814697265625,-1.0006561279296875,0.010212045937818695,-0.0031740857200173926,-0.9996349359463274
1789846418.709775,0.008087158203125,-0.0035400390625,-0.98992919921875,0.009787068390879956,-0.0032472763885139145,-0.9976937886008119
1789846418.809363,0.0065460205078125,0.0070037841796875,-0.9839324951171875,0.009138858814266466,-0.0011970642748736315,-0.994941529904087
1789846418.908757,0.0054931640625,-0.0003204345703125,-0.9947662353515625,0.008409719863913173,-0.0010217383339614053,-0.9949064709935821
1789846419.008492,0.0076751708984375,0.0023193359375,-1.013153076171875,0.00826281007081804,-0.00035352347966912425,-0.9985557920292407
1789846419.10812,0.01593017578125,-0.0086669921875,-1.02490234375,0.009796283212904433,-0.0020162172212352994,-1.0038251023733926
1789846419.21729,0.0116729736328125,-0.0093231201171875,-1.01104736328125,0.010171621296886047,-0.0034775978004257394,-1.0052695545549641
1789846419.316976,0.0097198486328125,-0.0033416748046875,-1.00115966796875,0.010081266764071338,-0.0034504132012780917,-1.0044475772377215
1789846419.416348,0.012847900390625,-0.002685546875,-1.0029296875,0.01063459348938207,-0.003297439936022473,-1.0041439992901773
1789846419.51583,0.0106964111328125,-0.004302978515625,-0.99481201171875,0.010646957018068158,-0.0034985476519429786,-1.0022776017758919
1789846419.615392,0.0114898681640625,-0.004730224609375,-0.996673583984375,0.010815539247267027,-0.003744883043429383,-1.0011567982175886
1789846419.714947,0.0101470947265625,-0.002349853515625,-0.9964141845703125,0.010681850343126123,-0.0034658771378685066,-1.0002082754881334
1789846419.814402,0.0090179443359375,-0.0032958984375,-1.0050201416015625,0.0103490691416884,-0.0034318813977948052,-1.0011706487108194
1789846419.9141479,0.0068817138671875,-0.0082550048828125,-1.0079345703125,0.00965559808678822,-0.004396506094798344,-1.0025234330311557
1789846420.013804,0.0098114013671875,-0.0034942626953125,-1.0014190673828125,0.009686758742868076,-0.0042160574149011755,-1.002302559901487
1789846420.113131,0.0117034912109375,-0.0036773681640625,-0.998748779296875,0.010090105236481961,-0.004108319564733441,-1.0015918037805647
1789846420.21251,0.010772705078125,-0.0029144287109375,-0.9911956787109375,0.01022662520481057,-0.0038695413939742523,-0.9995125787666393
1789846420.312727,0.0098114013671875,-0.003814697265625,-0.9977264404296875,0.010143580437285957,-0.003858572568304402,-0.999155351099249
1789846420.411912,0.00933837890625,-0.004241943359375,-1.000701904296875,0.009982540131078766,-0.003935246726518522,-0.9994646617387742
1789846420.511156,0.0113372802734375,-0.0028076171875,-0.9985504150390625,0.010253488159550513,-0.0037097208187148183,-0.9992818123988318
1789846420.610725,0.01080322265625,-0.0025787353515625,-0.9970550537109375,0.01036343505889041,-0.003483523725284355,-0.998836460661253
1789846420.7101789,0.0119781494140625,-0.003448486328125,-0.998626708984375,0.010686377929924828,-0.003476516245852484,-0.9987945103258775
1789846420.809764,0.0097808837890625,-0.004302978515625,-0.9980621337890625,0.010505279101752365,-0.0036418086998069874,-0.9986480350185146
1789846420.909196,0.0048980712890625,0.002777099609375,-0.98956298828125,0.009383837539214393,-0.00235802703797059,-0.9968310256710617
1789846421.009087,0.007659912109375,-0.0030975341796875,-1.0129852294921875,0.009039052453246514,-0.0025059284663139724,-1.000061866435287
1789846421.108274,0.013671875,-0.0004730224609375,-1.004974365234375,0.009965616962597212,-0.002099347265238678,-1.0010443661951047
1789846421.207882,0.0219879150390625,-0.0135955810546875,-1.0166168212890625,0.012370076577890271,-0.004398594023128442,-1.0041588572138962
1789846421.307496,0.01898193359375,-0.005706787109375,-0.9886016845703125,0.013692447981062218,-0.004660232640377754,-1.0010474226851795
1789846421.4067879,0.0162200927734375,-0.0085601806640625,-0.983917236328125,0.014197976939537275,-0.0054402222451147035,-0.9976213854137687
1789846421.506387,0.01177978515625,-0.0036163330078125,-0.98583984375,0.01371433858287982,-0.005075444397654264,-0.995265077081015
1789846421.60589,0.0086669921875,-0.007049560546875,-0.998046875,0.012704869303803858,-0.005470267627498412,-0.995821436664812
1789846421.705414,0.009002685546875,-0.0042877197265625,-1.006103515625,0.011964432552418088,-0.005233758047311229,-0.9978778524568497
1789846421.804908,0.0103607177734375,-4.57763671875e-05,-1.0014801025390625,0.01164368959662197,-0.004196161711286484,-0.9985983024732923
1789846421.904358,0.007537841796875,-0.003936767578125,-0.9896087646484375,0.010822520036672577,-0.004144282884654188,-0.9968003949083214
1789846422.004129,0.003875732421875,0.0006256103515625,-0.98345947265625,0.009433162513713062,-0.0031903042374108502,-0.9941322104579072
1789846422.103518,0.007568359375,0.0032501220703125,-0.9925384521484375,0.00906020188597045,-0.0019022189758661806,-0.9938134587960133
1789846422.203004,0.0015716552734375,0.0035247802734375,-0.9986419677734375,0.007562492563463861,-0.0008168191260054445,-0.9947791605914983
1789846422.302721,0.0037841796875,0.0014495849609375,-1.013336181640625,0.0068068299882710894,-0.00036353830861685565,-0.9984905648013237
1789846422.4021878,0.0077362060546875,-0.0013885498046875,-1.0203094482421875,0.006992705201554372,-0.0005685406078309845,-1.0028543414894964
1789846422.5015202,0.009490966796875,-0.00830078125,-1.0030517578125,0.007492357520618498,-0.002114988736264788,-1.002893824754097
1789846422.6010242,0.0106201171875,-0.0008544921875,-0.9979400634765625,0.0081179094539948,-0.0018628894265118304,-1.0019030724985902
1789846422.7005801,0.0118255615234375,-0.0059661865234375,-0.99493408203125,0.00885943986788334,-0.0026835488458969645,-1.0005092744051223
1789846422.800041,0.00970458984375,-0.0031280517578125,-0.9926605224609375,0.009028469863056672,-0.0027724494282800717,-0.9989395240162854
1789846422.899729,0.0091400146484375,-0.0032806396484375,-0.9986572265625,0.009050778820132839,-0.0028740874723115575,-0.9988830645255283
1789846422.999411,0.0151214599609375,-0.0022735595703125,-0.998260498046875,0.010264915048293771,-0.0027539818919117462,-0.9987585512297977
1789846423.098845,0.0186767578125,-0.00274658203125,-0.997650146484375,0.011947283601135016,-0.0027525019197793973,-0.9985368702807133
1789846423.198238,0.0154266357421875,-0.0032958984375,-0.9829559326171875,0.012643154029345514,-0.0028611812233235176,-0.9954206827480082
1789846423.29778,0.0063934326171875,0.0008697509765625,-0.9928741455078125,0.01139320974691391,-0.0021149947833463143,-0.9949113752999692
1789846423.3973432,0.004180908203125,-0.0001220703125,-1.01458740234375,0.009950749438156128,-0.0017164098891770513,-0.9988465807087255
1789846423.496807,0.011474609375,-0.0012359619140625,-1.010345458984375,0.010255521425524902,-0.0016203202941541411,-1.0011463563638554
1789846423.596261,0.01214599609375,-0.003997802734375,-1.00390625,0.010633616359169923,-0.002095816782198313,-1.0016983350910844
1789846423.695837,0.011199951171875,-0.00335693359375,-0.992584228515625,0.010746883321710938,-0.0023480401445086507,-0.9998755137759926
1789846423.7954888,0.009857177734375,-0.00213623046875,-0.9957122802734375,0.010568942204243752,-0.002305678209356921,-0.9990428670754816
1789846423.894957,0.0093994140625,-0.0034332275390625,-0.9994049072265625,0.010335036575895002,-0.002531188075298037,-0.9991152751056979
1789846423.994563,0.01068115234375,-0.003326416015625,-0.9996795654296875,0.010404259729466002,-0.0026902336633634295,-0.9992281331704959
1789846424.0938082,0.021087646484375,-0.0050201416015625,-1.009796142578125,0.012540937080447803,-0.0031562152510032438,-1.0013417350520217
1789846424.193478,0.015045166015625,-0.0110626220703125,-0.9902801513671875,0.013041782867483243,-0.004737496614865095,-0.999129418315055
1789846424.292937,0.011962890625,-0.003448486328125,-0.9940185546875,0.012826004418986594,-0.004479694557517076,-0.9981072455895441
1789846424.392459,0.0100860595703125,-0.003265380859375,-0.9939117431640625,0.012278015449251776,-0.004236831817888661,-0.9972681451044478
1789846424.492732,0.0081787109375,-0.0023193359375,-1.000823974609375,0.011458154546901422,-0.003853332641810929,-0.9979793110054334
1789846424.593316,0.01104736328125,-0.0041351318359375,-1.0037689208984375,0.011375996293771139,-0.003909692480636244,-0.9991372329840342
1789846424.6909962,0.0107574462890625,-0.003326416015625,-0.9987945556640625,0.011252286292829412,-0.003793037187633995,-0.9990686975200399
1789846424.790482,0.010223388671875,-0.0020599365234375,-0.9967193603515625,0.01104650676863853,-0.0034464170547946964,-0.9985988300863444
1789846424.8900828,0.010894775390625,-0.0030975341796875,-0.9973907470703125,0.011016160493035825,-0.0033766404797732573,-0.9983572134831381
1789846424.989606,0.010986328125,-0.00482177734375,-0.9994964599609375,0.01101019401942866,-0.003665667852568606,-0.998585062778698
1789846425.089054,0.01171875,-0.0034332275390625,-0.997344970703125,0.011151905215542927,-0.003619179789867385,-0.9983370443635834
1789846425.188683,0.01593017578125,-0.0034027099609375,-1.018096923828125,0.012107559328684344,-0.003575885824081408,-1.0022890202564918
1789846425.288352,0.0101470947265625,-0.0065460205078125,-0.9994659423828125,0.011715466408259975,-0.004169912760827627,-1.001724404681756
1789846425.3876538,0.0104522705078125,-0.0030975341796875,-0.9997100830078125,0.01146282722817048,-0.003955437044599602,-1.0013215403469673
1789846425.48715,0.0113067626953125,-0.0047454833984375,-0.9920196533203125,0.011431614321598886,-0.004113446315367182,-0.9994611629416363
1789846425.58669,0.0088653564453125,-0.0026702880859375,-0.997039794921875,0.01091836274634161,-0.0038248146694812458,-0.9989768893376841
1789846425.686223,0.00994873046875,-0.003143310546875,-1.0032501220703125,0.010724436290823288,-0.003688513844959997,-0.9998315358842099
1789846425.785727,0.011993408203125,-0.004608154296875,-0.998504638671875,0.01097823067328363,-0.003872441935342998,-0.999566156441743
1789846425.885304,0.0105438232421875,-0.0024261474609375,-0.99761962890625,0.010891349187064405,-0.003583183040461899,-0.9991768509346444
1789846425.984778,0.0102691650390625,-0.0031280517578125,-0.9989776611328125,0.010766912357464025,-0.0034921567839320193,-0.999137012974278
1789846426.084272,0.0101165771484375,-0.0042572021484375,-0.999847412109375,0.01063684531565872,-0.003645165856833116,-0.9992790928012976
1789846426.183794,0.0099639892578125,-0.0047607421875,-0.997161865234375,0.010502274104089477,-0.0038682811229664928,-0.9988556472879131
1789846426.283547,0.01055908203125,-0.002899169921875,-0.9993896484375,0.010513635689521583,-0.0036744588827481942,-0.9989624475178305
1789846426.382856,0.011016845703125,-0.003204345703125,-0.9992523193359375,0.010614277692242265,-0.0035804362468235557,-0.9990204218814519
1789846426.482367,0.0108642578125,-0.0025177001953125,-0.9978485107421875,0.010664273716293813,-0.0033678890365213448,-0.998786039653599
1789846426.5819101,0.0114593505859375,-0.0037078857421875,-0.9978485107421875,0.010823289090222551,-0.003435888377654576,-0.9985985338713168
1789846426.681328,0.01171875,-0.00469970703125,-0.9981536865234375,0.011002381272178043,-0.003688652108373661,-0.998509564401741
1789846426.781149,0.0097198486328125,-0.003936767578125,-0.99810791015625,0.010745874744304934,-0.003738275202323929,-0.9984292335526429
1789846426.8804011,0.0099029541015625,-0.003753662109375,-0.99932861328125,0.010577290615756449,-0.0037413525837341434,-0.9986091094983643
1789846426.980136,0.009613037109375,-0.0033416748046875,-0.997467041015625,0.010384439914480159,-0.003661417027924815,-0.9983806958018165
1789846427.079499,0.0095062255859375,-0.0032958984375,-0.998626708984375,0.010208797048771628,-0.003588313309839852,-0.9984298984383282
1789846427.179256,0.0098114013671875,-0.0030670166015625,-0.99951171875,0.010129317912454803,-0.0034840539681843816,-0.9986462625006627
1789846427.2788482,0.0105438232421875,-0.0035400390625,-1.0020751953125,0.010212218978401343,-0.0034952509870475055,-0.9993320490630302
1789846427.378206,0.0112762451171875,-0.0036468505859375,-0.999725341796875,0.010425024206158574,-0.003525570906825505,-0.9994107076097992
1789846427.4776912,0.010986328125,-0.0032501220703125,-0.997711181640625,0.01053728498992686,-0.003470481139522904,-0.9990708024159645
1789846427.5774112,0.0091552734375,-0.0020751953125,-0.998382568359375,0.010260882679441488,-0.003191423974118324,-0.9989331556046466
1789846427.676795,0.00921630859375,-0.0031890869140625,-0.99951171875,0.010051967862303193,-0.0031909565621071594,-0.9990488682337173
1789846427.7762089,0.0106048583984375,-0.00506591796875,-0.997222900390625,0.010162545969530054,-0.0035659488434357277,-0.9986836746650989
1789846427.875762,0.010284423828125,-0.003875732421875,-0.9990386962890625,0.010186921541249044,-0.0036279055591235823,-0.9987546789898917
1789846427.975441,0.0107574462890625,-0.0025482177734375,-0.9976043701171875,0.010301026490811735,-0.003411968001986366,-0.9985246172153509
1789846428.074861,0.01019287109375,-0.0025787353515625,-0.9989471435546875,0.010279395411399389,-0.003245321471901593,-0.9986091224832183
1789846428.1743279,0.0110626220703125,-0.0039520263671875,-0.9979705810546875,0.010436040743182011,-0.003386662450958775,-0.9984814141975121
1789846428.2739692,0.01055908203125,-0.003814697265625,-0.9989166259765625,0.010460649000795609,-0.00347226941389202,-0.9985684565533223
1789846428.3733048,0.0118560791015625,-0.002288818359375,-0.9988250732421875,0.010739735020948988,-0.003235579202988616,-0.9986197798910954
1789846428.472858,0.0117645263671875,-0.0022125244140625,-0.99957275390625,0.010944693290196691,-0.003030968245203393,-0.9988103746941264
1789846428.572496,0.008819580078125,-0.0044097900390625,-0.9985809326171875,0.010519670647782354,-0.0033067326039752146,-0.9987644862787386
1789846428.672175,0.0105438232421875,-0.0027313232421875,-0.997772216796875,0.010524501166663385,-0.003191650731617672,-0.998566032382366
1789846428.771764,0.0107421875,-0.0029144287109375,-0.998016357421875,0.01056803843333071,-0.003136206327481638,-0.9984560973902679
1789846428.870954,0.0110321044921875,-0.00225830078125,-0.9994659423828125,0.010660851645102068,-0.0029606252182353106,-0.9986580663887767
1789846428.9704762,0.01055908203125,-0.0034637451171875,-0.998291015625,0.010640497722331655,-0.003061249198025749,-0.9985846562360214
1789846429.069991,0.010589599609375,-0.003204345703125,-0.9985504150390625,0.010630318099740323,-0.003089868499045599,-0.9985778079966297
1789846429.169358,0.0111236572265625,-0.003448486328125,-0.9978790283203125,0.01072898592510476,-0.0031615920648614794,-0.9984380520613663
1789846429.2690191,0.010284423828125,-0.0030975341796875,-0.9991607666015625,0.010640073505708808,-0.0031487804878266835,-0.9985825949694056
1789846429.368644,0.00970458984375,-0.0034332275390625,-0.9990081787109375,0.010452976773317047,-0.003205669898073847,-0.9986677117177121
1789846429.4680529,0.0110015869140625,-0.00372314453125,-0.9983062744140625,0.010562698801466139,-0.003309164824709078,-0.9985954242569822
1789846429.567555,0.0113372802734375,-0.00384521484375,-0.997772216796875,0.010717615095860411,-0.0034163748285172624,-0.9984307827649608
1789846429.6670408,0.013427734375,-0.0029296875,-1.0035552978515625,0.01125963895168833,-0.00331903736281381,-0.9994556857822812
1789846429.7666621,0.002349853515625,0.001220703125,-0.9899139404296875,0.009477681864475663,-0.0024110892652510485,-0.9975473367117624
1789846429.866531,0.0087127685546875,-0.004150390625,-1.0133514404296875,0.00932469920251803,-0.002758949537200839,-1.0007081574553476
1789846429.965784,0.0101776123046875,-0.004638671875,-1.0040435791015625,0.009495281822951925,-0.0031348940047606715,-1.0013752417845907
1789846430.065237,0.012176513671875,-0.0032958984375,-1.0011749267578125,0.01003152819273654,-0.003167094891308537,-1.001335178779235
1789846430.164787,0.00958251953125,-0.0031280517578125,-0.993316650390625,0.009941726460439233,-0.00315928626460933,-0.9997314731015131
1789846430.264374,0.003662109375,-0.001068115234375,-0.9889984130859375,0.008685803043351387,-0.0027410520585624642,-0.9975848610983981
1789846430.363766,0.0079498291015625,0.004058837890625,-1.007537841796875,0.008538608254993611,-0.0013810740687249716,-0.9995754572380935
1789846430.463346,0.010284423828125,-0.00726318359375,-1.001251220703125,0.00888777136961989,-0.0025574959737299776,-0.9999106099310998
1789846430.5628052,0.01226806640625,-0.00048828125,-1.0051422119140625,0.00956383037694591,-0.0021436530289839825,-1.0009569303276924
1789846430.662314,0.0112152099609375,-0.0037384033203125,-0.9939117431640625,0.00989410629374423,-0.002462603087249686,-0.9995478928949665
1789846430.7618032,0.005340576171875,-0.0035247802734375,-0.992645263671875,0.008983400269370384,-0.002675038524487249,-0.9981673670503483
1789846430.8615432,0.00341796875,0.0044403076171875,-0.9930267333984375,0.007870313965496308,-0.0012519692961522994,-0.9971392403199661
1789846430.960875,0.0098876953125,-0.0007781982421875,-1.0102386474609375,0.008273790234897048,-0.0011572150853593397,-0.9997591217481605
1789846431.0604181,0.00860595703125,-0.00347900390625,-1.0054779052734375,0.00834022359416764,-0.0016215728495374718,-1.000902878453216
1789846431.1599689,0.01202392578125,-0.003662109375,-1.0048828125,0.009076964031584112,-0.0020296801546299775,-1.0016988652625727
1789846431.25966,0.0134124755859375,-0.0043487548828125,-0.9996490478515625,0.00994406634245479,-0.002493495100266482,-1.0012889017803708
1789846431.359188,0.005584716796875,-0.0048675537109375,-0.978302001953125,0.009072196433338833,-0.0029683068224006857,-0.9966915218149217
1789846431.4585462,0.0134735107421875,-0.0022735595703125,-1.004852294921875,0.009952459295108566,-0.0028293573719830488,-0.9983236764363125
1789846431.557996,0.0101318359375,-0.0043792724609375,-0.99273681640625,0.009988334623586854,-0.0031393403897739393,-0.9972063044303
1789846431.6574922,0.0119171142578125,-0.0027008056640625,-1.0038604736328125,0.010374090550431984,-0.0030516334446316516,-0.9985371382708026
1789846431.756957,0.010894775390625,-0.0037994384765625,-0.995880126953125,0.010478227518470589,-0.0032011944510178217,-0.9980057360072672
1789846431.856714,0.0106353759765625,-0.0020294189453125,-0.9876556396484375,0.010509657210088971,-0.0029668393498767575,-0.9959357167355013
1789846431.9560251,0.0118560791015625,0.004150390625,-0.9907073974609375,0.010778941588383677,-0.0015433933549014061,-0.9948900528805886
1789846432.055557,0.0119476318359375,-0.0073699951171875,-0.9944610595703125,0.011012679637894443,-0.0027087137073586254,-0.9948042542185335
1789846432.1550698,0.00927734375,-0.0001068115234375,-0.999542236328125,0.010665612460315554,-0.0021883332705744003,-0.9957518506404519
1789846432.254592,0.0114288330078125,-0.00250244140625,-1.00445556640625,0.010818256569814944,-0.0022511548977095204,-0.9974925937936115
1789846432.354178,0.0086669921875,-0.0037994384765625,-0.9960479736328125,0.010388003693351956,-0.0025608116134801166,-0.9972036697614518
1789846432.453615,0.01568603515625,-0.0083465576171875,-0.998046875,0.011447609985931565,-0.0037179608142215935,-0.9973723108091614
1789846432.553132,0.0118255615234375,0.0027618408203125,-0.994476318359375,0.011523200293432753,-0.002422000487314775,-0.9967931123192042
1789846432.652656,0.0099945068359375,-0.00653076171875,-0.991851806640625,0.011217461601933702,-0.0032437527336018203,-0.9958048511834884
1789846432.752245,0.008636474609375,-0.003570556640625,-1.0020599365234375,0.010701264203421964,-0.0033091135150064566,-0.9970558682514783
1789846432.852119,0.0105133056640625,-0.0036163330078125,-1.001129150390625,0.010663672495550072,-0.0033705574135676655,-0.9978705246793077
1789846432.951555,0.0165863037109375,-0.00970458984375,-1.003631591796875,0.011848198738627557,-0.004637363899604133,-0.9990227381028213
1789846433.0507488,0.0180511474609375,-0.0023956298828125,-0.9810638427734375,0.013088788483089546,-0.004189017096245806,-0.9954309590369446
1789846433.150268,0.01324462890625,-0.0068817138671875,-0.99298095703125,0.013119956567721637,-0.004727556450434145,-0.9949409586358058
1789846433.249779,0.0084381103515625,-0.003265380859375,-0.9942474365234375,0.012183587324489811,-0.004435121332222316,-0.9948022542133322
1789846433.349297,0.0097503662109375,-0.00335693359375,-1.00335693359375,0.01169694310177935,-0.004219483784527853,-0.9965131900894157
1789846433.448941,0.0146026611328125,-0.0016937255859375,-1.0040435791015625,0.01227808670798598,-0.003714332144809782,-0.9980192678918451
1789846433.5483599,0.0154876708984375,-0.011444091796875,-1.0012969970703125,0.012920003546076284,-0.005260284075222826,-0.9986748137275387
1789846433.647884,0.0102386474609375,0.000518798828125,-0.9920654296875,0.01238373232904853,-0.004104467494553261,-0.9973529369195311
1789846433.747458,0.0096588134765625,-0.0058746337890625,-0.9890899658203125,0.011838748558551325,-0.004458500753455109,-0.9957003426996873
1789846433.847292,0.0101776123046875,-0.00384521484375,-0.99810791015625,0.01150652130777856,-0.004335843571514087,-0.996181856191
1789846433.946439,0.0121307373046875,-0.0034942626953125,-0.9979248046875,0.011631364507160348,-0.00416752739627377,-0.9965304458903
1789846434.0461159,0.0175933837890625,-0.00885009765625,-1.02081298828125,0.01282376836354078,-0.005104041448269016,-1.0013869543684901
1789846434.145776,0.0123291015625,-0.0020599365234375,-0.987030029296875,0.012724835003332624,-0.0044952204633027125,-0.9985155693541672
1789846434.245132,0.01483154296875,-0.0057830810546875,-0.9919586181640625,0.0131461765964161,-0.00475279258157967,-0.9972041791161463
1789846434.344613,0.0113983154296875,-0.0050506591796875,-0.992034912109375,0.01279660436307038,-0.004812365901201237,-0.9961703257147921
1789846434.444057,0.0101470947265625,-0.0042724609375,-0.99908447265625,0.012266702435768806,-0.004704384908460989,-0.9967531551030837
1789846434.5436711,0.0143585205078125,-0.0048675537109375,-1.0157623291015625,0.012685066050177546,-0.004737018668956291,-1.0005549899027795
1789846434.6431332,0.00958251953125,-0.008209228515625,-0.9908294677734375,0.012064556746392037,-0.005431460638290034,-0.9986098854769111
1789846434.742728,0.014434814453125,-0.0035247802734375,-1.0058746337890625,0.012538608287738631,-0.005050124565319527,-1.0000628351393415
1789846434.8424048,0.0100860595703125,-0.00469970703125,-0.9919281005859375,0.012048098544253406,-0.004980041058505622,-0.9984358882286607
1789846434.941702,0.0101776123046875,-0.0027618408203125,-0.99456787109375,0.011674001296340225,-0.004536401010866998,-0.9976622848016786
1789846435.041302,0.0115203857421875,-0.001922607421875,-1.008087158203125,0.01164327818550968,-0.0040136422930685985,-0.9997472594819679
1789846435.140922,0.0052642822265625,-0.004425048828125,-0.9912261962890625,0.010367478993720244,-0.0040959236000798795,-0.9980430468433867
1789846435.2402391,0.0157928466796875,-0.009033203125,-1.01068115234375,0.011452552530913696,-0.005083379505063904,-1.0005706679434594
1789846435.33991,0.0115509033203125,-0.0036163330078125,-0.991485595703125,0.011472222688793457,-0.004789970205613623,-0.9987536534953926
1789846435.439478,0.0106201171875,-0.0035400390625,-0.9921417236328125,0.011301801588534766,-0.004539983976990899,-0.9974312675228767
1789846435.538943,0.00946044921875,-0.002899169921875,-0.9971466064453125,0.010933531114577814,-0.00421182116596772,-0.997374335307364
1789846435.6383018,0.0061798095703125,0.0018157958984375,-0.998016357421875,0.009982786805724751,-0.0030062977530866757,-0.9975027397302663
1789846435.7379751,0.0109100341796875,-0.007843017578125,-1.02056884765625,0.010168236280517301,-0.003973641718094341,-1.002115961315463
1789846435.837425,0.010009765625,-0.002349853515625,-0.9963836669921875,0.010136542149413843,-0.003648884077600473,-1.000969502450808
1789846435.936967,0.011749267578125,-0.004913330078125,-0.997467041015625,0.010459087235156074,-0.003901773277705379,-1.0002690101637715
1789846436.036502,0.01019287109375,-0.0042572021484375,-0.9927825927734375,0.01040584400687486,-0.003972859051851804,-0.9987717266857047
1789846436.135902,0.006561279296875,-0.004852294921875,-1.000823974609375,0.009636931064874888,-0.004148746225856443,-0.9991821762704388
1789846436.2405071,0.0037841796875,0.0063629150390625,-1.0080718994140625,0.00846638078939991,-0.0020464139728726544,-1.0009601208991636
1789846436.340081,0.007598876953125,-0.00640869140625,-1.01434326171875,0.008292880022144929,-0.0029188694595481237,-1.0036367490630809
1789846436.439522,0.0111541748046875,-0.0025482177734375,-1.0093994140625,0.008865138978653445,-0.002844739122325999,-1.0047892820629647
1789846436.538979,0.0130767822265625,-0.0048675537109375,-0.994781494140625,0.009707467628235256,-0.0032493020400482992,-1.0027877244784968
1789846436.6387029,0.0074310302734375,-0.004852294921875,-0.9878692626953125,0.009252180157275705,-0.0035699006164136393,-0.99980403212186
1789846436.738236,0.0009002685546875,0.002410888671875,-0.9823760986328125,0.007581797836758064,-0.0023737427587559117,-0.9963184454240506
1789846436.8377461,0.00518798828125,-0.0008392333984375,-1.013397216796875,0.007103035925656451,-0.0020668408866922295,-0.9997341996986155
1789846436.937131,0.0043792724609375,-0.00274658203125,-1.0107879638671875,0.0065582832327126615,-0.0022027891156037836,-1.00194495253233
1789846437.036724,0.01251220703125,-0.0024566650390625,-1.0102691650390625,0.00774906799242013,-0.0022535643002955267,-1.0036097950336766
1789846437.136163,0.0125274658203125,-0.0029754638671875,-0.995361328125,0.008704747557998604,-0.0023979442136739214,-1.0019601016519415
1789846437.235791,0.0040435791015625,-0.001556396484375,-0.9755859375,0.007772513866711384,-0.002229634667814137,-0.9966852688215533
1789846437.33514,0.005889892578125,0.005462646484375,-0.995880126953125,0.007395989608994107,-0.0006911784373763096,-0.9965242404478676
1789846437.434698,0.00640869140625,-0.004180908203125,-1.0025482177734375,0.007198529968445286,-0.0013891243905260477,-0.9977290359129816
1789846437.534206,0.0100860595703125,-0.001495361328125,-1.0117645263671875,0.007776035888818729,-0.0014103717780458384,-1.0005361340038228
1789846437.633718,0.01123046875,-0.00225830078125,-1.0051422119140625,0.008466922461054984,-0.001579957578686671,-1.0014573495858707
1789846437.733422,0.0112457275390625,-0.0036773681640625,-0.9861602783203125,0.009022683476656487,-0.0019994396957618366,-0.9983979353327592
1789846437.832827,0.00885009765625,0.0021820068359375,-0.9905242919921875,0.00898816631257519,-0.0011631503894219694,-0.996823206664645
1789846437.93238,0.007720947265625,0.00238037109375,-0.9976654052734375,0.008734722503185154,-0.00045444609278757553,-0.9969916463864035
1789846438.032209,0.0078125,-0.0029754638671875,-1.006378173828125,0.008550278002548123,-0.0009586496476675604,-0.9988689518747479
1789846438.131808,0.0107269287109375,-0.0015106201171875,-1.0096435546875,0.008985608144225998,-0.0010690437415715483,-1.0010238724372984
1789846438.231112,0.0109100341796875,-0.0064239501953125,-0.99847412109375,0.009370493351318298,-0.0021400250323197387,-1.0005139221685888
1789846438.330659,0.0157318115234375,-0.0097198486328125,-0.99774169921875,0.010642756985742139,-0.003655989752418291,-0.999959477578621
1789846438.430238,0.01470947265625,0.000335693359375,-0.9880218505859375,0.011456100119843712,-0.0028576531300596327,-0.9975719521800843
1789846438.529348,0.01287841796875,-0.0036163330078125,-0.988800048828125,0.01174056368962497,-0.0030093891056102062,-0.9958175715096925
1789846438.6292272,0.0094146728515625,-0.008880615234375,-0.9977264404296875,0.011275385522012477,-0.004183634331363165,-0.9961993452936916
1789846438.72863,0.0112457275390625,-0.0007476806640625,-1.00927734375,0.011269453925422482,-0.003496443597903032,-0.9988149449849534
1789846438.828086,0.011199951171875,0.0001678466796875,-0.993072509765625,0.011255553374712988,-0.002763585542384926,-0.9976664579410878
1789846438.927846,0.0117034912109375,-0.0084991455078125,-0.9969635009765625,0.01134514094195789,-0.003910697535470441,-0.9975258665481828
1789846439.027319,0.01043701171875,-0.000213623046875,-1.00518798828125,0.011163515097316314,-0.003171282637751353,-0.9990582908947963
1789846439.1264381,0.0003509521484375,0.0064849853515625,-0.97564697265625,0.009001002507540552,-0.0012400290398885826,-0.9943760272470871
1789846439.226017,0.0068817138671875,-0.0095977783203125,-1.013275146484375,0.008577144779469942,-0.0029115788959733664,-0.9981558510945447
1789846439.325694,0.0085601806640625,0.0006103515625,-1.0074615478515625,0.008573751956388454,-0.0022071928042786933,-1.0000169904459484
1789846439.4250178,0.01123046875,0.000457763671875,-0.99615478515625,0.009105095315110764,-0.0016742015090479548,-0.9992445493880088
1789846439.52466,0.010528564453125,-0.0100555419921875,-0.9969482421875,0.00938978914271361,-0.003350469605675864,-0.9987852879479071
1789846439.6240702,0.0091094970703125,0.00146484375,-1.0023345947265625,0.009333730728233389,-0.0023874069345406913,-0.9994951493036383
1789846439.723522,0.01129150390625,-0.0014190673828125,-0.99346923828125,0.009725285363836711,-0.002193739024195053,-0.9982899670991606
1789846439.823045,0.012969970703125,-0.0102081298828125,-1.003936767578125,0.01037422243169437,-0.003796617195918543,-0.9994193271949536
1789846439.9225621,0.010345458984375,0.0015411376953125,-1.0011749267578125,0.010368469742230497,-0.0027290662176723346,-0.9997704471075254
1789846440.02214,0.0112152099609375,-0.00372314453125,-0.993408203125,0.010537817785971898,-0.002927881880387868,-0.9984979983110204
1789846440.1215348,0.0106201171875,-0.005645751953125,-0.9991912841796875,0.01055427766627752,-0.0034714558949352943,-0.9986366554847538
1789846440.221107,0.0060882568359375,-0.0006561279296875,-0.9899139404296875,0.009661073500209515,-0.0029083903018857354,-0.9968921124737405
1789846440.3206348,0.0097198486328125,-0.0001373291015625,-1.00909423828125,0.009672828526730112,-0.002354178061821089,-0.9993325376352425
1789846440.420125,0.0097198486328125,-0.0008697509765625,-1.0063629150390625,0.00968223254794659,-0.002057292644769371,-1.0007386131160065
1789846440.519681,0.0125732421875,-0.0116119384765625,-1.0057220458984375,0.010260434475857273,-0.003968221811127997,-1.0017352996724929
1789846440.619462,0.00927734375,-0.002471923828125,-1.000396728515625,0.010063816330685819,-0.003668962214527398,-1.0014675854411195
1789846440.718813,0.011871337890625,-0.0038299560546875,-0.9918060302734375,0.010425320642673656,-0.0037011609825594186,-0.9995352744075832
1789846440.818297,0.0132293701171875,-0.00640869140625,-0.987518310546875,0.010986130537576425,-0.004242667067297535,-0.9971318816354415
1789846440.918041,0.007659912109375,-0.0020294189453125,-1.0019073486328125,0.01032088685193614,-0.003800017442900528,-0.9980869750349157
1789846441.0174851,0.0096282958984375,-0.005615234375,-0.9994354248046875,0.010182368661236412,-0.004163060829320423,-0.9983566649888702
1789846441.1168718,0.0119781494140625,-0.0012969970703125,-0.9981536865234375,0.01054152481180163,-0.0035898480775188382,-0.9983160692957838
1789846441.2164268,0.011474609375,-0.0015411376953125,-0.9975738525390625,0.010728141724441304,-0.0031801060010775706,-0.9981676259444395
1789846441.315959,0.01580810546875,-0.00567626953125,-0.99908447265625,0.011744134473303044,-0.0036793387071120567,-0.9983509952868017
1789846441.4155622,0.01116943359375,-4.57763671875e-05,-0.995147705078125,0.011629194297392436,-0.0029526262391271455,-0.9977103372450664
1789846441.5150461,0.0076141357421875,-0.0002288818359375,-0.997039794921875,0.01082618258635145,-0.0024078773584892167,-0.9975762287804282
1789846441.614785,0.0098114013671875,-0.0048675537109375,-1.0039520263671875,0.01062322634251866,-0.0028998126289788736,-0.9988513882977801
1789846441.714237,0.0115509033203125,-0.0041961669921875,-1.0001678466796875,0.010808761738077429,-0.003159083501620599,-0.9991146799741616
1789846441.8134918,0.0094146728515625,-0.001190185546875,-0.99810791015625,0.010529943960774443,-0.002765303910671479,-0.9989133260105794
1789846441.913096,0.01171875,-0.006072998046875,-0.99285888671875,0.010767705168619555,-0.003426842737912183,-0.9977024381522135
1789846442.012465,0.0095062255859375,-0.0056915283203125,-0.9991912841796875,0.010515409252083144,-0.003879779854392247,-0.9980002073577083
1789846442.112224,0.006866455078125,-0.0023345947265625,-0.9947052001953125,0.009785618417291515,-0.0035707428288262975,-0.9973412059252292
1789846442.211931,0.01275634765625,-0.003997802734375,-1.0026397705078125,0.010379764265083214,-0.0036561548099360384,-0.998400918841746
1789846442.3115392,0.015472412109375,-0.0051727294921875,-1.0106964111328125,0.011398293833941572,-0.0039594697463863305,-1.0008600172999593
1789846442.410691,0.0210113525390625,-0.0152740478515625,-0.9994964599609375,0.01332090557496576,-0.006222385367421565,-1.000587305832155
1789846442.510315,0.01116943359375,-0.0015411376953125,-0.9849395751953125,0.012890611178722608,-0.0052861358329997525,-0.9974577597047867
1789846442.6097898,-0.00079345703125,0.0012664794921875,-0.9753875732421875,0.010153797536728086,-0.003975612767962302,-0.9930437224122669
1789846442.70928,0.0055999755859375,-0.0021209716796875,-1.011810302734375,0.00924303314656997,-0.003604684550307342,-0.9967970384766885
1789846442.808949,0.01171875,-0.002777099609375,-1.0086669921875,0.009738176517255975,-0.003439167562120874,-0.9991710292188509
1789846442.908558,0.01104736328125,-0.00311279296875,-1.0064239501953125,0.01000001387005478,-0.0033738926434466994,-1.0006216134141432
1789846443.007977,0.0078277587890625,-0.0011444091796875,-0.99365234375,0.009565562853856326,-0.0029279959506948597,-0.9992277594813146
1789846443.107266,0.014892578125,-0.0044708251953125,-1.000152587890625,0.010630965908085061,-0.0032365617996183878,-0.9994127251631768
1789846443.206924,0.00860595703125,-0.0018463134765625,-0.9929962158203125,0.010225964132718049,-0.0029585121350072102,-0.998129423294604
1789846443.306361,0.0129547119140625,-0.0056610107421875,-1.0101776123046875,0.01077171368898694,-0.0034990118564432685,-1.0005390610966207
1789846443.40585,0.0131683349609375,-0.0012054443359375,-1.0081787109375,0.011251037943377052,-0.003040298352342115,-1.0020669910647966
1789846443.5053148,0.0133056640625,-0.0121612548828125,-1.012054443359375,0.011661963167201642,-0.004864489658436192,-1.0040644815237123
1789846443.604996,0.0053558349609375,0.0001983642578125,-0.98516845703125,0.010400737525948814,-0.0038519188751864543,-1.00028527662522
1789846443.70443,0.0150909423828125,-0.0069580078125,-1.0076141357421875,0.011338778497321553,-0.004473136662649164,-1.0017510484486136
1789846443.804038,0.005157470703125,-0.0009613037109375,-0.97857666015625,0.010102516938482242,-0.003770770072306831,-0.9971161707901409
1789846443.9036288,0.0162811279296875,-0.0055999755859375,-1.0182037353515625,0.011338239136723294,-0.004136611175032966,-1.0013336837024254
1789846444.0029678,0.0045623779296875,-0.000457763671875,-0.9835052490234375,0.009983066895316134,-0.003400841674401373,-0.9977679967666279
1789846444.10268,0.016387939453125,-0.005096435546875,-1.01397705078125,0.011264041406877909,-0.0037399604488960988,-1.0010098075695524
1789846444.202107,0.0062408447265625,-0.0025787353515625,-0.9851531982421875,0.010259402070814827,-0.0035077154294293794,-0.9978384857040794
1789846444.301543,0.01348876953125,-0.0047760009765625,-1.008758544921875,0.010905275562901863,-0.0037613725388560035,-1.0000224975476386
1789846444.40106,0.014373779296875,-0.0038299560546875,-1.0018310546875,0.011598976309696491,-0.003775089242022303,-1.000384208975611
1789846444.500433,0.0017852783203125,0.000579833984375,-0.9938201904296875,0.009636236711819693,-0.0029041045967428424,-0.9990714052664262
1789846444.600205,0.00360107421875,-0.005889892578125,-1.011810302734375,0.008429204213205754,-0.003501262193019274,-1.001619184760016
1789846444.6995602,0.01275634765625,-0.0013580322265625,-1.01507568359375,0.009294632901814604,-0.0030726161997279193,-1.0043104845267627
1789846444.799014,0.021820068359375,-0.0097503662109375,-1.008209228515625,0.011799719993326685,-0.004408166201969836,-1.0050902333245353
1789846444.898732,0.0190582275390625,-0.0072479248046875,-0.98779296875,0.01325142150247385,-0.004976117922513368,-1.0016307804096283
1789846444.998207,0.015045166015625,-0.009002685546875,-0.9827117919921875,0.013610170405104082,-0.0057814314473856945,-0.9978469827261401
1789846445.097783,0.0126953125,-0.0030670166015625,-0.9858856201171875,0.013427198824083266,-0.005238548478221056,-0.9954547102043496
1789846445.197428,0.0062103271484375,0.001312255859375,-0.9862823486328125,0.011983824488954114,-0.003928387610701845,-0.9936202378900423
1789846445.297011,0.0029144287109375,0.00067138671875,-0.9995269775390625,0.010169945333350793,-0.003008432744811476,-0.9948015858198463
1789846445.3963451,0.003570556640625,0.0001068115234375,-1.0136566162109375,0.008850067594805633,-0.002385383891161681,-0.9985725918980646
1789846445.495749,0.0033416748046875,-0.0029296875,-1.0112762451171875,0.007748389036782007,-0.002494244612929345,-1.0011133225418893
1789846445.59559,0.009246826171875,0.00286865234375,-1.0039825439453125,0.008048076463800607,-0.0014216652215934761,-1.001687166822574
1789846445.6949959,0.0167694091796875,-0.01092529296875,-1.0057525634765625,0.009792343006977986,-0.003322390771024781,-1.0025002461533719
1789846445.794296,0.0134124755859375,-0.0064239501953125,-0.99774169921875,0.010516369522769891,-0.003942702655882325,-1.0015485367664476
1789846445.8939,0.0108489990234375,-0.0019989013671875,-0.978118896484375,0.010582895422903414,-0.0035539423981433603,-0.9968626087100332
1789846445.993356,0.0076141357421875,0.0032196044921875,-0.980743408203125,0.009989143486760232,-0.0021992330200771883,-0.9936387686086516
1789846446.0933251,-0.0013580322265625,-0.0026397705078125,-0.9979705810546875,0.007719708344095686,-0.002287340517624251,-0.9945051310978589
1789846446.192637,0.00396728515625,0.00201416015625,-1.0272064208984375,0.006969223706526549,-0.0014270403828494007,-1.0010453890579747
1789846446.291796,0.008056640625,-0.0028839111328125,-1.0145263671875,0.00718670709022124,-0.0017184145328420206,-1.0037415846838798
1789846446.391818,0.01336669921875,-0.005157470703125,-1.008697509765625,0.008422705515926993,-0.0024062257668986168,-1.0047327697002288
1789846446.491466,0.018402099609375,-0.0088958740234375,-1.002197265625,0.010418584334616595,-0.0037041554182063938,-1.0042256688851832
1789846446.590409,0.0118408203125,-0.007171630859375,-0.97564697265625,0.010703031530193276,-0.004397650506440115,-0.9985099296393966
1789846446.689867,0.011077880859375,0.006927490234375,-0.9803619384765625,0.010778001396029623,-0.002132622358277092,-0.9948803314068299
1789846446.789463,0.00567626953125,0.0028533935546875,-0.9890899658203125,0.009757655023073698,-0.0011354191756841737,-0.9937222582895264
1789846446.8890529,0.011016845703125,0.0009613037109375,-1.0277557373046875,0.010009493159083959,-0.000716074598359839,-1.0005289540925588
1789846446.988484,0.01025390625,-0.0044097900390625,-1.016845703125,0.010058375777267167,-0.0014548176865003713,-1.003792303899047
1789846447.087951,0.011993408203125,-0.0038604736328125,-0.9988861083984375,0.010445382262438735,-0.0019359488757627972,-1.0028110647989252
1789846447.18751,0.0125579833984375,-0.0025634765625,-0.99359130859375,0.010867902489638488,-0.0020614544131102377,-1.0009671135578901
1789846447.287014,0.0099334716796875,-0.00128173828125,-0.9910736083984375,0.010681016327648292,-0.0019055111867381902,-0.9989884125259996
1789846447.386541,0.0074310302734375,-0.0057525634765625,-1.002532958984375,0.010031019116806133,-0.0026749216447030525,-0.9996973218176747
1789846447.486082,0.0077667236328125,-0.004241943359375,-1.007171630859375,0.009578160020007408,-0.002988325987637442,-1.0011921836260147
1789846447.5859199,0.010101318359375,-0.006744384765625,-0.99664306640625,0.009682791687880927,-0.003739537743234954,-1.0002823601820618
1789846447.685178,0.0130615234375,-0.0004119873046875,-1.00323486328125,0.010358538037804742,-0.0030740276555254633,-1.0008728608018995
1789846447.784669,0.011199951171875,-0.00439453125,-0.9902496337890625,0.010526820664618793,-0.0033381283744203707,-0.9987482153993322
1789846447.884275,0.0142822265625,-0.0034027099609375,-1.00164794921875,0.011277901844195035,-0.003351044691723797,-0.9993281621632158
1789846447.983808,0.00213623046875,0.003387451171875,-0.99188232421875,0.009449567569106029,-0.0020033455190040374,-0.9978389945743228
1789846448.0832748,0.0090484619140625,-0.0020904541015625,-1.0148468017578125,0.009369346438097323,-0.00202076723551573,-1.0012405560110207
1789846448.1827688,0.0119171142578125,-0.004608154296875,-1.0044097900390625,0.009878900002040359,-0.0025382446477875843,-1.001874402816629
1789846448.282404,0.0104522705078125,-0.002227783203125,-1.000640869140625,0.009993574103194788,-0.0024761523588550678,-1.0016276960814283
1789846448.3819818,0.0105133056640625,-0.00189208984375,-0.992401123046875,0.010097520415368332,-0.0023593398558340545,-0.9997823814745177
1789846448.481128,0.0028533935546875,-0.001434326171875,-0.987518310546875,0.008648695043232166,-0.0021743371190422437,-0.9973295672889891
1789846448.58129,0.00653076171875,-0.000335693359375,-1.012908935546875,0.008225108378335733,-0.001806608367108795,-1.0004454409405663
1789846448.680313,0.009002685546875,-0.0012969970703125,-0.9960784912109375,0.008380623812043585,-0.0017046861077495363,-0.9995720509946406
1789846448.7797961,0.0131988525390625,-0.0031890869140625,-1.003631591796875,0.009344269557447368,-0.002001566269012129,-1.0003839591550876
1789846448.879507,0.011688232421875,-0.002716064453125,-0.9928436279296875,0.009813062130332895,-0.0021444659058347036,-0.9988758929100077
1789846448.979115,0.0065155029296875,-0.004241943359375,-0.992767333984375,0.009153550290203816,-0.002563961396542763,-0.9976541811248812
1789846449.078479,0.003448486328125,0.0066070556640625,-0.9930572509765625,0.008012537497788054,-0.0007297579844217103,-0.9967347950952175
1789846449.17807,0.0109405517578125,-0.0069122314453125,-1.0075225830078125,0.008598140349792944,-0.0019662526765998685,-0.9988923526777366
1789846449.277529,0.0077362060546875,-0.0022430419921875,-1.0068817138671875,0.008425753490771855,-0.002021610539717395,-1.0004902249156267
1789846449.377178,0.0107879638671875,-0.00323486328125,-1.002349853515625,0.008898195566054984,-0.0022642610880239163,-1.0008621506356263
1789846449.476684,0.0108489990234375,-0.0046844482421875,-0.997833251953125,0.009288356257531487,-0.002748298518856633,-1.0002563708991261
1789846449.575992,0.0078582763671875,-0.005401611328125,-0.9799041748046875,0.00900234027946269,-0.003278961080710307,-0.9961859316802385
1789846449.675602,0.01251220703125,-0.0035400390625,-1.0008392333984375,0.009704313629820153,-0.0033311766770682456,-0.9971165920238783
1789846449.77521,0.008056640625,-0.0032501220703125,-0.99774169921875,0.009374779028856124,-0.0033149657557170966,-0.9972416134628527
1789846449.874817,0.010711669921875,-0.003326416015625,-1.0043182373046875,0.0096421572074599,-0.0033172558076986773,-0.9986569382312197
1789846449.974218,0.010711669921875,-0.0036163330078125,-1.0019683837890625,0.00985605975034292,-0.003377071247721442,-0.9993192273427883
1789846450.0736809,0.008880615234375,0.0018157958984375,-0.988006591796875,0.009660970847149336,-0.002338497818489654,-0.9970567002336057
1789846450.17328,0.013519287109375,0.0053558349609375,-0.99420166015625,0.01043263409959447,-0.0007996312626042232,-0.9964856922181347
1789846450.272646,0.03167724609375,-0.0053863525390625,-0.99383544921875,0.014681556498425577,-0.0017169755178958787,-0.9959556436182578
1789846450.3722382,0.030731201171875,-0.002166748046875,-0.9955902099609375,0.017891485433115462,-0.001806930023691703,-0.9958825568867938
1789846450.471692,0.03961181640625,-0.0053863525390625,-1.003204345703125,0.02223555162774237,-0.0025228145267658627,-0.9973469146500602
1789846450.5717049,0.03851318359375,-0.006744384765625,-0.995941162109375,0.025491078020943896,-0.0033671285745376905,-0.9970657641419232
1789846450.6712232,0.0555267333984375,-0.0103607177734375,-0.997283935546875,0.03149820909644262,-0.004765846414317653,-0.9971093984229136
1789846450.770366,0.0443267822265625,-0.0015716552734375,-0.9915771484375,0.034063923722466596,-0.004127008186141623,-0.9960029484258309
1789846450.869904,0.0488128662109375,-0.0072479248046875,-0.9857177734375,0.03701371222016078,-0.004751191509850799,-0.9939459134281647
1789846450.969495,0.047515869140625,-0.0057830810546875,-0.997467041015625,0.03911414360425363,-0.004957569418818139,-0.9946501389456568
1789846451.0688992,0.04638671875,-0.002105712890625,-1.0029754638671875,0.04056865863340291,-0.004387198113179512,-0.996315203929963
1789846451.168601,0.0580596923828125,-0.010650634765625,-1.0086822509765625,0.044066865383284824,-0.0056398854436686095,-0.9987886133392829
1789846451.267868,0.077972412109375,-0.00091552734375,-0.9813385009765625,0.05084797472850286,-0.004695013823684888,-0.9952985908667389
1789846451.367326,0.1065826416015625,-0.0052947998046875,-1.0012969970703125,0.06199490810311479,-0.0048149710198854105,-0.9964982721074536
1789846451.467062,0.1326904296875,-0.0031585693359375,-0.9981231689453125,0.07613401241999183,-0.004483690683095828,-0.9968232514750254
1789846451.5664082,0.1646728515625,-0.0021209716796875,-1.001495361328125,0.09384178024849346,-0.004011146882414163,-0.9977576734456454
1789846451.666082,0.197662353515625,-0.005859375,-1.00408935546875,0.11460589490191977,-0.00438079250593133,-0.9990240098502664
1789846451.7656221,0.2037200927734375,-0.011474609375,-0.9949188232421875,0.13242873447622333,-0.005799555879745065,-0.9982029725286506
1789846451.865032,0.2122650146484375,-0.0045318603515625,-0.9868621826171875,0.14839599051066618,-0.005546016774108552,-0.995934814546358
1789846451.964625,0.2353515625,-0.0261688232421875,-0.95782470703125,0.16578710490853293,-0.009670578067724343,-0.9883127930433365
1789846452.064196,0.230255126953125,-0.0125274658203125,-0.9962921142578125,0.17868070931745136,-0.010241955618241975,-0.9899086572862318
1789846452.163836,0.23297119140625,-0.000396728515625,-0.9930572509765625,0.1895388057352111,-0.00827291019771858,-0.9905383760242981
1789846452.263238,0.2497711181640625,0.0005950927734375,-1.0194091796875,0.20158526822098138,-0.006499309603487365,-0.9963125367569384
1789846452.363004,0.247406005859375,0.008941650390625,-0.9853668212890625,0.21074941574866013,-0.0034111176046648928,-0.9941233936633633
1789846452.462322,0.2540740966796875,0.014617919921875,-0.9980926513671875,0.21941435193486564,0.00019468990064308578,-0.9949172452041282
1789846452.561794,0.2355499267578125,0.0205230712890625,-1.007659912109375,0.22264146689945502,0.0042603661783269684,-0.9974657785851776
1789846452.661282,0.2727203369140625,0.0013885498046875,-0.9987335205078125,0.23265724090237652,0.0036860029035990748,-0.9977193269697046
1789846452.7608628,0.260986328125,0.0001068115234375,-0.9465484619140625,0.2383230583469012,0.0029701646275667602,-0.9874851539585762
1789846452.860268,0.2778472900390625,0.0403289794921875,-1.077606201171875,0.24622790468533345,0.010441927600490909,-1.005509363401236
1789846452.959641,0.235382080078125,0.0443115234375,-1.075042724609375,0.24405873976389178,0.01721584676789273,-1.0194160356428639
1789846453.059408,0.2429962158203125,-0.0215606689453125,-0.9527587890625,0.24384623497517594,0.009460543625251684,-1.006084586326791
1789846453.158665,0.2396240234375,-0.0040740966796875,-0.9971466064453125,0.24300179266764077,0.006753615564263847,-1.0042969903504955
1789846453.2582269,0.23272705078125,-0.0306243896484375,-0.9992218017578125,0.24094684429036262,-0.0007219854782764224,-1.003281952631959
1789846453.3578072,0.2252349853515625,-0.0191192626953125,-1.0175323486328125,0.23780447250260262,-0.004401440921683639,-1.0061320318321298
1789846453.4575381,0.228668212890625,0.003936767578125,-1.0039215087890625,0.23597722058020712,-0.002733799221721911,-1.0056899272235165
1789846453.556731,0.2326202392578125,-0.028961181640625,-0.9722747802734375,0.23530582431572822,-0.007979275705502529,-0.9990068978335007
1789846453.656327,0.2210235595703125,-0.025787353515625,-1.0021514892578125,0.2324493713666451,-0.011540891267527022,-0.9996358161183632
1789846453.7558389,0.2047882080078125,-0.051483154296875,-0.977203369140625,0.2269171386948786,-0.01952934387339662,-0.9951493267228156
1789846453.8553,0.2345428466796875,-0.0389556884765625,-0.95147705078125,0.22844228029184038,-0.023414612794029795,-0.9864148715345025
1789846453.9547591,0.2071380615234375,-0.04644775390625,-0.982513427734375,0.2241814365381598,-0.02802124101647384,-0.985634582774477
1789846454.0542722,0.2093353271484375,-0.0175628662109375,-1.0098724365234375,0.22121221466021534,-0.025929566055366574,-0.9904821535242692
1789846454.153842,0.20635986328125,-0.007354736328125,-0.9860992431640625,0.2182417443844223,-0.022214600109918263,-0.9896055714522278
1789846454.2533898,0.17901611328125,0.0277252197265625,-1.016815185546875,0.21039661816378782,-0.012226636142622111,-0.9950474942711572
1789846454.352912,0.198028564453125,-0.03326416015625,-0.9667816162109375,0.2079230074216553,-0.01643414094534769,-0.9893943186591134
1789846454.452683,0.1765289306640625,-0.028411865234375,-0.9651947021484375,0.20164419207013673,-0.018829685803153154,-0.9845543953569783
1789846454.551923,0.2112579345703125,0.011383056640625,-1.0169677734375,0.20356694057017188,-0.012787137314397522,-0.9910370709730827
1789846454.651583,0.198974609375,-0.017608642578125,-0.99798583984375,0.20264847433113753,-0.013751438367143019,-0.9924268247472162
1789846454.7514071,0.196319580078125,0.0047454833984375,-1.0060272216796875,0.20138269548053506,-0.010052054014026915,-0.9951469041337104
1789846454.850603,0.197265625,0.0023956298828125,-1.00823974609375,0.20055928138442805,-0.007562517234659033,-0.9977654725257183
1789846454.950201,0.156646728515625,0.029327392578125,-1.018768310546875,0.19177677081066746,-0.0001845352721022266,-1.0019660401299497
1789846455.0495,0.2013702392578125,-0.014068603515625,-1.06732177734375,0.19369546450009648,-0.0029613489208067814,-1.0150371875727098
1789846455.149173,0.175689697265625,0.0158538818359375,-1.0314788818359375,0.19009431105320218,0.0008016972305420747,-1.0183255264253555
1789846455.248682,0.1823577880859375,0.0022735595703125,-1.024627685546875,0.18854700645974926,0.0010960696984961599,-1.0195859582496594
1789846455.348096,0.2017059326171875,0.0500030517578125,-1.020111083984375,0.19117879169123692,0.010877466110359429,-1.0196909833966026
1789846455.4477139,0.1749114990234375,0.059173583984375,-1.015838623046875,0.18792533315767704,0.02053668968516254,-1.018920511326657
1789846455.5469809,0.1490936279296875,0.0127105712890625,-1.0260772705078125,0.18015899211207914,0.018971466005942537,-1.020351863162888
1789846455.646544,0.1719818115234375,-0.042877197265625,-1.0305633544921875,0.17852355599435082,0.00660173335162903,-1.022394161428748
1789846455.7463489,0.1328125,-0.0018463134765625,-0.9698333740234375,0.16938134479548067,0.004912123985990725,-1.011882003947686
1789846455.845711,0.1502838134765625,-0.108978271484375,-1.0146331787109375,0.16556183853169704,-0.01786595510808242,-1.0124322389003364
1789846455.94527,0.1640625,-0.0550689697265625,-1.040771484375,0.16526197082535762,-0.02530655803177844,-1.0181000879952693
1789846456.04492,0.1707763671875,-0.0478515625,-0.9893646240234375,0.1663648500977861,-0.029815558925422755,-1.012352995200903
1789846456.144291,0.18548583984375,0.03485107421875,-0.9691314697265625,0.1701890480469789,-0.016882232296588206,-1.003708690106035
1789846456.246893,0.1529083251953125,0.066619873046875,-1.034942626953125,0.16673290347664563,-0.000181811227895564,-1.0099554774754531
1789846456.343466,0.172119140625,-0.02642822265625,-0.889923095703125,0.1678101509063165,-0.005431093513566452,-0.9859490011209876
1789846456.443198,0.152435302734375,0.0909576416015625,-1.0008087158203125,0.1647351812719282,0.01384665350945934,-0.9889209440608526
1789846456.542482,0.1566619873046875,0.06365966796875,-1.022125244140625,0.16312054247848007,0.023809256401317473,-0.995561804076807
1789846456.642019,0.180755615234375,0.016693115234375,-1.0241546630859375,0.16664755702965908,0.02238602816792898,-1.0012803758786333
1789846456.741708,0.1450347900390625,0.21044921875,-1.0020599365234375,0.16232500363153976,0.05999866628434318,-1.0014362880075942
1789846456.841048,0.124359130859375,0.2626495361328125,-1.058502197265625,0.1547318290771068,0.10052884025403705,-1.0128494698592005
1789846456.9404259,0.14093017578125,0.2036590576171875,-1.017669677734375,0.15197149841793545,0.12115488372666713,-1.0138135114342355
1789846457.040026,0.1121978759765625,0.2275848388671875,-1.1155242919921875,0.14401677392966086,0.1424408747547712,-1.0341556675458259
1789846457.139621,0.1329803466796875,0.22216796875,-0.9536895751953125,0.14180948847966618,0.15838629355381698,-1.0180624490757233
1789846457.2390618,0.1294097900390625,0.240478515625,-0.9652099609375,0.13932954879154547,0.1748047379680536,-1.0074919514480787
1789846457.338636,0.110382080078125,0.2456512451171875,-0.9542999267578125,0.13354005504886138,0.18897403939788038,-0.9968535465100254
1789846457.438274,0.10992431640625,0.1926727294921875,-0.9447021484375,0.12881690732033912,0.1897137774167418,-0.9864232668955204
1789846457.537658,0.1123809814453125,0.21087646484375,-1.07000732421875,0.1255297221453338,0.19394631490214345,-1.0031400783601663
1789846457.6370769,0.085693359375,0.264404296875,-1.029052734375,0.11756244959126705,0.20803791129671478,-1.008322609563133
1789846457.736928,0.1255340576171875,0.2529296875,-1.0136871337890625,0.11915677119645116,0.21701626653737185,-1.009395514408319
1789846457.836306,0.1131744384765625,0.28033447265625,-1.049224853515625,0.11796030465247342,0.2296799077611475,-1.0173613822297805
1789846457.93577,0.124755859375,0.239044189453125,-0.9923553466796875,0.11931941559697874,0.231552764099543,-1.012360175119762
1789846458.035219,0.0970001220703125,0.2251434326171875,-1.0169830322265625,0.1148555568916455,0.23027089780307192,-1.013284746541122
1789846458.1346269,0.1249542236328125,0.2197265625,-0.994354248046875,0.11687529023987892,0.22816203074245756,-1.0094986468422726
1789846458.23418,0.0960845947265625,0.289520263671875,-1.0183258056640625,0.11271715113721564,0.24043367732834103,-1.0112640786066307
1789846458.3336968,0.1128692626953125,0.300323486328125,-0.955322265625,0.11274757344883501,0.25241163912829784,-1.0000757160103046
1789846458.433368,0.1135101318359375,0.264312744140625,-0.9876861572265625,0.11290008512625552,0.25479186013076327,-0.9975978042535563
1789846458.532817,0.1321563720703125,0.2727508544921875,-1.04364013671875,0.11675134251506691,0.25838365900304816,-1.006806270746595
1789846458.632355,0.136199951171875,0.22991943359375,-0.9644927978515625,0.12064106424642854,0.25269081392118853,-0.9983435761675886
1789846458.7321239,0.094390869140625,0.2611083984375,-0.9940185546875,0.11539102522526783,0.2543743308244508,-0.997478571871571
1789846458.8317308,0.1199493408203125,0.252197265625,-0.9946136474609375,0.11630268834427676,0.2539389177845607,-0.9969055869894443
1789846458.9311671,0.0991668701171875,0.1940460205078125,-0.9478912353515625,0.11287552469885892,0.24196033832921104,-0.987102716661868
1789846459.030643,0.0911712646484375,0.192535400390625,-1.03265380859375,0.10853467268877465,0.23207535074149385,-0.9962129350482445
1789846459.130162,0.1347808837890625,0.1329498291015625,-1.0280914306640625,0.11378391490883223,0.2122502464135076,-1.002588634171408
1789846459.22946,0.1108551025390625,0.0592193603515625,-0.949005126953125,0.1131981524348783,0.18164406920111859,-0.9918719327277515
1789846459.3290849,0.1035308837890625,0.01055908203125,-0.962493896484375,0.11126469870571515,0.14742707176714487,-0.9859963254790762
1789846459.428591,0.128631591796875,0.05279541015625,-0.9364776611328125,0.11473807732394713,0.1285007394449659,-0.9760925926098235
1789846459.528061,0.14129638671875,0.0712432861328125,-0.9504241943359375,0.12004973920290771,0.11704924878253523,-0.9709589129550463
1789846459.627596,0.14788818359375,0.1822967529296875,-1.0434417724609375,0.12561742808107618,0.13009874961196569,-0.9854554848562246
1789846459.727216,0.08331298828125,0.125091552734375,-1.019927978515625,0.11715654012111094,0.12909731023644755,-0.9923499835881048
1789846459.826437,0.125701904296875,0.03369140625,-1.0104522705078125,0.11886561295626377,0.11001612943915805,-0.9959704409720465
1789846459.9261289,0.136077880859375,-0.0103607177734375,-0.9266815185546875,0.12230806653688603,0.08594075999663894,-0.9821126564885747
1789846460.025511,0.128082275390625,0.0828094482421875,-1.0391845703125,0.12346290830763383,0.08531449764574867,-0.9935270392533598
1789846460.1251469,0.0926055908203125,-0.008697509765625,-0.96295166015625,0.11729144481016958,0.06651209616347394,-0.9874119634339379
1789846460.2245831,0.1458282470703125,0.0373992919921875,-1.00433349609375,0.12299880526219817,0.06068953532921666,-0.9907962699659003
1789846460.324172,0.1148529052734375,0.022796630859375,-1.0293121337890625,0.12136962526444603,0.05311095443524833,-0.9984994427305328
1789846460.423527,0.1002197265625,0.0381317138671875,-0.957366943359375,0.11713964552405684,0.05011510632163617,-0.9902729428563013
1789846460.523046,0.127838134765625,0.000885009765625,-0.91015625,0.11927934337237048,0.040269087010433934,-0.974249604285041
1789846460.6226301,0.1070098876953125,0.0720062255859375,-1.1423797607421875,0.1168254522369589,0.04661651472553465,-1.0078756355764704
1789846460.722424,0.0884857177734375,0.0037841796875,-1.041717529296875,0.11115750534425463,0.03805004771792772,-1.0146440143205515
1789846460.821612,0.035491943359375,0.0199127197265625,-1.031951904296875,0.0960243929472787,0.03442258211965468,-1.0181055923158162
1789846460.921146,0.071563720703125,-0.021881103515625,-1.0057373046875,0.09113225849844797,0.023161844992598747,-1.015631934790153
1789846461.020849,0.09027099609375,-0.1424560546875,-0.8950347900390625,0.09096000601750838,-0.009961734943421001,-0.991512505839935
1789846461.1201491,0.1048736572265625,-0.079864501953125,-0.9560546875,0.09374273625931921,-0.0239422883453618,-0.9844209421719481
1789846461.219572,0.109222412109375,-0.01513671875,-0.9879913330078125,0.09683867142933038,-0.022181174426289443,-0.985135020339121
1789846461.319243,0.14532470703125,-0.0078582763671875,-1.1020050048828125,0.10653587854971432,-0.019316594814469054,-1.0085090172478595
1789846461.4187732,0.092254638671875,0.001251220703125,-0.9993438720703125,0.10367963057414646,-0.015203031710950244,-1.0066759882123502
1789846461.518416,0.079437255859375,0.0421142578125,-1.0002288818359375,0.09883115563119217,-0.0037395738062601953,-1.0053865669370676
1789846461.6178799,0.119598388671875,0.04327392578125,-1.1160430908203125,0.10298460223932875,0.005663126111241845,-1.0275178717137166
1789846461.717424,0.120208740234375,0.0576019287109375,-1.0160675048828125,0.106429429838338,0.016050886631180976,-1.0252277983475357
1789846461.8168721,0.1050567626953125,0.0250396728515625,-0.950775146484375,0.10615489640973291,0.01784864387525728,-1.0103372679749036
1789846461.916403,0.0875701904296875,0.0008087158203125,-0.8733367919921875,0.10243795521372384,0.014440658264268326,-0.9829371727783605
1789846462.0160909,0.07855224609375,-0.00836181640625,-0.9258880615234375,0.09766081338972908,0.009880163330164662,-0.9715273505273759
1789846462.115349,0.0944976806640625,0.0019683837890625,-1.003753662109375,0.09702818684459577,0.008297807421944229,-0.9779726128437758
1789846462.214961,0.0858154296875,-0.037994384765625,-1.0235443115234375,0.09478563541317662,-0.0009606310155696168,-0.9870869525797082
1789846462.314402,0.086517333984375,-0.0469207763671875,-1.03436279296875,0.0931319751274163,-0.010152660085893193,-0.9965421206575166
1789846462.414383,0.0899200439453125,-0.0127716064453125,-1.0123138427734375,0.09248958889099555,-0.010676449357777054,-0.9996964650807008
1789846462.513557,0.087005615234375,0.0006866455078125,-1.0900115966796875,0.09139279415967144,-0.008403830384659144,-1.0177594914004982
1789846462.613792,0.0913543701171875,-0.0991668701171875,-0.921630859375,0.09138510935117466,-0.02655643833116482,-0.9985337649953986
1789846462.7127361,0.1240234375,-0.0479278564453125,-0.9938201904296875,0.09791277498093974,-0.030830721953994358,-0.9975910500822565
1789846462.812127,0.068023681640625,-0.0614013671875,-0.922454833984375,0.0919349563128768,-0.036944851000695486,-0.9825638068626803
1789846462.9115272,0.074005126953125,-0.1019287109375,-0.9396514892578125,0.08834899044092645,-0.04994162298805639,-0.9739813433417068
1789846463.011526,0.105682373046875,-0.0255279541015625,-1.0064849853515625,0.09181566696211615,-0.04505888921075762,-0.980482071743678
1789846463.111172,0.080963134765625,-0.04608154296875,-1.03765869140625,0.08964516052281793,-0.0452634199623561,-0.9919173956761924
1789846463.210232,0.0987548828125,0.04083251953125,-1.088470458984375,0.09146710498075436,-0.02804423206363488,-1.0112280083378289
1789846463.3098102,0.0894012451171875,-0.0087738037109375,-1.017791748046875,0.09105393300804099,-0.024190146393095406,-1.012540756279638
1789846463.409212,0.0910797119140625,-0.0662078857421875,-1.0126953125,0.09105908878924529,-0.03259369426291383,-1.0125716675237104
1789846463.508775,0.11212158203125,-0.064300537109375,-0.9990997314453125,0.09527158743764624,-0.03893506283220607,-1.009877280308031
1789846463.60833,0.0697021484375,-0.0118408203125,-0.948699951171875,0.09015769963761701,-0.033516214328264855,-0.9976418144807998
1789846463.7078528,0.090057373046875,-0.0066986083984375,-0.98974609375,0.09013763431946861,-0.028152693142299384,-0.9960626703346399
1789846463.807358,0.1029205322265625,0.004791259765625,-1.0237579345703125,0.09269421390088739,-0.02156390256071451,-1.0016017231817744
1789846463.906756,0.102508544921875,-0.09735107421875,-0.9472808837890625,0.09465708010508492,-0.03672133689232161,-0.990737555303232
1789846464.006672,0.1147003173828125,-0.0557708740234375,-1.003692626953125,0.09866572756063044,-0.040531244318544796,-0.9933285696332107
1789846464.105919,0.09136962890625,-0.011749267578125,-1.037689208984375,0.09720650782975436,-0.03477484897046084,-1.0022006975034436
1789846464.205517,0.0970306396484375,-0.11810302734375,-0.9657440185546875,0.097171334193491,-0.051440484645118675,-0.9949093617136924
1789846464.305202,0.09112548828125,-0.08990478515625,-0.9659271240234375,0.0959621650110428,-0.05913334474734495,-0.9891129141756414
1789846464.404361,0.084991455078125,-0.0126190185546875,-1.0284576416015625,0.09376802302445925,-0.04983047950881346,-0.9969818596608258
1789846464.503903,0.081298828125,-0.1284942626953125,-0.9855804443359375,0.09127418404456741,-0.06556323614611327,-0.9947015765958482
1789846464.603695,0.0901947021484375,-0.0347137451171875,-0.9840545654296875,0.09105828766534144,-0.05939333794032812,-0.9925721743626161
1789846464.703152,0.114410400390625,-0.0164794921875,-1.077423095703125,0.09572871021039815,-0.0508105687897625,-1.009542358630718
1789846464.802413,0.0812530517578125,-0.1178436279296875,-0.9934844970703125,0.09283357851988103,-0.0642171806177475,-1.0063307863186368
1789846464.901988,0.08551025390625,-0.068023681640625,-1.0088348388671875,0.09136891359715482,-0.064978480822323,-1.006831596828347
1789846465.001507,0.095245361328125,-0.0639495849609375,-1.104766845703125,0.09214420314334887,-0.06477270165004591,-1.0264186466033025
1789846465.101043,0.0892181396484375,-0.1198272705078125,-0.998260498046875,0.0915589904443666,-0.07578361542159923,-1.020787016892017
1789846465.200539,0.0637054443359375,-0.050567626953125,-0.9783477783203125,0.08598828122268079,-0.07074041772790439,-1.0122991691776762
1789846465.299999,0.0858917236328125,-0.0003509521484375,-1.0845794677734375,0.08596896970470713,-0.05666252461201101,-1.0267552288968285
1789846465.39957,0.098297119140625,-0.1062774658203125,-0.96142578125,0.0884345995918907,-0.06658551285367131,-1.0136893393674629
1789846465.499296,0.087921142578125,-0.0404052734375,-0.9141998291015625,0.08833190818913758,-0.06134946497043705,-0.9937914373142828
1789846465.598711,0.1080169677734375,0.02252197265625,-0.995391845703125,0.09226892010599758,-0.044575177445099645,-0.9941115189920513
1789846465.698417,0.0889892578125,-0.0377197265625,-1.0049285888671875,0.09161298764729806,-0.043204087268579716,-0.9962749329670786
1789846465.7978868,0.095611572265625,-0.113677978515625,-0.99566650390625,0.09241270457096344,-0.057298865517988774,-0.9961532471549129
1789846465.897544,0.1246490478515625,-0.1103363037109375,-0.9763031005859375,0.09885997322708326,-0.06790635315657852,-0.9921832178411178
1789846465.996974,0.1002960205078125,-0.0881805419921875,-0.8846588134765625,0.09914718268322911,-0.07196119092370032,-0.9706783369682068
1789846466.096469,0.0642852783203125,-0.0499267578125,-1.09515380859375,0.0921748018106458,-0.06755430430146026,-0.9955734312933155
1789846466.1958718,0.0513153076171875,-0.0680084228515625,-1.0584564208984375,0.08400290297195415,-0.0676451280114807,-1.00815002921434
1789846466.295531,0.100738525390625,-0.1106414794921875,-1.0077972412109375,0.08735002745568832,-0.07624439830762207,-1.0080794716136596
1789846466.394942,0.0719146728515625,-0.0809478759765625,-1.0928497314453125,0.08426295653486317,-0.07718509384141016,-1.0250335235799903
1789846466.494478,0.05224609375,-0.081573486328125,-0.9685516357421875,0.07785958397789054,-0.07806277233875313,-1.0137371460124298
1789846466.5939689,0.07958984375,-0.0614013671875,-0.9762420654296875,0.07820563593231243,-0.0747304913085025,-1.0062381298958814
1789846466.693316,0.037109375,-0.0625,-0.9981536865234375,0.06998638374584994,-0.072284393046802,-1.0046212412213926
1789846466.792805,0.0448150634765625,-0.13153076171875,-0.9378509521484375,0.06495211969199245,-0.08413366678119161,-0.9912671834068016
1789846466.892667,0.013580322265625,-0.195465087890625,-0.9791259765625,0.05467776020671897,-0.1063999510030783,-0.9888389420379413
1789846466.991957,0.062652587890625,-0.2135772705078125,-0.982757568359375,0.056272725743500174,-0.12783541490402514,-0.9876226673022281
1789846467.09296,0.053619384765625,-0.2092132568359375,-0.937713623046875,0.05574205754792515,-0.1441109832904076,-0.9776408584511576
1789846467.1913729,0.0649261474609375,-0.19122314453125,-0.9262847900390625,0.05757887553052762,-0.1535334155385761,-0.9673696447687385
1789846467.290771,0.0261993408203125,-0.1899871826171875,-1.030364990234375,0.051302968588484606,-0.1608241689542984,-0.9799687138618658
1789846467.390081,0.04681396484375,-0.162109375,-1.0132598876953125,0.05040516783953768,-0.16108121016343874,-0.9866269486285552
1789846467.48963,0.051300048828125,-0.2036590576171875,-0.9598846435546875,0.05058414403725515,-0.16959677965418848,-0.9812784876137817
1789846467.589602,0.03753662109375,-0.2801666259765625,-0.939056396484375,0.047974639448554124,-0.1917107489186633,-0.9728340693879004
1789846467.688552,0.0273284912109375,-0.212127685546875,-1.003875732421875,0.0438454098010308,-0.19579413624430564,-0.9790424019946954
1789846467.788023,0.0064544677734375,-0.149505615234375,-1.082244873046875,0.03636722139551214,-0.18653643204231954,-0.9996828962051314
1789846467.887712,0.0577545166015625,-0.1789703369140625,-0.9714813232421875,0.040644680436722216,-0.18502321301666813,-0.9940425816125427
1789846467.987022,0.0291900634765625,-0.211700439453125,-0.964569091796875,0.038353757044690275,-0.19035865830395954,-0.9881478836494092
1789846468.086596,0.025115966796875,-0.2671966552734375,-1.0188751220703125,0.035706198995127225,-0.20572625769785516,-0.9942933313335899
1789846468.186345,-0.0161285400390625,-0.3128662109375,-0.9614105224609375,0.02533925118828928,-0.22715424834578413,-0.9877167695590595
1789846468.285814,0.0195159912109375,-0.33624267578125,-0.874114990234375,0.024174599192818925,-0.2489719338328773,-0.9649964136941227
1789846468.385292,-0.0173492431640625,-0.3538665771484375,-1.02490234375,0.01586983072144264,-0.2699508624959894,-0.9769775997052982
1789846468.48471,-0.0110015869140625,-0.4028472900390625,-0.9955291748046875,0.010495547194341611,-0.29653014800460403,-0.980687914725176
1789846468.584585,-0.0417633056640625,-0.377349853515625,-0.9912872314453125,4.377662266078983e-05,-0.31269408910680824,-0.9828077780692034
1789846468.68382,-0.0117950439453125,-0.3353118896484375,-0.9694366455078125,-0.0023239874909338687,-0.3172176492151341,-0.9801335515569253
1789846468.7831159,-0.040252685546875,-0.359619140625,-0.9554443359375,-0.009909727102122096,-0.32569794749710734,-0.9751957084330403
1789846468.8831139,-0.032745361328125,-0.4273223876953125,-0.9470062255859375,-0.014476853947322678,-0.3460228355367484,-0.9695578118636198
1789846468.982105,-0.0267791748046875,-0.28045654296875,-0.9298553466796875,-0.016937318118795643,-0.3329095770231487,-0.9616173188268334
1789846469.081874,-0.0032501220703125,-0.2730560302734375,-1.017547607421875,-0.014199878909099016,-0.3209388676732065,-0.9728033765458417
1789846469.181621,-0.045196533203125,-0.267791748046875,-0.9765167236328125,-0.020399209767904214,-0.31030944374794023,-0.9735460459632359
1789846469.281022,-0.0225677490234375,-0.2442779541015625,-0.9534149169921875,-0.02083291761901087,-0.2971031458186647,-0.9695198201690263
1789846469.380331,-0.02642822265625,-0.2845611572265625,-0.9772796630859375,-0.021951978626458698,-0.2945947481002443,-0.9710717887524086
1789846469.480177,0.0085601806640625,-0.28472900390625,-1.023834228515625,-0.01584954676835446,-0.29262159926144543,-0.9816242767050519
1789846469.579558,-0.0036468505859375,-0.36492919921875,-0.99298095703125,-0.013409007531871067,-0.3070831192529064,-0.9838956127702916
1789846469.678889,-0.00628662109375,-0.2489776611328125,-1.082427978515625,-0.011984530244246854,-0.2954620276288876,-1.0036020859193584
1789846469.778503,0.0408782958984375,-0.23919677734375,-0.959136962890625,-0.001411965015709983,-0.2842089775718601,-0.9947090613136117
1789846469.8779058,0.0266265869140625,-0.20465087890625,-0.945404052734375,0.004195745370244514,-0.2682973578387381,-0.9848480595977643
1789846469.97795,0.00689697265625,-0.1539306640625,-0.96514892578125,0.004735990827445611,-0.24542401908349049,-0.9809082328344615
1789846470.077205,0.0134124755859375,-0.25787353515625,-1.0899810791015625,0.006471287779143989,-0.2479139222980424,-1.0027228020878818
1789846470.176686,-0.0277252197265625,-0.26190185546875,-1.019622802734375,-0.00036801372199730866,-0.2507115089321839,-1.0061028022171805
1789846470.276248,-0.0066070556640625,-0.2803192138671875,-1.09423828125,-0.0016158221104103471,-0.2566330499191846,-1.0237298980237446
1789846470.37552,0.0172119140625,-0.1973114013671875,-1.0075531005859375,0.0021497251241717223,-0.2447687202087852,-1.0204945385361832
1789846470.4753141,0.04217529296875,-0.2584991455078125,-0.9319305419921875,0.010154838693087379,-0.24751480526859068,-1.0027817392273841
1789846470.57475,0.0141754150390625,-0.1945343017578125,-0.959075927734375,0.010958953962282404,-0.23691870456643505,-0.9940405769287823
1789846470.674231,-0.0139007568359375,-0.2551116943359375,-0.9536285400390625,0.005987011802638423,-0.24055730252033553,-0.9859581695508385
1789846470.7737179,0.01544189453125,-0.2129974365234375,-1.0366058349609375,0.007877988348360739,-0.23504532932095595,-0.9960877026328583
1789846470.8736339,0.016326904296875,-0.1944427490234375,-1.001373291015625,0.009567771538063591,-0.22692481326145228,-0.9971448203094118
1789846470.972981,0.0482635498046875,-0.2024993896484375,-0.93646240234375,0.017306927191388374,-0.22203972853884935,-0.9850083367162795
1789846471.072256,0.021087646484375,-0.177276611328125,-0.8688507080078125,0.0180630710499857,-0.2130871050967045,-0.9617768109745861
1789846471.1720061,0.0512237548828125,-0.18145751953125,-0.859771728515625,0.02469520781655106,-0.20676118798361362,-0.9413757944827938
1789846471.2713609,0.01824951171875,-0.22857666015625,-0.8904876708984375,0.02340606859699085,-0.2111242824181409,-0.9311981697659226
1789846471.371175,0.01824951171875,-0.1232147216796875,-0.8917694091796875,0.022374757221342682,-0.19354237027045024,-0.9233124176486757
1789846471.4707398,-0.000274658203125,-0.1507110595703125,-1.0996856689453125,0.017844874136449147,-0.1849761081304227,-0.9585870679080031
1789846471.570096,-0.030426025390625,-0.14111328125,-1.1085357666015625,0.008190694231034319,-0.17620354275433817,-0.9885768076467151
1789846471.669419,0.0060882568359375,-0.1646575927734375,-1.0322113037109375,0.0077702067520149555,-0.17389435275815804,-0.9973037068595596
1789846471.769064,0.012298583984375,-0.075286865234375,-0.999420166015625,0.008675882198486966,-0.15417285525340144,-0.9977269986907727
1789846471.868717,-0.0022735595703125,-0.0269927978515625,-1.0487060546875,0.006485993844727073,-0.12873684377303365,-1.0079228098901183
1789846471.9679961,0.0200347900390625,-0.0714263916015625,-0.93310546875,0.009195753083594159,-0.11727475333873942,-0.9929593416620947
1789846472.06776,0.0308837890625,-0.1492767333984375,-0.9140167236328125,0.013533360279375326,-0.12367514935067905,-0.9771708180562382
1789846472.166895,0.042938232421875,-0.049560546875,-1.0498809814453125,0.019414334707875264,-0.10885222885554326,-0.9917128507340531
1789846472.266568,0.0468597412109375,-0.1047515869140625,-0.9466400146484375,0.02490341600848771,-0.10803210046724711,-0.9826982835169301
1789846472.366317,0.0147705078125,-0.202423095703125,-0.9564056396484375,0.022876834369290173,-0.1269102995144227,-0.9774397547432316
1789846472.465761,-0.0035858154296875,-0.1768798828125,-1.0918426513671875,0.017584304409494638,-0.13690421617403817,-1.000320334068023
1789846472.56514,0.03277587890625,-0.14434814453125,-0.9964447021484375,0.02062261930884571,-0.13839300184548053,-0.9995452076841058
1789846472.66484,0.0361785888671875,-0.17449951171875,-0.93060302734375,0.02373381322051407,-0.14561430382013443,-0.9857567716160347
1789846472.764279,-0.0029144287109375,-0.150543212890625,-0.8014373779296875,0.018404164834223757,-0.14660008563423255,-0.9488928928787653
1789846472.863848,-0.0305328369140625,-0.073028564453125,-0.95648193359375,0.008616764484566506,-0.13188578139801105,-0.9504107010217624
1789846472.9635139,-0.054351806640625,-0.1103057861328125,-0.856201171875,-0.003976949740471796,-0.12756978234497135,-0.93156879519241
1789846473.062624,-0.05865478515625,-0.1069183349609375,-1.0466461181640625,-0.014912516823627438,-0.12343949286816458,-0.9545842597867406
1789846473.1623921,-0.09490966796875,-0.1217803955078125,-0.9828338623046875,-0.03091194705265195,-0.12310767339609417,-0.96023418029033
1789846473.261997,-0.10504150390625,-0.112152099609375,-1.0377349853515625,-0.045737858423371566,-0.12091655863875034,-0.9757343413025766
1789846473.361373,-0.042724609375,-0.136962890625,-1.0308380126953125,-0.045135208613697256,-0.12412582503600027,-0.9867550755811239
1789846473.46089,-0.0446624755859375,-0.1069183349609375,-0.979705810546875,-0.045040662008145306,-0.12068432702098772,-0.985345222574274
1789846473.560224,-0.067230224609375,-0.149383544921875,-0.912567138671875,-0.049478574528391245,-0.12642417060116518,-0.9707896057937944
1789846473.659843,-0.0721282958984375,-0.21221923828125,-0.964569091796875,-0.0540085188024005,-0.14358318413718216,-0.9695455029944106
1789846473.7596931,-0.053466796875,-0.1700439453125,-1.0077362060546875,-0.0539001744169204,-0.14887533637224573,-0.9771836436064659
1789846473.8589191,-0.0346221923828125,-0.143768310546875,-1.0361785888671875,-0.05004457801009883,-0.14785393120717158,-0.9889826326586103
1789846473.958425,-0.0576324462890625,-0.12579345703125,-1.036865234375,-0.05156215166589157,-0.14344183637198726,-0.9985591530018884
1789846474.057931,-0.0408782958984375,-0.1668701171875,-0.96728515625,-0.049425380512400766,-0.14812749253508983,-0.9923043536515107
1789846474.157397,-0.0210113525390625,-0.2707672119140625,-0.9816131591796875,-0.04374257491773312,-0.17265543641088438,-0.9901661147571461
1789846474.256989,-0.0201263427734375,-0.3406524658203125,-0.9747467041015625,-0.039019328488873996,-0.20625484229277,-0.9870822326260293
1789846474.3565369,-0.026397705078125,-0.3924102783203125,-0.980255126953125,-0.0364950038067242,-0.24348592949827852,-0.9857168114914485
1789846474.456295,-0.0183258056640625,-0.3505859375,-0.971282958984375,-0.03286116417819186,-0.2649059310986228,-0.9828300409900339
1789846474.555551,-0.0379180908203125,-0.2669219970703125,-0.9530487060546875,-0.03387254950661599,-0.26530914429296076,-0.9768737740029647
1789846474.654914,-0.036163330078125,-0.277496337890625,-0.975341796875,-0.03433070562091779,-0.2677465830124936,-0.9765673785773719
1789846474.754642,-0.058837890625,-0.204345703125,-0.953033447265625,-0.03923214262173423,-0.2550664070349949,-0.9718605923150225
1789846474.8539681,-0.0649871826171875,-0.4010162353515625,-0.8805389404296875,-0.04438315062082489,-0.28425637269830845,-0.9535962619379555
1789846474.953572,-0.0678253173828125,-0.3090362548828125,-1.0391082763671875,-0.049071583973222414,-0.28921234913520927,-0.9706986648238021
1789846475.053206,-0.03668212890625,-0.2823333740234375,-1.0473175048828125,-0.04659369295982794,-0.2878365541128549,-0.9860224328356042
1789846475.1527371,-0.022247314453125,-0.29766845703125,-1.05938720703125,-0.04172441725848735,-0.28980293469653395,-1.0006953876747335
1789846475.2522202,-0.0576934814453125,-0.2823486328125,-1.0310821533203125,-0.044918230095852385,-0.28831207431972716,-1.0067727408038494
1789846475.3518028,-0.0422210693359375,-0.29571533203125,-1.005218505859375,-0.04437879794386941,-0.28979272586203175,-1.0064618938149545
1789846475.4512382,-0.0267333984375,-0.293975830078125,-0.8723907470703125,-0.04084971804259553,-0.2906293467052504,-0.9796476644660261
1789846475.5511432,-0.0435028076171875,-0.4995880126953125,-0.846923828125,-0.04138033595751393,-0.33242107990326286,-0.953102897197821
1789846475.650183,-0.0334930419921875,-0.385589599609375,-0.9046630859375,-0.03980287716444865,-0.3430547838444853,-0.9434149349457569
1789846475.749933,-0.045623779296875,-0.403045654296875,-0.96734619140625,-0.04096705759093392,-0.3550529579349632,-0.9482011862378557
1789846475.849286,-0.002227783203125,-0.4617156982421875,-0.8682861328125,-0.033219202713372135,-0.3763855059964081,-0.9322181755527846
1789846475.9487848,-0.0134429931640625,-0.3387908935546875,-1.01873779296875,-0.029263960803510212,-0.368866583508064,-0.9495220990359778
1789846476.0483952,-0.0404205322265625,-0.395233154296875,-0.9421234130859375,-0.031495275088120674,-0.3741398976658262,-0.9480423618459698
1789846476.1479049,-0.0521240234375,-0.3775177001953125,-0.974609375,-0.03562102475799654,-0.3748154581717235,-0.953355764476776
1789846476.247239,-0.0252532958984375,-0.298431396484375,-1.065093994140625,-0.03354747898608473,-0.3595386458342539,-0.9757034104095458
1789846476.34683,-0.0212860107421875,-0.2528839111328125,-0.895965576171875,-0.03109518533730529,-0.3382076988939656,-0.9597558435620116
1789846476.446881,-0.0237579345703125,-0.217681884765625,-0.98193359375,-0.029627735183906732,-0.3141025360682975,-0.9641913935996094
1789846476.5459661,0.0079498291015625,-0.189483642578125,-0.9707183837890625,-0.022112222326812887,-0.289178757370263,-0.9654967916375
1789846476.645296,-0.05096435546875,-0.278106689453125,-0.8968048095703125,-0.02788264895520031,-0.2869643437868354,-0.9517583952240626
1789846476.744842,-0.008453369140625,-0.2753753662109375,-0.9516754150390625,-0.02399679299228525,-0.2846465482716558,-0.9517417991870627
1789846476.844603,-0.004425048828125,-0.2954559326171875,-0.930389404296875,-0.020082444159453202,-0.28680842514076216,-0.9474713202090252
1789846476.944316,-0.0135498046875,-0.2835540771484375,-0.8907012939453125,-0.018775916265062566,-0.28615755554229727,-0.9361173149562827
1789846477.0438762,-0.0244140625,-0.290771484375,-0.906036376953125,-0.019903545512050053,-0.2870803413088378,-0.9301011273556512
1789846477.143208,-0.0468292236328125,-0.3721466064453125,-0.9055328369140625,-0.025288681136202543,-0.30409359433613276,-0.9251874692673335
1789846477.2426162,-0.02960205078125,-0.2212677001953125,-0.9380340576171875,-0.026151355065212035,-0.2875284155079687,-0.9277567869373043
1789846477.342228,-0.04339599609375,-0.1791534423828125,-0.9611663818359375,-0.029600283270919632,-0.26585342088293745,-0.9344387059170309
1789846477.441656,0.038970947265625,-0.1974945068359375,-0.921142578125,-0.015886037163610707,-0.25218163807353744,-0.9317794803586248
1789846477.5410318,-0.0396575927734375,-0.156494140625,-0.942474365234375,-0.020640348285576066,-0.23304413858382997,-0.9339184573337749
1789846477.6406698,-0.065704345703125,-0.24456787109375,-0.949066162109375,-0.029653147769085855,-0.235348885085814,-0.936947998288895
1789846477.740679,-0.0590362548828125,-0.222808837890625,-1.02020263671875,-0.035529769191831186,-0.23284087564677622,-0.9535989259748661
1789846477.839799,-0.0747528076171875,-0.239044189453125,-0.8187713623046875,-0.04337437687690245,-0.234081538408046,-0.9266334132408305
1789846477.9392982,-0.04400634765625,-0.2252655029296875,-0.950653076171875,-0.043500771032771966,-0.2323183313123743,-0.9314373458270394
1789846478.039032,-0.045501708984375,-0.1230621337890625,-0.9459381103515625,-0.043900958623092574,-0.21046709180771195,-0.934337498731944
1789846478.1383681,-0.04095458984375,-0.088653564453125,-1.0007476806640625,-0.043311684867224066,-0.18610438633679457,-0.9476195351183678
1789846478.237825,-0.05291748046875,-0.181182861328125,-0.9636688232421875,-0.045232843987529255,-0.1851200813350607,-0.9508293927431318
1789846478.337356,-0.061737060546875,-0.16162109375,-0.953125,-0.0485336872993984,-0.18042028381804856,-0.9512885141945056
1789846478.4369001,-0.0589141845703125,-0.079193115234375,-1.02398681640625,-0.05060978675358123,-0.16017485010131385,-0.9658281746368544
1789846478.53655,-0.0414276123046875,0.0253448486328125,-1.00775146484375,-0.04877335186380249,-0.1230709103544886,-0.9742128326782337
1789846478.635888,-0.0942535400390625,0.008270263671875,-0.978912353515625,-0.05786938949885449,-0.09680267554921589,-0.975152736845712
1789846478.735409,-0.0745391845703125,-0.015716552734375,-0.91729736328125,-0.0612033485131461,-0.08058545098624771,-0.9635816621328197
1789846478.834821,-0.05609130859375,0.0086517333984375,-0.93359375,-0.06018094052926688,-0.06273801410931068,-0.9575840797062558
1789846478.934413,-0.0641937255859375,0.0150604248046875,-0.9701690673828125,-0.06098349754060101,-0.04717832632651105,-0.9601010772415672
1789846479.034062,-0.072479248046875,0.11444091796875,-1.012603759765625,-0.06328264764185582,-0.01485447746745884,-0.9706016137463789
1789846479.133576,-0.0612335205078125,0.105560302734375,-1.0306854248046875,-0.06287282221504716,0.00922847857290793,-0.9826183759580407
1789846479.233055,-0.0790252685546875,0.108001708984375,-0.9839630126953125,-0.06610331148297523,0.028983124655201347,-0.9828873033054951
1789846479.332562,-0.143280029296875,0.2075042724609375,-1.0832061767578125,-0.08153865504575519,0.06468735421634858,-1.0029510779959587
1789846479.432084,-0.116729736328125,0.1649322509765625,-1.056732177734375,-0.08857687130222916,0.08473633356839137,-1.0137072979436421
1789846479.5315862,-0.1201629638671875,0.1259765625,-1.05816650390625,-0.09489408981522084,0.0929843793547131,-1.0225991391361637
1789846479.6311688,-0.071533203125,0.1440277099609375,-0.9505615234375,-0.09022191247717667,0.10319304547595798,-1.008191615996431
1789846479.73098,-0.052093505859375,0.1139068603515625,-0.934051513671875,-0.08259623115361635,0.10533580845107889,-0.9933635955315199
1789846479.830278,-0.0402374267578125,0.0504302978515625,-0.8887481689453125,-0.07412447027445558,0.09435470633117561,-0.9724405102142785
1789846479.9299479,-0.0504150390625,0.2120513916015625,-1.01422119140625,-0.06938258403206447,0.117894043385253,-0.9807966464526728
1789846480.0293489,-0.094451904296875,0.2217864990234375,-1.045684814453125,-0.07439644808502657,0.1386725345128899,-0.9937742800527634
1789846480.128906,-0.074859619140625,0.23199462890625,-1.0372772216796875,-0.07448908229614626,0.15733695339156195,-1.0024748683781481
1789846480.22828,-0.07171630859375,0.2617645263671875,-1.0608367919921875,-0.07393452755566701,0.17822246798668706,-1.014147253100956
1789846480.327981,-0.071044921875,0.281005859375,-1.013031005859375,-0.07335660641953361,0.19877914626434967,-1.0139240036526398
1789846480.42726,-0.08013916015625,0.2620086669921875,-0.9666290283203125,-0.0747131171668769,0.21142505040991727,-1.0044650085861744
1789846480.526855,-0.0967559814453125,0.3248291015625,-1.024749755859375,-0.07912169002256401,0.23410586064043384,-1.0085219580408147
1789846480.626332,-0.1056365966796875,0.308319091796875,-1.010284423828125,-0.08442467135398872,0.2489485068717221,-1.0088744511982768
1789846480.7258449,-0.091827392578125,0.2899322509765625,-1.0315399169921875,-0.08590521559881599,0.2571452556926902,-1.013407544357059
1789846480.825402,-0.08013916015625,0.2829132080078125,-1.0434417724609375,-0.08475200451030279,0.2622988461557147,-1.0194143899778347
1789846480.9250169,-0.0884857177734375,0.2442626953125,-1.0584869384765625,-0.08549874716292974,0.2586916159870718,-1.0272288996775802
1789846481.024531,-0.0610809326171875,0.3044586181640625,-0.99444580078125,-0.0806151842537813,0.26784501642246994,-1.020672279898314
1789846481.1239371,-0.0542755126953125,0.198944091796875,-0.97161865234375,-0.07534724994208755,0.25406483149735093,-1.0108615543874013
1789846481.223536,-0.0686798095703125,0.2046661376953125,-0.9703216552734375,-0.07401376186773255,0.24418509273694325,-1.0027535745646086
1789846481.3232532,-0.04705810546875,0.2366790771484375,-1.0122833251953125,-0.06862263058793604,0.24268388961924212,-1.0046595246907495
1789846481.422405,-0.07354736328125,0.15753173828125,-1.0488433837890625,-0.06960757712659883,0.22565345935164371,-1.0134962965104122
1789846481.5220408,-0.0716094970703125,0.1197052001953125,-1.022491455078125,-0.07000796111534158,0.2044638075203775,-1.0152953282239547
1789846481.621517,-0.04815673828125,0.163665771484375,-1.009246826171875,-0.06563771654852327,0.19630420031317702,-1.0140856278135388
1789846481.7209501,-0.021759033203125,0.1751708984375,-1.0162506103515625,-0.056861979879443615,0.19207753993804164,-1.0145186243211437
1789846481.820517,-0.025665283203125,0.2008209228515625,-1.071319580078125,-0.0506226405441799,0.19382621652074583,-1.02587881547254
1789846481.920151,-0.0327301025390625,0.1427154541015625,-0.9751739501953125,-0.04704413294315642,0.18360406403690918,-1.0157378424170946
1789846482.0197558,-0.0405731201171875,0.1281585693359375,-1.02618408203125,-0.04574993037796264,0.17251496509671488,-1.0178270903399258
1789846482.119175,-0.0381622314453125,0.112762451171875,-1.0650634765625,-0.04423239059143262,0.1605644623117469,-1.0272743675844407
1789846482.218775,-0.021575927734375,0.034027099609375,-0.9956207275390625,-0.0397010980200211,0.1352569897712725,-1.020943639575365
1789846482.3184261,-0.0163116455078125,0.0389251708984375,-1.0803070068359375,-0.03502320751757938,0.11599062599670551,-1.0328163130274797
1789846482.417748,-0.0423583984375,0.0634765625,-1.01806640625,-0.036490245701563506,0.10548781329736441,-1.0298663316719838
1789846482.517313,-0.01885986328125,0.0099945068359375,-1.0198822021484375,-0.032964169217500804,0.08638915200507903,-1.0278695057672746
1789846482.616667,-0.00244140625,0.0576171875,-0.9989471435546875,-0.026859616624000646,0.08063475910406323,-1.0220850333247573
1789846482.716311,0.0191497802734375,0.101959228515625,-0.962127685546875,-0.017657737244513017,0.08489965298637558,-1.0100935637691808
1789846482.815685,-0.00335693359375,0.0897064208984375,-0.9656219482421875,-0.014797576514360415,0.08586100656878798,-1.0011992406637822
1789846482.915237,-0.02362060546875,0.1121368408203125,-0.8972320556640625,-0.016562182305238333,0.0911161734190929,-0.9804058036638383
1789846483.014639,0.005584716796875,0.1152801513671875,-0.9692535400390625,-0.012132802484815667,0.09594896900871182,-0.9781753509388833
1789846483.114227,0.0047607421875,0.1858978271484375,-1.070068359375,-0.008754093550352534,0.11393874063665696,-0.9965539526261067
1789846483.214044,-0.0062713623046875,0.08331298828125,-0.989044189453125,-0.008257547301219527,0.10781359016557557,-0.9950519999915104
1789846483.3138251,-0.0042877197265625,0.1105499267578125,-0.9514923095703125,-0.007463581786288122,0.10836085748402297,-0.9863400619072709
1789846483.413291,-0.030242919921875,0.1718902587890625,-1.0670166015625,-0.012019449413405499,0.12106673774503088,-1.0024753698383169
1789846483.512454,-0.08203125,0.1665802001953125,-1.108978271484375,-0.026021809530724402,0.1301694302350872,-1.0237759501675285
1789846483.6120682,0.0470123291015625,0.2261962890625,-1.170989990234375,-0.011414981804267022,0.14937480200056977,-1.0532187581808978
1789846483.711339,0.076812744140625,0.135528564453125,-1.0554962158203125,0.006230563384711382,0.14660555449108081,-1.0536742497087808
1789846483.811428,0.0011749267578125,0.1570892333984375,-0.9515228271484375,0.005219436059331606,0.14870229027255216,-1.0332439651967122
1789846483.911319,-0.0051727294921875,0.07122802734375,-0.9632110595703125,0.0031410029490277847,0.13320743768679175,-1.0192373840714324
1789846484.010112,0.013671875,0.102752685546875,-1.015655517578125,0.005247177359222229,0.12711648725880842,-1.018521010772771
1789846484.109638,-0.00128173828125,0.124481201171875,-1.0488433837890625,0.003941394231127783,0.12658943004142173,-1.0245854853760292
1789846484.209258,0.004547119140625,0.1052703857421875,-1.0178680419921875,0.0040625392130272265,0.12232562118157489,-1.023241996699261
1789846484.308842,0.0046539306640625,0.13958740234375,-0.964324951171875,0.004180817503234281,0.12577797741400992,-1.0114585875937838
1789846484.408545,-0.01507568359375,0.149383544921875,-1.0109710693359375,0.000329517283837425,0.13049909091558293,-1.0113610839422145
1789846484.5077338,-0.0256500244140625,0.1371002197265625,-1.020233154296875,-0.004866391055742561,0.13181931667777885,-1.0131354980131466
1789846484.607497,0.0033111572265625,0.153350830078125,-0.988861083984375,-0.003230881399281549,0.1361256193578481,-1.0082806152073924
1789846484.706861,0.0539398193359375,0.1255645751953125,-0.92144775390625,0.00820325874776226,0.134013410525341,-0.990914042947164
1789846484.806263,0.062713623046875,-0.0048675537109375,-0.86602783203125,0.01910533160758481,0.10623721767808529,-0.9659368007639813
1789846484.90573,0.01123046875,0.059722900390625,-0.930633544921875,0.01753035903606785,0.09693435422059324,-0.95887614959556
1789846485.005373,0.0283660888671875,0.1034698486328125,-0.93048095703125,0.01969750500229178,0.0982414531030371,-0.953197111082698
1789846485.104941,-0.0381317138671875,0.0760498046875,-0.98468017578125,0.008131661228395926,0.09380312341992969,-0.9594937240224085
1789846485.2043881,0.0084228515625,0.0704193115234375,-1.0672607421875,0.00818989929521674,0.08912636104063126,-0.9810471276554269
1789846485.3042169,0.0099334716796875,0.085693359375,-1.1355743408203125,0.008538613772110893,0.088439760707505,-1.011952570288404
1789846485.4035249,0.03997802734375,0.07330322265625,-1.06732177734375,0.014826496486438714,0.08541245309725401,-1.0230264116994734
1789846485.502911,0.015411376953125,0.0702056884765625,-0.934417724609375,0.014943472579775971,0.0823711001731157,-1.0053046742814538
1789846485.60248,0.0097503662109375,0.0959930419921875,-1.03631591796875,0.013904851306008277,0.08509548853693007,-1.011506923018913
1789846485.701978,-0.0194854736328125,0.050811767578125,-1.02642822265625,0.007226786318244123,0.07823874434516906,-1.0144911829463805
1789846485.801569,0.0077667236328125,0.0639495849609375,-1.0188751220703125,0.007334773781157798,0.07538091246832275,-1.015367970771167
1789846485.9008121,0.016143798828125,0.0759735107421875,-0.9857177734375,0.00909657879055124,0.0754994321230957,-1.0094379313044337
1789846486.000567,0.0142059326171875,0.1599273681640625,-1.0025482177734375,0.010118449555878492,0.09238501933128906,-1.0080599885982346
1789846486.100027,-0.0220794677734375,0.1138458251953125,-1.0285491943359375,0.003678866090015294,0.09667718050409375,-1.0121578297457754
1789846486.1994982,0.0410919189453125,0.003753662109375,-0.917327880859375,0.011161476661074737,0.07809247682515001,-0.9931918399684954
1789846486.299011,-0.0104217529296875,0.0825653076171875,-0.97418212890625,0.006844830742922289,0.0789870429835575,-0.9893898977560464
1789846486.398693,0.019256591796875,0.114898681640625,-1.03680419921875,0.009327182953712832,0.08616937071497101,-0.9988727580485871
1789846486.498105,0.0187225341796875,0.09197998046875,-1.065826416015625,0.011206253198907766,0.08733149266572682,-1.0122634896419949
1789846486.5979872,0.0171966552734375,-0.0099029541015625,-0.9684600830078125,0.012404333613813713,0.06788460331226895,-1.0035028083151585
1789846486.697264,0.024627685546875,0.0838623046875,-0.966339111328125,0.01484900400042597,0.07108014358731517,-0.9960700689177518
1789846486.796838,0.008880615234375,0.032745361328125,-0.986175537109375,0.013655326247215776,0.06341318713547714,-0.9940911625560765
1789846486.896328,-0.0093231201171875,0.0227203369140625,-0.9845123291015625,0.00905963697433512,0.05527461709119422,-0.9921753958651738
1789846486.995424,-0.046478271484375,0.0264739990234375,-0.95745849609375,-0.002047944717406904,0.049514493477642876,-0.985232015910889
1789846487.095617,-0.0625457763671875,0.03643798828125,-1.0281524658203125,-0.014147511047363025,0.0468991924383643,-0.9938161058927737
1789846487.194859,-0.041015625,0.064239501953125,-1.058929443359375,-0.01952113383789042,0.05036725434131645,-1.006838773386094
1789846487.294403,-0.0891265869140625,-0.005279541015625,-0.9839324951171875,-0.033442224453124836,0.039237895269928165,-1.0022575177323128
1789846487.393939,-0.0936737060546875,-0.0220184326171875,-1.0183258056640625,-0.045488520773437374,0.026986629692505038,-1.0054711753186627
1789846487.4934778,-0.0743560791015625,-0.013885498046875,-0.9957275390625,-0.0512620324390624,0.01881220414462903,-1.0035224480674303
1789846487.592925,-0.0906219482421875,-0.1010894775390625,-1.0078582763671875,-0.05913401559968742,-0.005168132192109275,-1.0043896137273818
1789846487.6925,-0.077880859375,-0.08746337890625,-1.0097198486328125,-0.06288338435474994,-0.021627181534937423,-1.005455660708468
1789846487.792067,-0.053863525390625,-0.0625762939453125,-0.96832275390625,-0.06107941256192495,-0.02981700401701244,-0.9980290793480244
1789846487.891484,-0.073638916015625,-0.0457763671875,-1.0298614501953125,-0.06359131325266497,-0.03300887665110995,-1.0043955535174822
1789846487.990906,-0.037994384765625,-0.0298919677734375,-0.9758758544921875,-0.05847192755525698,-0.03238549487557546,-0.9986916137124233
1789846488.0924149,-0.0497589111328125,-0.0426177978515625,-0.9708251953125,-0.056729324270768086,-0.03443195547077287,-0.9931183300324388
1789846488.190016,-0.05816650390625,0.0486907958984375,-1.0206756591796875,-0.057016760197864474,-0.0178074051969308,-0.9986297958618886
1789846488.289568,-0.075408935546875,-0.0025482177734375,-1.0440521240234375,-0.060695195267666584,-0.01475556771223214,-1.0077142614941985
1789846488.389089,-0.05303955078125,-0.0157318115234375,-0.946502685546875,-0.05916406637038327,-0.014950816474473213,-0.9954719463047339
1789846488.488443,-0.0748443603515625,0.0095062255859375,-1.0658416748046875,-0.06230012516661912,-0.01005940806239107,-1.0095458920047247
1789846488.5881848,-0.076446533203125,-0.0080718994140625,-0.9763336181640625,-0.06512940677392029,-0.009661906332725356,-1.0029034372365921
1789846488.6874552,-0.1003265380859375,-0.0615386962890625,-1.029052734375,-0.07216883303632374,-0.020037264323992783,-1.0081332966642738
1789846488.787236,-0.0900726318359375,-0.0579681396484375,-0.86492919921875,-0.07574959279624649,-0.027623439388881725,-0.9794924771751691
1789846488.887014,-0.0971527099609375,-0.1149444580078125,-0.9653472900390625,-0.08003021622918469,-0.045087643112667886,-0.9766634397479478
1789846488.9862862,-0.090240478515625,-0.07452392578125,-0.9788360595703125,-0.08207226868647276,-0.05097489964638431,-0.9770979637124209
1789846489.0856981,-0.0758514404296875,0.006988525390625,-1.01898193359375,-0.0808281030351157,-0.039382214638982456,-0.9854747576886868
1789846489.1854339,-0.088531494140625,-0.0659637451171875,-1.045196533203125,-0.08236878125621758,-0.044698520734623465,-0.9974191127915745
1789846489.2847462,-0.1060943603515625,0.091796875,-1.035247802734375,-0.08711389707528656,-0.01739944158769877,-1.0049848507801347
1789846489.384295,-0.1074066162109375,-0.009124755859375,-1.0908203125,-0.09117244090241676,-0.015744504442034016,-1.0221519431241077
1789846489.483788,-0.1716766357421875,-0.0194549560546875,-1.0581512451171875,-0.10727327987037091,-0.016486594764564714,-1.0293518035227236
1789846489.583663,-0.147857666015625,-0.0281219482421875,-0.96063232421875,-0.11539015709942174,-0.018813665460089272,-1.0156079076619289
1789846489.682619,-0.1325836181640625,0.0003662109375,-1.0206756591796875,-0.1188288493123499,-0.014977690180571419,-1.0166214579654806
1789846489.78211,-0.170562744140625,-0.0196380615234375,-1.0007476806640625,-0.1291756282780049,-0.015909764449144638,-1.0134467025051972
1789846489.881608,-0.1695098876953125,-0.102630615234375,-0.994171142578125,-0.13724248016146645,-0.03325393460619071,-1.0095915905197828
1789846489.981343,-0.1820068359375,0.0345306396484375,-1.0474700927734375,-0.14619535131667316,-0.01969701975526507,-1.0171672909705136
1789846490.0808048,-0.198699951171875,0.0655670166015625,-1.0326995849609375,-0.15669627128771355,-0.002644212483899556,-1.0202737497685985
1789846490.180327,-0.1663055419921875,-0.002349853515625,-0.980010986328125,-0.15861812542860837,-0.002585340690244645,-1.012221197080504
1789846490.280129,-0.160003662109375,-0.1124114990234375,-0.9482269287109375,-0.15889523276476172,-0.024550572356883217,-0.9994223434065906
1789846490.380077,-0.165252685546875,-0.0408172607421875,-0.98272705078125,-0.1601667233211844,-0.027803910033944074,-0.9960832848815226
1789846490.478907,-0.187744140625,-0.2075042724609375,-0.9276123046875,-0.1656822067819475,-0.06374398251934277,-0.9823890888427181
1789846490.5784101,-0.1993865966796875,-0.1376953125,-0.88031005859375,-0.1724230847614955,-0.07853424851547422,-0.9619732827929246
1789846490.678146,-0.1949920654296875,0.0497894287109375,-1.0677337646484375,-0.17693688089513393,-0.05286951307019188,-0.9831253791640272
1789846490.777345,-0.1914520263671875,-0.0484771728515625,-0.90692138671875,-0.17983990998954463,-0.05199104502646601,-0.9678845806749719
1789846490.877219,-0.1781768798828125,-0.1053314208984375,-0.9099884033203125,-0.1795073039681982,-0.06265912020086031,-0.9563053452040401
1789846490.9767962,-0.1785430908203125,0.0653228759765625,-0.99090576171875,-0.17931446133862108,-0.03706272096537576,-0.9632254285069821
1789846491.076299,-0.2013092041015625,-0.1427154541015625,-0.828857421875,-0.18371340989120938,-0.05819326759261311,-0.9363518271805857
1789846491.175644,-0.206756591796875,-0.09759521484375,-1.014923095703125,-0.1883220462723425,-0.06607365704284049,-0.9520660808850937
1789846491.2754622,-0.1826934814453125,-0.0428619384765625,-0.9949493408203125,-0.18719633330693652,-0.061431313329584895,-0.9606427328721375
1789846491.374608,-0.17279052734375,-0.01153564453125,-0.978057861328125,-0.1843151721142992,-0.05145217956991792,-0.964125758563335
1789846491.474352,-0.1929473876953125,-0.021881103515625,-0.996673583984375,-0.18604161523050186,-0.04553796435905934,-0.970635323647543
1789846491.5738301,-0.2084197998046875,-0.095550537109375,-0.882354736328125,-0.190517252145339,-0.055540478909122476,-0.9529792061836595
1789846491.6733398,-0.1784820556640625,0.0284423828125,-0.94305419921875,-0.1881102128490837,-0.03874390656479798,-0.9509942047906776
1789846491.772872,-0.1886444091796875,0.0290069580078125,-1.07171630859375,-0.18821705211520448,-0.025193733650275885,-0.9751386255512922
1789846491.872318,-0.198822021484375,-0.1300201416015625,-1.041595458984375,-0.19033804598903858,-0.04615901524053321,-0.9884299922379088
1789846491.9719172,-0.1739044189453125,-0.118499755859375,-0.974761962890625,-0.18705132058029336,-0.06062716336430157,-0.9856963863684521
1789846492.071408,-0.20281982421875,-0.0186004638671875,-0.9977569580078125,-0.1902050213079847,-0.05222182346487876,-0.9881085006963243
1789846492.171051,-0.200408935546875,0.00653076171875,-1.0760650634765625,-0.19224580415576276,-0.04047130642815301,-1.005699813252372
1789846492.271095,-0.184051513671875,-0.2005462646484375,-0.9204559326171875,-0.1906069460589852,-0.07248629807220991,-0.9886510371253351
1789846492.370353,-0.1759490966796875,-0.1554718017578125,-0.9729766845703125,-0.1876753761831257,-0.08908339880933043,-0.9855161666143306
1789846492.469441,-0.13861083984375,-0.0876312255859375,-0.8193206787109375,-0.17786246891525054,-0.08879296416465185,-0.9522770690336521
1789846492.569148,-0.12994384765625,-0.1060333251953125,-1.0306243896484375,-0.16827874466345044,-0.09224103637078399,-0.9679465331566092
1789846492.668507,-0.140350341796875,-0.14715576171875,-0.876373291015625,-0.16269306409013537,-0.1032239814403772,-0.9496318847284124
1789846492.7678409,-0.171661376953125,-0.146270751953125,-1.007171630859375,-0.1644867266627333,-0.11183333554292677,-0.9611398339546049
1789846492.8676739,-0.14190673828125,-0.0586090087890625,-0.956878662109375,-0.15997072898643666,-0.10118847019215392,-0.960287599585559
1789846492.96708,-0.15325927734375,-0.08404541015625,-0.9691162109375,-0.15862843865789933,-0.09775985818497315,-0.9620533218559473
1789846493.0665731,-0.1526947021484375,-0.11651611328125,-0.9454498291015625,-0.15744169135600697,-0.10151110920422853,-0.9587326233050704
1789846493.1661968,-0.13909912109375,-0.1609344482421875,-0.8446502685546875,-0.15377317730355558,-0.11339577701182033,-0.9359161523549938
1789846493.265819,-0.1908721923828125,-0.0605316162109375,-0.99639892578125,-0.161192980319407,-0.10282294485164375,-0.9480127070402451
1789846493.365089,-0.19561767578125,-0.0510711669921875,-0.96038818359375,-0.1680779194117756,-0.09247258927975252,-0.9504878023509461
1789846493.464791,-0.1807098388671875,-0.09088134765625,-1.0938720703125,-0.170604303302858,-0.09215434095505201,-0.9791646559432569
1789846493.564371,-0.1684417724609375,-0.052337646484375,-1.0181427001953125,-0.1701717971344739,-0.0841910020609166,-0.986960264793668
1789846493.663847,-0.1888885498046875,-0.0821533203125,-1.079742431640625,-0.17391514766851662,-0.0837834657112333,-1.0055166981630594
1789846493.763252,-0.168426513671875,-0.140869140625,-0.8828277587890625,-0.1728174208691883,-0.09520060069398664,-0.9809789102882601
1789846493.862949,-0.1957244873046875,-0.118621826171875,-0.9229278564453125,-0.17739883415628815,-0.09988484578956432,-0.9693686995196706
1789846493.962364,-0.20697021484375,-0.12322998046875,-0.9185943603515625,-0.18331311029378056,-0.10455387272540145,-0.959213831686049
1789846494.062117,-0.2049407958984375,-0.0596923828125,-1.02685546875,-0.18763864741471195,-0.09558157474282117,-0.9727421590988392
1789846494.1614509,-0.2023773193359375,-0.1064605712890625,-0.96142578125,-0.19058638179895707,-0.09775737405206944,-0.9704788835290714
1789846494.2612062,-0.2022247314453125,-0.142333984375,-1.0078277587890625,-0.19291405172822818,-0.10667269611665556,-0.9779486585810697
1789846494.360512,-0.1673431396484375,-0.1295318603515625,-1.038848876953125,-0.18779986931227005,-0.11124452896363696,-0.9901287022554809
1789846494.4600558,-0.1746063232421875,-0.1401519775390625,-1.0295867919921875,-0.18516116009825356,-0.11702601867872207,-0.9980203202028223
1789846494.559537,-0.187835693359375,-0.1311187744140625,-0.968994140625,-0.18569606675047787,-0.11984456982579017,-0.9922150842872579
1789846494.658825,-0.23907470703125,-0.0327911376953125,-1.0509796142578125,-0.1963717948066323,-0.10243388339969464,-1.0039679902813687
1789846494.758574,-0.229278564453125,-0.0655517578125,-1.123382568359375,-0.20295314873593087,-0.09505745828225572,-1.02785090589697
1789846494.858103,-0.2501068115234375,0.003143310546875,-1.011322021484375,-0.21238388129343222,-0.07541730451642958,-1.0245451290144512
1789846494.957518,-0.26641845703125,-0.07965087890625,-1.0246124267578125,-0.2231907964409958,-0.07626401939439367,-1.0245585885631234
1789846495.056911,-0.27655029296875,-0.1980743408203125,-0.9688720703125,-0.23386269574654667,-0.10062608367957745,-1.0134212849129989
1789846495.156455,-0.2797393798828125,-0.121826171875,-0.92236328125,-0.24303803257379986,-0.10486610131866198,-0.9952096841803991
1789846495.256176,-0.2499847412109375,-0.04522705078125,-1.1247711181640625,-0.2444273743012274,-0.0929382912111796,-1.021121970977132
1789846495.3554978,-0.2628173828125,-0.1694793701171875,-0.9860992431640625,-0.24810537600348193,-0.10824650699238117,-1.014117425414518
1789846495.454901,-0.233978271484375,-0.1032257080078125,-0.9498291015625,-0.24527995509966055,-0.10724234719546744,-1.0012597606441145
1789846495.5545359,-0.2593231201171875,-0.0061187744140625,-1.010833740234375,-0.24808858810316595,-0.08701763263918645,-1.0031745565621666
1789846495.65422,-0.233184814453125,-0.0186614990234375,-0.9545135498046875,-0.24510783337315775,-0.07334640591603667,-0.9934423552106708
1789846495.753662,-0.267364501953125,-0.06280517578125,-0.94561767578125,-0.2495591670891512,-0.07123815988907933,-0.9838774193247867
1789846495.853115,-0.26092529296875,-0.0131683349609375,-0.96405029296875,-0.251832392265071,-0.059624194903450965,-0.9799119940535794
1789846495.95267,-0.2893218994140625,-0.063446044921875,-0.972808837890625,-0.2593302936948693,-0.060388564907135775,-0.9784913628209886
1789846496.0523028,-0.2944488525390625,0.00164794921875,-0.97723388671875,-0.26635400546370797,-0.047981262081958624,-0.9782398676005409
1789846496.151773,-0.3008575439453125,-0.062713623046875,-0.9725494384765625,-0.2732547131600289,-0.050927734274941905,-0.9771017817757454
1789846496.2511392,-0.29345703125,-0.088958740234375,-0.9245452880859375,-0.2772951767780232,-0.05853393546682853,-0.9665904830377838
1789846496.350936,-0.314117431640625,-0.0635223388671875,-1.0344390869140625,-0.28465962775054354,-0.05953161614690033,-0.9801602038130396
1789846496.4506102,-0.2806549072265625,-0.0760345458984375,-0.99566650390625,-0.28385868364574735,-0.06283220209720777,-0.9832614638316818
1789846496.550325,-0.2866973876953125,-0.0252685546875,-0.9876861572265625,-0.2844264244556604,-0.05531947261526622,-0.984146402510658
1789846496.649251,-0.2958831787109375,-0.03375244140625,-1.0229034423828125,-0.2867177753067158,-0.05100606637346298,-0.991897810485089
1789846496.748726,-0.2906341552734375,-0.0633392333984375,-0.9635467529296875,-0.2875010513000602,-0.05347269977845788,-0.9862275989740087
1789846496.848253,-0.312713623046875,-0.061614990234375,-0.9599761962890625,-0.2925435656494232,-0.05510115786964131,-0.9809773184370195
1789846496.947853,-0.3191375732421875,-0.05340576171875,-0.994354248046875,-0.2978623671679761,-0.05476207863946305,-0.9836527043589907
1789846497.047326,-0.301300048828125,-0.0743255615234375,-1.012542724609375,-0.2985499035000059,-0.05867477521625794,-0.9894307084090675
1789846497.14682,-0.2878875732421875,-0.052764892578125,-1.000030517578125,-0.29641743744844223,-0.05749279868863135,-0.991550670242879
1789846497.246603,-0.2828369140625,0.0002593994140625,-1.0335235595703125,-0.2937013327712538,-0.04594235906809258,-0.9999452481083657
1789846497.3460531,-0.3149871826171875,-0.0401153564453125,-1.0196380615234375,-0.29795850274044056,-0.04477695854353657,-1.0038838107913801
1789846497.4456291,-0.2736968994140625,0.0258941650390625,-0.962493896484375,-0.293106182075165,-0.030642733827016752,-0.9956058279299791
1789846497.545199,-0.2573394775390625,-0.037017822265625,-1.0525054931640625,-0.2859528411679445,-0.0319177515147384,-1.0069857609767958
1789846497.644517,-0.2249908447265625,-0.0915985107421875,-0.917938232421875,-0.2737604418796681,-0.04385390336022822,-0.9891762552658117
1789846497.744345,-0.2059326171875,-0.0134429931640625,-0.9883270263671875,-0.2601948769412345,-0.03777172132099508,-0.9890064094860869
1789846497.843758,-0.209075927734375,-0.04119873046875,-1.0013427734375,-0.2499710870998626,-0.038457123150546065,-0.9914736822763696
1789846497.943274,-0.2261962890625,-0.0994415283203125,-0.9850921630859375,-0.24521612749239008,-0.050654004184499356,-0.9901973784382833
1789846498.042736,-0.192596435546875,-0.0603179931640625,-1.03265380859375,-0.23469218910328707,-0.05258680198041198,-0.9986886644693767
1789846498.1422172,-0.16552734375,-0.0517730712890625,-1.0024566650390625,-0.22085922003262967,-0.05242405584214209,-0.9994422645833139
1789846498.241761,-0.1605987548828125,-0.0382537841796875,-0.96807861328125,-0.20880712700266624,-0.04959000150965118,-0.9931695343229012
1789846498.341223,-0.169036865234375,-0.0256805419921875,-1.008056640625,-0.200853074649008,-0.04480810960615844,-0.9961469555833211
1789846498.440905,-0.11932373046875,-0.0105133056640625,-1.0418548583984375,-0.18454720581295642,-0.03794914881773926,-1.0052885361463444
1789846498.540519,-0.0985565185546875,-0.0548553466796875,-1.0055084228515625,-0.16734906836130264,-0.04133038839012891,-1.005332513487388
1789846498.639849,-0.068115234375,-0.054107666015625,-1.016204833984375,-0.14750230156404212,-0.04388584391522814,-1.0075069775867855
1789846498.739452,-0.081329345703125,-0.0323333740234375,-1.00274658203125,-0.1342677103918587,-0.04157534993687002,-1.0065548984756785
1789846498.83898,-0.09173583984375,-0.0265350341796875,-1.0077667236328125,-0.12576133628223696,-0.038567286785433516,-1.0067972635071052
1789846498.938483,-0.1197967529296875,-0.0318756103515625,-0.9943389892578125,-0.12456841961172707,-0.03722895149865932,-1.0043056086572468
1789846499.0379071,-0.129608154296875,-0.0469512939453125,-0.96197509765625,-0.12557636654875665,-0.039173419987989955,-0.9958395064570476
1789846499.13743,-0.1588592529296875,-0.0243072509765625,-0.9942169189453125,-0.13223294382494283,-0.03620018618570446,-0.9955149889547006
1789846499.236866,-0.167449951171875,-0.03826904296875,-0.9867095947265625,-0.13927634529432925,-0.03661395754231357,-0.993753910109073
1789846499.336421,-0.165863037109375,-0.017913818359375,-1.04345703125,-0.1445936836573384,-0.03287392970572586,-1.0036945343372585
1789846499.436036,-0.154052734375,-0.0531158447265625,-1.0089263916015625,-0.14648549380087073,-0.03692231270989319,-1.0047409057901193
1789846499.5354218,-0.146331787109375,-0.064727783203125,-1.0009918212890625,-0.14645475246257159,-0.042483406808539556,-1.003991088889908
1789846499.634929,-0.147613525390625,0.001434326171875,-0.990020751953125,-0.14668650704818226,-0.03369986021245664,-1.0011970215025514
1789846499.7345839,-0.13494873046875,-0.050048828125,-0.9891357421875,-0.14433895173229583,-0.036969653794965314,-0.9987847656395412
1789846499.833992,-0.1234893798828125,-0.0648193359375,-0.97784423828125,-0.14016903736239916,-0.04253959022347225,-0.9945966601678831
1789846499.933661,-0.126495361328125,-0.0532073974609375,-0.974822998046875,-0.13743430215554434,-0.044673151670965305,-0.9906419277436815
1789846500.033123,-0.1308746337890625,-0.0651092529296875,-0.9892425537109375,-0.13612236848224799,-0.048760371922709746,-0.9903620529371329
1789846500.132581,-0.1112213134765625,-0.01263427734375,-0.9842071533203125,-0.1311421574811109,-0.0415351530069178,-0.9891310730137688
1789846500.23218,-0.1353759765625,-0.0231781005859375,-0.992034912109375,-0.13198892129738873,-0.03786374252272174,-0.9897118408328901
1789846500.331716,-0.126068115234375,-0.0195159912109375,-1.00482177734375,-0.130804760084786,-0.034194192260364895,-0.9927338281350622
1789846500.431345,-0.1552276611328125,-0.0708465576171875,-0.9926605224609375,-0.1356893402943913,-0.04152466533172942,-0.9927191670002373
1789846500.530973,-0.1525421142578125,-0.0362091064453125,-1.002838134765625,-0.13905989508707556,-0.040461553554446035,-0.9947429605533149
1789846500.630814,-0.1439971923828125,-0.046295166015625,-1.005950927734375,-0.14004735454622294,-0.04162827604668183,-0.996984553989527
1789846500.729722,-0.1276702880859375,-0.03033447265625,-1.0294647216796875,-0.13757194125416586,-0.03936951536859547,-1.0034805875275592
1789846500.829661,-0.1352691650390625,-0.069305419921875,-0.951812744140625,-0.1371113860111452,-0.045356696279251374,-0.9931470188501724
1789846500.928787,-0.1366424560546875,-0.0376739501953125,-0.98553466796875,-0.13701760001985366,-0.0438201470624636,-0.9916245486738879
1789846501.028372,-0.1327667236328125,-0.0245819091796875,-0.9955902099609375,-0.13616742474244545,-0.03997249948590838,-0.9924176809312979
1789846501.128185,-0.1111602783203125,-0.0534820556640625,-0.9947967529296875,-0.13116599545801888,-0.042674410721539206,-0.9928934953309758
1789846501.227613,-0.1134490966796875,-0.0388946533203125,-0.9905242919921875,-0.12762261570235262,-0.04191845924129387,-0.9924196546632182
1789846501.326933,-0.11773681640625,-0.0614013671875,-1.001312255859375,-0.1256454558431321,-0.0458150408305351,-0.9941981749024497
1789846501.4266171,-0.1252288818359375,-0.0274810791015625,-1.00701904296875,-0.1255621410416932,-0.04214824848474058,-0.9967623485157098
1789846501.526207,-0.1062164306640625,-0.026824951171875,-1.0165252685546875,-0.12169299896616706,-0.039083589022167464,-1.0007149325235054
1789846501.625523,-0.1113128662109375,-0.0368194580078125,-1.009368896484375,-0.11961697241512115,-0.03863076281929647,-1.0024457253156793
1789846501.72507,-0.1197357177734375,-0.051849365234375,-0.989471435546875,-0.11964072148678442,-0.041274483302312176,-0.9998508673619184
1789846501.824554,-0.10894775390625,-0.054595947265625,-0.993377685546875,-0.11750212797067755,-0.04393877609497474,-0.9985562309989098
1789846501.923949,-0.1075897216796875,-0.038909912109375,-0.9990997314453125,-0.11551964671247954,-0.042933003297854794,-0.9986649310881904
1789846502.0236301,-0.099334716796875,-0.0440826416015625,-1.00067138671875,-0.11228266072935864,-0.043162930958596336,-0.9990662222143024
1789846502.1230578,-0.099029541015625,-0.030792236328125,-0.9961700439453125,-0.10963203678661192,-0.04068879203250207,-0.9984869865605045
1789846502.2224789,-0.0942230224609375,-0.0086669921875,-1.01092529296875,-0.10655023392147704,-0.03428443206350166,-1.0009746478421535
1789846502.32203,-0.09320068359375,-0.0325775146484375,-0.9999542236328125,-0.10388032385593164,-0.03394304858048883,-1.0007705630002854
1789846502.4214702,-0.1003875732421875,-0.044189453125,-0.9910430908203125,-0.10318177373318282,-0.03599232948939106,-0.998825068564291
1789846502.521246,-0.0948944091796875,-0.0500030517578125,-0.9925384521484375,-0.10152430082248377,-0.03879447394307535,-0.9975677452811204
1789846502.620575,-0.093292236328125,-0.05242919921875,-0.992462158203125,-0.09987788792361203,-0.04152141899821028,-0.9965466278655214
1789846502.7201052,-0.102783203125,-0.0376434326171875,-0.9651641845703125,-0.10045895096388963,-0.04074582172200573,-0.9902701392064797
1789846502.819639,-0.0896759033203125,-0.0390625,-1.0129852294921875,-0.09830234143517422,-0.04040915737760458,-0.9948131572636213
1789846502.919248,-0.0887451171875,-0.037353515625,-1.01983642578125,-0.09639089658563937,-0.03979802902708367,-0.9998178109671472
1789846503.018688,-0.0897064208984375,-0.0421142578125,-1.0093994140625,-0.095054001448199,-0.04026127478416693,-1.0017341315862178
1789846503.118221,-0.089569091796875,-0.0399932861328125,-0.996307373046875,-0.09395701951793421,-0.04020767705389605,-1.0006487798783492
1789846503.218018,-0.08544921875,-0.0430450439453125,-0.9904327392578125,-0.09225545936434737,-0.040775150432179344,-0.9986055717542419
1789846503.317306,-0.0828704833984375,-0.049285888671875,-0.9820098876953125,-0.09037846417116539,-0.04247729808011848,-0.995286434942456
1789846503.416844,-0.07513427734375,-0.0428619384765625,-0.9874114990234375,-0.08732962680568232,-0.04255422615940729,-0.9937114477586524
1789846503.516491,-0.0844879150390625,-0.0475921630859375,-0.9868621826171875,-0.08676128445235837,-0.043561813544713335,-0.9923415947303594
1789846503.6157851,-0.0741729736328125,-0.0463409423828125,-0.9771728515625,-0.0842436222884492,-0.04411763931233317,-0.9893078460967876
1789846503.715312,-0.026947021484375,-0.030181884765625,-1.0225677490234375,-0.07278430212763436,-0.04133048840299154,-0.9959598266821176
1789846503.814765,0.0234527587890625,-0.039337158203125,-1.0309906005859375,-0.05353688994429499,-0.04093182236301823,-1.0029659814628817
1789846503.914422,0.0224761962890625,-0.0652618408203125,-0.986419677734375,-0.038334272697623496,-0.04579782605447709,-0.9996567207171805
1789846504.014102,0.0248870849609375,-0.030670166015625,-0.9796905517578125,-0.0256900011659113,-0.042772294046706676,-0.9956634869253069
1789846504.113399,0.0363616943359375,-0.0532684326171875,-0.9904937744140625,-0.01327966206554154,-0.04487152176080285,-0.9946295444230581
1789846504.213183,0.0613250732421875,-0.0316619873046875,-0.9892120361328125,0.0016412849960042684,-0.04222961486957978,-0.993546042765009
1789846504.3127341,0.0891265869140625,-0.0432586669921875,-0.9808502197265625,0.019138345379615916,-0.042435425294101325,-0.9910068781573198
1789846504.412191,0.117950439453125,-0.04620361328125,-0.9940643310546875,0.03890076419431773,-0.04318906289153106,-0.9916183687367934
1789846504.511962,0.13433837890625,-0.057891845703125,-0.988616943359375,0.05798828713670419,-0.04612961945384985,-0.9910180836613098
1789846504.611172,0.14288330078125,-0.04718017578125,-0.9954376220703125,0.07496728986561335,-0.04633973071932988,-0.9919019913431104
1789846504.710788,0.1450042724609375,-0.0525054931640625,-0.9918212890625,0.08897468638467819,-0.047572883208276406,-0.9918858508869883
1789846504.810389,0.1495361328125,-0.0720062255859375,-0.9928741455078125,0.10108697567024255,-0.05245955168380863,-0.9920835098111532
1789846504.909502,0.158660888671875,-0.0505523681640625,-0.988922119140625,0.11260175827056904,-0.052078114979859404,-0.9914512316770476
1789846505.0093021,0.1645050048828125,-0.0551300048828125,-0.9800872802734375,0.12298240759301773,-0.05268849296045002,-0.9891784413963256
1789846505.1087298,0.156280517578125,-0.0572509765625,-0.986907958984375,0.1296420295900392,-0.05360098968086002,-0.9887243449139355
1789846505.208311,0.1657562255859375,-0.0493621826171875,-0.989715576171875,0.13686486878921886,-0.05275322826812552,-0.9889225911655234
1789846505.307744,0.1023712158203125,-0.0107879638671875,-0.9732818603515625,0.1299661381954376,-0.04436017538793792,-0.9857944450027313
1789846505.407336,0.1415252685546875,-0.0145263671875,-0.989105224609375,0.13227796426728758,-0.03839341374785034,-0.9864566009240601
1789846505.506978,0.1292877197265625,-0.0098876953125,-1.03997802734375,0.13167991535914256,-0.03269227006078027,-0.9971608862079981
1789846505.606396,0.1458587646484375,-0.0219573974609375,-0.9904937744140625,0.13451568521700155,-0.03054529554081172,-0.9958274638492111
1789846505.706028,0.152587890625,0.0254364013671875,-1.0025634765625,0.13813012629860125,-0.019348956159211873,-0.9971746663918689
1789846505.8055248,0.0898284912109375,0.03900146484375,-1.03759765625,0.1284697992810685,-0.007678871958619498,-1.0052592643634952
1789846505.905017,0.092742919921875,-0.005584716796875,-1.024383544921875,0.1213244234092298,-0.007260040926270599,-1.0090841204751713
1789846506.004436,0.043792724609375,0.110198974609375,-1.0608978271484375,0.10581808364925885,0.016231762180858523,-1.0194468618098247
1789846506.103911,0.0553131103515625,0.1994781494140625,-1.0297698974609375,0.09571708898971959,0.05288103962749932,-1.0215114689400473
1789846506.203673,0.0435333251953125,0.2547760009765625,-1.0224761962890625,0.08528033623083818,0.09326003189731197,-1.0217044144098504
1789846506.302949,0.0357818603515625,0.238800048828125,-1.0147705078125,0.07538064105498304,0.12236803528347458,-1.0203176330903803
1789846506.40253,0.015960693359375,0.252288818359375,-0.9714508056640625,0.06349665151586144,0.14835219189865467,-1.0105442676051166
1789846506.502245,0.028228759765625,0.2849884033203125,-1.007537841796875,0.05644307316581415,0.17567943418298623,-1.0099429824434685
1789846506.601412,0.0014801025390625,0.2946624755859375,-1.0680389404296875,0.04545047904046382,0.1994760424635765,-1.0215621740407124
1789846506.701186,0.009185791015625,0.3612060546875,-1.049072265625,0.03819754143549606,0.23182204490836122,-1.02706419235757
1789846506.800764,-0.040557861328125,0.35589599609375,-1.0299530029296875,0.02244646088277185,0.256636835145439,-1.0276419544719937
1789846506.900109,-0.039337158203125,0.345794677734375,-0.995819091796875,0.010089737065592479,0.2744684036632262,-1.02127738193697
1789846506.9996362,-0.0404815673828125,0.313140869140625,-1.010711669921875,-2.452382408851643e-05,0.282202896758706,-1.019164239533951
1789846507.0993052,-0.0037994384765625,0.291839599609375,-0.9315948486328125,-0.0007795067545833132,0.28413023732883985,-1.0016503613537235
1789846507.1987948,-0.0116119384765625,0.3466949462890625,-1.0606536865234375,-0.002945993098979151,0.2966431791208844,-1.0134510263876664
1789846507.298294,-0.0230865478515625,0.245941162109375,-0.9803619384765625,-0.006974104049495821,0.2865027757185825,-1.0068332088054457
1789846507.397853,-0.0415496826171875,0.2667694091796875,-1.0371856689453125,-0.013889219763034158,0.28255610241080353,-1.0129037008334192
1789846507.497363,-0.026641845703125,0.3275146484375,-1.0272369384765625,-0.016439744951052326,0.29154781161614285,-1.015770348362048
1789846507.596884,-0.0348968505859375,0.358123779296875,-1.01202392578125,-0.020131166078029363,0.30486300515228926,-1.0150210638458883
1789846507.69622,-0.0187530517578125,0.311248779296875,-0.9737091064453125,-0.019855543213985992,0.3061401599812064,-1.0067586723657733
1789846507.796026,-0.0067138671875,0.335113525390625,-1.026092529296875,-0.017227208008688794,0.31193483306309017,-1.0106254437519937
1789846507.8954492,-0.024261474609375,0.282806396484375,-1.023223876953125,-0.018634061328826036,0.30610914574734716,-1.01314513039222
1789846507.9948192,-0.002593994140625,0.249786376953125,-1.006500244140625,-0.01542604789118583,0.29484459198850277,-1.011816153141901
1789846508.0946689,0.0074615478515625,0.30755615234375,-0.9822540283203125,-0.010848528742636164,0.2973869040595522,-1.0059037281775833
1789846508.194117,0.0306243896484375,0.2420501708984375,-1.0146026611328125,-0.002553945064421431,0.2863195574273293,-1.0076435147686293
1789846508.29351,0.05279541015625,0.1969451904296875,-0.9906463623046875,0.008515925979712855,0.268444684027801,-1.004244084275841
1789846508.392922,0.070526123046875,0.165283203125,-0.996124267578125,0.020917965393145284,0.24781238784724077,-1.002620120936298
1789846508.492478,0.0719146728515625,0.139739990234375,-0.985321044921875,0.03111730688482873,0.22619790832466763,-0.9991603057334134
1789846508.591958,0.0653076171875,0.108428955078125,-0.99945068359375,0.037955368945362986,0.20264411767535911,-0.9992183813054808
1789846508.6917229,0.0701904296875,0.1133880615234375,-0.9971466064453125,0.04440238109379039,0.1847929064449748,-0.9988040263334472
1789846508.7911391,0.074310302734375,0.069610595703125,-0.990478515625,0.05038396542190731,0.16175644429660485,-0.9971389241917579
1789846508.8906589,0.0760955810546875,0.0408477783203125,-0.975860595703125,0.05552628854846335,0.1375747111013464,-0.9928832584940314
1789846508.990439,0.0927276611328125,0.0670928955078125,-1.0299530029296875,0.06296656306533319,0.12347834798263962,-1.0002972073811627
1789846509.089514,0.080718994140625,0.0044403076171875,-0.9467010498046875,0.06651704928039155,0.09967073990954921,-0.9895779758658677
1789846509.189069,0.09332275390625,0.051239013671875,-0.9529571533203125,0.07187819020556324,0.08998439466201438,-0.9822538113567567
1789846509.2884831,0.0979461669921875,0.027618408203125,-1.04669189453125,0.0770917855628881,0.07751119737023651,-0.9951414279916555
1789846509.38798,0.1078033447265625,0.1102752685546875,-0.9889678955078125,0.08323409739562299,0.0840640116071267,-0.9939067214948869
1789846509.488157,0.0956268310546875,0.027099609375,-0.9691009521484375,0.0857126441274359,0.07267113116070137,-0.9889455676255972
1789846509.587144,0.1181640625,0.044464111328125,-1.0426177978515625,0.09220292780194872,0.0670297271941861,-0.9996800136707903
1789846509.686623,0.105499267578125,-0.0128326416015625,-1.054779052734375,0.09486219575718398,0.05105725343503638,-1.0106998214835072
1789846509.786399,0.1175537109375,-0.0180511474609375,-1.0048370361328125,0.0994004987932472,0.037235573255841606,-1.0095272644133684
1789846509.8857331,0.1050872802734375,-0.0118408203125,-1.0300445556640625,0.10053785508928526,0.027420294542173287,-1.0136307226635073
1789846509.9852672,0.11956787109375,-0.004486083984375,-0.9252471923828125,0.10434385829017821,0.02103901883686363,-0.9959540166073684
1789846510.084789,0.1258392333984375,-0.0125579833984375,-0.950408935546875,0.10864293331183009,0.014319618389803406,-0.9868450003952698
1789846510.184504,0.10455322265625,-0.011322021484375,-0.9238128662109375,0.10782499118071406,0.009191290414967726,-0.9742385735584034
1789846510.2838569,0.105987548828125,-0.0430908203125,-0.95556640625,0.10745750271019626,-0.0012651317305258196,-0.9705041400967228
1789846510.383266,0.11846923828125,0.00457763671875,-0.99908447265625,0.10965984982440702,-9.65780406706558e-05,-0.9762202066086283
1789846510.48286,0.113677978515625,0.0065155029296875,-0.9080810546875,0.11046347556265063,0.0012258381534009754,-0.9625923762244027
1789846510.582315,0.1080780029296875,0.0400390625,-0.972381591796875,0.10998638103605801,0.008988483022720782,-0.9645502193388973
1789846510.6818728,0.068511962890625,-0.0199737548828125,-0.99017333984375,0.10169149740697142,0.003196035441614126,-0.9696748434398679
1789846510.7815518,0.083221435546875,-0.0628509521484375,-0.90789794921875,0.09799748503495215,-0.0100133620763962,-0.9573194645956443
1789846510.881012,0.118316650390625,-0.0100555419921875,-0.8646697998046875,0.10206131810608672,-0.01002179805955446,-0.938789531637453
1789846510.980445,0.136016845703125,-0.152069091796875,-1.0728607177734375,0.10885242362549438,-0.03843125680701857,-0.9656037688646499
1789846511.080013,0.100860595703125,-0.0149993896484375,-0.9929656982421875,0.1072540580410205,-0.033744883375302355,-0.9710761547401575
1789846511.179393,0.1038055419921875,0.101837158203125,-0.969451904296875,0.10656435483125391,-0.006628475059616883,-0.9707513046515011
1789846511.27907,0.06915283203125,-0.0582122802734375,-1.1104583740234375,0.09908205027125314,-0.016945236102381005,-0.9986927185258884
1789846511.378675,0.1868743896484375,-0.0651092529296875,-1.135040283203125,0.11664051814669002,-0.026578039467842304,-1.0259622314613357
1789846511.4785352,0.05810546875,-0.045745849609375,-1.0151824951171875,0.10493350826735202,-0.030411601496148848,-1.0238062841925062
1789846511.577559,0.1085662841796875,0.010406494140625,-1.072418212890625,0.10566006344981912,-0.022247982368794078,-1.03352866993213
1789846511.677172,0.095672607421875,0.1208953857421875,-1.1669769287109375,0.10366257224423031,0.0063806912534022375,-1.0602183216878915
1789846511.776684,0.086578369140625,-0.098846435546875,-0.9409942626953125,0.10024573162350926,-0.014664734106653213,-1.0363735098893758
1789846511.876121,0.111053466796875,0.0112152099609375,-1.225830078125,0.10240727865818242,-0.009488745293135072,-1.0742648235365007
1789846511.975668,0.0910797119140625,0.031982421875,-1.020599365234375,0.10014176530935844,-0.0011945118595080573,-1.0635317318760755
1789846512.075149,0.130828857421875,-0.020111083984375,-0.94378662109375,0.10627918373186175,-0.0049778262844814465,-1.0395827097196104
1789846512.174752,0.1313018798828125,0.0539398193359375,-0.90771484375,0.11128372296205191,0.006805702839602343,-1.0132091365256883
1789846512.2744641,0.0579681396484375,-0.0800933837890625,-0.956573486328125,0.10062060629932904,-0.010574114486130624,-1.0018820064861758
1789846512.3738399,0.051055908203125,-0.035919189453125,-1.098419189453125,0.09070766668008823,-0.0156431294795295,-1.0211894430795656
1789846512.4735708,0.0074310302734375,0.1511993408203125,-1.0721282958984375,0.07405233939875808,0.0177253645804389,-1.0313772136433401
1789846512.572932,0.1182098388671875,0.025665283203125,-0.9693603515625,0.08288383929244397,0.019313348304976122,-1.0189738412271723
1789846512.6724129,0.0607452392578125,-0.0928955078125,-0.9344329833984375,0.07845611928551768,-0.0031284229185191033,-1.0020656696614254
1789846512.77204,0.036773681640625,-0.151214599609375,-0.8726806640625,0.07011963175653915,-0.032745658256690284,-0.9761886685416404
1789846512.871499,0.0743255615234375,-0.00506591796875,-0.90142822265625,0.07096081770991883,-0.02720971019910223,-0.9612365793645623
1789846512.970962,0.1965179443359375,-0.0167236328125,-1.01434326171875,0.09607224303512257,-0.025112494721781786,-0.9718579158353999
1789846513.070544,0.020233154296875,-0.0022735595703125,-0.9195709228515625,0.08090442528747306,-0.02054470769148793,-0.9614005172386325
1789846513.170327,0.0646209716796875,-0.135162353515625,-0.9554901123046875,0.07764773456591595,-0.043468236856315345,-0.9602184362518436
1789846513.269291,0.0018157958984375,0.0140228271484375,-1.12255859375,0.062481346832420265,-0.031970024055364775,-0.9926864677514748
1789846513.368952,0.01611328125,0.0738525390625,-1.0192413330078125,0.05320773371593621,-0.010805511431791821,-0.9979974408027424
1789846513.4685202,0.009002685546875,-0.0233154296875,-1.0943450927734375,0.04436672408212397,-0.013307495082933458,-1.0172669711968816
1789846513.5681748,0.025146484375,0.007171630859375,-1.1143341064453125,0.040522676140699175,-0.009211669894471766,-1.0366803982465678
1789846513.667917,0.0782012939453125,0.110076904296875,-1.2053070068359375,0.04805839970162184,0.014646044943797589,-1.0704057199644417
1789846513.767346,0.03009033203125,0.1185150146484375,-1.20623779296875,0.044464786167547475,0.03541983888472557,-1.0975721345653033
1789846513.8766851,0.111724853515625,0.04638671875,-0.800018310546875,0.05791679963716298,0.037613214857780464,-1.0380613697616177
1789846513.976263,0.110748291015625,0.0751190185546875,-0.765838623046875,0.0684830979128554,0.045114375597161874,-0.9836168204186692
1789846514.075834,0.099212646484375,0.1599884033203125,-1.02691650390625,0.07462900762715932,0.068089181141792,-0.9922767571161853
1789846514.175012,0.0901947021484375,-0.0028228759765625,-1.0009002685546875,0.07774214653141497,0.0539067697181211,-0.9940014594038858
1789846514.2746801,0.040679931640625,-0.03704833984375,-0.889617919921875,0.07032970355325698,0.035715747805746885,-0.9731247515074838
1789846514.3741941,0.066986083984375,-0.033172607421875,-0.9212493896484375,0.06966097963948059,0.02193807676022251,-0.9627496791356746
1789846514.473614,0.05120849609375,0.014312744140625,-0.94366455078125,0.06597048293033447,0.020413010236303007,-0.9589326534647897
1789846514.573144,0.0582122802734375,-0.032806396484375,-1.0161590576171875,0.06441884239895508,0.009769128892167408,-0.9703779342952693
1789846514.672771,0.065277099609375,0.0067901611328125,-1.0113525390625,0.06459049384103907,0.009173335340296426,-0.9785728552487155
1789846514.772232,0.024871826171875,-0.0513763427734375,-0.97076416015625,0.05664676030720626,-0.00293660028245036,-0.9770111162302224
1789846514.871867,0.072540283203125,-0.045623779296875,-1.0806884765625,0.05982546488639001,-0.011474036085335287,-0.9977465882966781
1789846514.97129,0.0461578369140625,-0.0034637451171875,-1.056304931640625,0.057091939291924514,-0.00987197789170573,-1.0094582569654675
1789846515.070668,0.0758819580078125,-0.0291595458984375,-1.050872802734375,0.06084994303510211,-0.013729491493052085,-1.017741166119249
1789846515.1704931,0.048736572265625,-0.159423828125,-1.03057861328125,0.058427268881206695,-0.04286835881944167,-1.0203086555516494
1789846515.2702599,0.139678955078125,-0.132080078125,-0.8502655029296875,0.07467760612059036,-0.06071070268055334,-0.986300025027257
1789846515.3693662,0.0804595947265625,-0.0748138427734375,-0.8825225830078125,0.07583400384178479,-0.06353133069913018,-0.9655445366233681
1789846515.468773,0.0269317626953125,-0.0522918701171875,-0.927398681640625,0.06605355561249034,-0.06128343858274165,-0.9579153656268196
1789846515.5684361,0.050201416015625,-0.0718994140625,-0.873626708984375,0.06288312769311727,-0.06340663367869331,-0.9410576342983308
1789846515.668089,0.06402587890625,-0.064697265625,-1.0212249755859375,0.06311167793574382,-0.06366476006795466,-0.9570911025558522
1789846515.7673979,0.0817718505859375,-0.0885467529296875,-0.874786376953125,0.06684371246578256,-0.06864115864030124,-0.9406301574353068
1789846515.867037,0.047027587890625,0.13427734375,-1.208404541015625,0.06288048755075105,-0.028057458162240992,-0.9941850341513705
1789846515.966473,0.0634765625,0.0269012451171875,-1.098724365234375,0.06299970254060085,-0.017065717506355292,-1.0150929003679714
1789846516.0659971,-0.0316619873046875,-0.0308380126953125,-1.0562286376953125,0.04406736457154318,-0.019820176544146736,-1.0233200478334397
1789846516.16555,0.03076171875,-0.0838470458984375,-1.0045623779296875,0.04140623540723455,-0.032625550415004895,-1.0195685138526893
1789846516.264992,0.094757080078125,-0.1540985107421875,-0.895660400390625,0.05207640434141264,-0.056920142480441416,-0.9947868911602765
1789846516.3646479,0.0721282958984375,-0.0156097412109375,-0.90374755859375,0.056086782652817614,-0.048658062226540635,-0.9765790246469712
1789846516.464117,0.081939697265625,-0.0323944091796875,-0.84918212890625,0.06125736557537909,-0.04540533161717001,-0.9510996454988271
1789846516.563652,0.078033447265625,-0.0446014404296875,-0.98785400390625,0.06461258191342828,-0.04524455337967351,-0.9584505171803117
1789846516.6633282,0.04449462890625,-0.0495452880859375,-0.9308013916015625,0.06058899131199262,-0.04610470032092631,-0.9529206920645619
1789846516.762909,0.0075531005859375,-0.062713623046875,-1.10888671875,0.0499818131667816,-0.049426484866116054,-0.9841138974016496
1789846516.8622909,0.0360565185546875,-0.11322021484375,-1.0156097412109375,0.04719675424436278,-0.06218523086164285,-0.9904130661635072
1789846516.961916,0.05694580078125,0.029632568359375,-1.0811767578125,0.04914656355174023,-0.04382167101743928,-1.008565804493306
1789846517.061252,0.038360595703125,-0.0410919189453125,-0.973876953125,0.046989369982017186,-0.04327572060301392,-1.0016280342196449
1789846517.160822,0.0529022216796875,-0.0712738037109375,-0.97540283203125,0.048171940321551254,-0.048875337224598636,-0.9963829937819659
1789846517.260374,0.0442657470703125,-0.1382293701171875,-0.876617431640625,0.047390701671303506,-0.06674614380311641,-0.9724298813536978
1789846517.3598351,0.055694580078125,-0.0023040771484375,-0.9012908935546875,0.04905147735266781,-0.053857730472180634,-0.9582020837938958
1789846517.4592729,-0.042694091796875,0.15771484375,-1.2227630615234375,0.03070236352275925,-0.011543215627744505,-1.0111142793398042
1789846517.558902,-0.0581817626953125,0.0653533935546875,-0.97723388671875,0.0129255382791449,0.003836106208741896,-1.0043382008155934
1789846517.658341,0.0395050048828125,0.0259552001953125,-1.093963623046875,0.01824143159987842,0.008259925006056018,-1.0222632852618498
1789846517.757828,0.0483856201171875,-0.0192108154296875,-1.03472900390625,0.02427026930334024,0.002765776918907315,-1.02475642899073
1789846517.857635,0.06890869140625,-0.0366973876953125,-1.0397796630859375,0.03319795372392219,-0.005126856003936648,-1.0277610758097717
1789846517.957051,0.0353240966796875,-0.0825958251953125,-0.953582763671875,0.03362318231507525,-0.02062064984221182,-1.0129254133821923
1789846518.05639,0.0352020263671875,-0.0271148681640625,-0.9384765625,0.033938951125497704,-0.02191949350658196,-0.998035643205754
1789846518.1558871,0.008453369140625,-0.0070953369140625,-0.956787109375,0.028841834728523166,-0.018954662188078068,-0.9897859364396033
1789846518.25562,0.034637451171875,-0.0001220703125,-0.9857330322265625,0.030000958017193533,-0.015188143812962455,-0.9889753555969951
1789846518.3549109,0.0170135498046875,0.010406494140625,-1.09228515625,0.02740347637469233,-0.010069216222244966,-1.0096373157275962
1789846518.454444,0.033935546875,0.0085296630859375,-0.95489501953125,0.028709890474753863,-0.006349440360608472,-0.998688856488327
1789846518.554058,0.0084228515625,-0.0120086669921875,-1.0169830322265625,0.024652482692303093,-0.007481285686924279,-1.0023476916359741
1789846518.653491,0.03399658203125,-0.012359619140625,-0.931182861328125,0.026521302560092476,-0.008456952377664424,-0.9881147255744043
1789846518.753042,-0.0195770263671875,-0.0664520263671875,-0.7713165283203125,0.017301636774636482,-0.02005596717556904,-0.944755086123586
1789846518.852603,0.0028839111328125,-0.13348388671875,-1.0274200439453125,0.014418091646271686,-0.042741551084205236,-0.9612880776879313
1789846518.952228,-0.0140838623046875,-0.0142974853515625,-0.90087890625,0.00871770085607985,-0.03705273793767669,-0.9492062434003451
1789846519.051659,-0.0333709716796875,-0.0054168701171875,-1.0186004638671875,0.0002999663489263796,-0.030725564373578852,-0.9630850874937136
1789846519.151145,-0.028106689453125,-0.040191650390625,-1.1077728271484375,-0.005381364811483897,-0.03261878157698808,-0.9920226354246584
1789846519.250699,-0.0593719482421875,-0.0347747802734375,-1.141998291015625,-0.016179481497624618,-0.03304998131627797,-1.0220177665428518
1789846519.350371,-0.0816802978515625,-0.0318450927734375,-1.084808349609375,-0.029279644768412195,-0.03280900360770988,-1.0345758831561565
1789846519.450057,-0.069061279296875,-0.062713623046875,-0.951934814453125,-0.03723597167410476,-0.0387899274955429,-1.0180476694155502
1789846519.549107,-0.043121337890625,-0.074676513671875,-0.9678955078125,-0.03841304491740881,-0.04596724473080932,-1.0080172370949403
1789846519.648628,-0.05816650390625,-0.0427398681640625,-0.870513916015625,-0.04236373671517705,-0.04532176941745995,-0.9805165728790772
1789846519.7481542,-0.049713134765625,-0.03692626953125,-0.9085540771484375,-0.04383361632526664,-0.04364266944021796,-0.9661240737329493
1789846519.8477268,-0.0406341552734375,-0.04705810546875,-0.901580810546875,-0.043193724114900814,-0.04432575664592437,-0.9532154210957344
1789846519.947489,-0.0620269775390625,-0.0828094482421875,-0.9569244384765625,-0.046960374799733154,-0.052022494965176996,-0.9539572245719
1789846520.046884,-0.046875,-0.04620361328125,-0.9764556884765625,-0.046943299839786526,-0.0508587186283916,-0.9584569173528326
1789846520.146328,-0.0526275634765625,0.0356903076171875,-1.0314483642578125,-0.048080152567141723,-0.03354891337927578,-0.9730552067338286
1789846520.245881,-0.09771728515625,0.048858642578125,-1.0652008056640625,-0.05800757908496339,-0.01706740218779562,-0.9914843265198755
1789846520.34572,-0.0842132568359375,0.0119171142578125,-1.0635528564453125,-0.06324871463515822,-0.011270498898673997,-1.005898032504963
1789846520.445108,-0.06903076171875,0.0128936767578125,-1.0569610595703125,-0.06440512405187658,-0.006437663767376698,-1.016110637918033
1789846520.544344,-0.0261383056640625,0.0095062255859375,-1.050262451171875,-0.056751760374313766,-0.0032488858967138585,-1.0229410005688013
1789846520.64397,-0.0218658447265625,0.010009765625,-0.97998046875,-0.049774577244763515,-0.0005971555923710869,-1.0143488942050412
1789846520.74363,-0.05859375,-0.0308990478515625,-0.94329833984375,-0.05153841179581081,-0.006657534044209369,-1.0001387833327828
1789846520.8431458,-0.04071044921875,-0.0137176513671875,-0.9730224609375,-0.049372819280398654,-0.008069557508804996,-0.9947155188537263
1789846520.94274,-0.0453948974609375,-0.0573883056640625,-0.952728271484375,-0.04857723491650642,-0.017933307139856497,-0.9863180693798561
1789846521.042183,-0.05194091796875,-0.1025238037109375,-0.9678497314453125,-0.04924997152695514,-0.0348514064540727,-0.9826244017929475
1789846521.141695,-0.0293121337890625,-0.1085968017578125,-0.9162750244140625,-0.045262403979376614,-0.04960048551482066,-0.9693545263171706
1789846521.2412438,-0.031829833984375,-0.1226654052734375,-0.900634765625,-0.0425758899803763,-0.06421346946654403,-0.9556105741787365
1789846521.3407989,-0.0556793212890625,-0.0923614501953125,-0.9763336181640625,-0.04519657624211355,-0.06984306561229774,-0.9597551829758018
1789846521.4402618,-0.059661865234375,-0.0500946044921875,-1.1148223876953125,-0.04808963404056584,-0.0658933733882757,-0.990768623919704
1789846521.539836,-0.01995849609375,-0.0210113525390625,-1.0161895751953125,-0.042463406451202675,-0.05691696921843306,-0.9958528141748257
1789846521.639322,-0.0292205810546875,0.0105438232421875,-1.0652923583984375,-0.03981484137189964,-0.04342481072630895,-1.009740723019548
1789846521.7387419,-0.035980224609375,0.05950927734375,-0.9554595947265625,-0.03904791801939471,-0.022837993112297165,-0.9988844973609511
1789846521.838444,-0.0176849365234375,0.0991973876953125,-1.0029296875,-0.03477532172020327,0.001569083049224769,-0.9996935353887609
1789846521.9379768,-0.052459716796875,-0.0360870361328125,-0.9476776123046875,-0.038312200735537615,-0.005962140787182685,-0.9892903507719463
1789846522.037245,-0.0595855712890625,0.01092529296875,-1.0228118896484375,-0.042566874846242594,-0.002584654035996148,-0.9959946585472446
1789846522.137018,-0.0526123046875,-0.057891845703125,-1.0124664306640625,-0.044575960814494074,-0.013646092369421919,-0.9992890129706081
1789846522.23634,-0.0158843994140625,0.06640625,-1.05072021484375,-0.03883764853440776,0.002364376104462466,-1.0095752533452367
1789846522.335771,-0.0365142822265625,-0.082000732421875,-0.9633636474609375,-0.03837297527283871,-0.014508645600805026,-1.000332932168377
1789846522.4356608,-0.013031005859375,-0.092193603515625,-0.9154052734375,-0.03330458139014597,-0.03004563718376902,-0.9833474004222016
1789846522.535074,-0.0566253662109375,-0.08782958984375,-0.8951416015625,-0.03796873835430428,-0.04160242771576522,-0.9657062406502613
1789846522.634431,-0.0458831787109375,-0.104949951171875,-0.9544677734375,-0.039551626425630926,-0.054271932406987175,-0.9634585472077092
1789846522.7339191,-0.040557861328125,-0.0496673583984375,-1.1008758544921875,-0.03975287340612974,-0.053351017605277246,-0.9909420086646049
1789846522.833578,-0.03973388671875,-0.158843994140625,-1.0574798583984375,-0.0397490760686538,-0.07444961291234681,-1.0042495786113714
1789846522.932986,-0.0309600830078125,-0.1429290771484375,-1.078033447265625,-0.03799127745648554,-0.08814550575956495,-1.0190063523422221
1789846523.032692,-0.065185546875,-0.047149658203125,-0.99652099609375,-0.04343013134018844,-0.07994633624827696,-1.0145092810925278
1789846523.1320271,-0.0219573974609375,0.0025177001953125,-0.910247802734375,-0.03913558456433825,-0.06345352895955907,-0.9936569854208973
1789846523.231645,-0.0239105224609375,0.054046630859375,-0.874298095703125,-0.0360905721436581,-0.039953496995772254,-0.9697852074773429
1789846523.331091,-0.0104522705078125,-0.0128936767578125,-0.859649658203125,-0.030962911816488983,-0.034541532948180305,-0.9477580976224993
1789846523.430564,-0.036346435546875,-0.064605712890625,-0.927978515625,-0.03203961656256619,-0.04055436893666925,-0.9438021812229995
1789846523.530707,-0.034759521484375,-0.1025848388671875,-0.934539794921875,-0.03258359754692795,-0.0529604629227729,-0.9419497039627747
1789846523.629956,-0.040679931640625,-0.129058837890625,-0.935516357421875,-0.034202864365667364,-0.06818013791634332,-0.9406630346545948
1789846523.729402,-0.06671142578125,-0.0074615478515625,-1.0389404296875,-0.040704576648783894,-0.05603641990338716,-0.9603185136611758
1789846523.828672,-6.103515625e-05,-0.14892578125,-1.044158935546875,-0.03257586835027712,-0.07461429217270973,-0.9770865980383157
1789846523.928493,-0.07037353515625,0.13983154296875,-1.3398590087890625,-0.0401354017114717,-0.03172512514441779,-1.049641080188465
1789846524.0277839,-0.0205078125,0.0657196044921875,-1.1953887939453125,-0.03620988386917737,-0.012236179217096733,-1.0787906229398345
1789846524.127501,-0.05242919921875,-0.0049591064453125,-1.0909271240234375,-0.0394537469390919,-0.010780764662739887,-1.0812179231565553
1789846524.2267752,-0.0374603271484375,-0.053131103515625,-0.892120361328125,-0.03905506298096102,-0.019250832433316913,-1.0433984107908694
1789846524.326198,-0.058380126953125,-0.09490966796875,-0.968780517578125,-0.04292007577539382,-0.03438259954040353,-1.0284748321483206
1789846524.425716,-0.044189453125,-0.120849609375,-0.8740997314453125,-0.04317395124531506,-0.05167600150732282,-0.997599812007719
1789846524.5253072,-0.0740814208984375,-0.1167755126953125,-0.9915618896484375,-0.04935544517593955,-0.06469590374492076,-0.9963922275358627
1789846524.624897,-0.09033203125,0.0309295654296875,-1.1128387451171875,-0.057550762390751645,-0.045570809909999115,-1.0196815310521277
1789846524.724422,-0.0837860107421875,-0.037872314453125,-0.98748779296875,-0.06279781206103882,-0.04403111081862429,-1.0132427834354523
1789846524.824058,-0.06640625,-0.09637451171875,-0.80682373046875,-0.06351949964883105,-0.05449979099864943,-0.9719589728421119
1789846524.9235759,0.00537109375,-0.140960693359375,-1.082733154296875,-0.049741380969064844,-0.07179197147079455,-0.9941138091330645
1789846525.0229058,-0.099578857421875,-0.0043182373046875,-1.0552978515625,-0.059708876259626883,-0.05829722463757314,-1.0063506176189516
1789846525.122446,-0.0981292724609375,-0.0208587646484375,-1.0983734130859375,-0.06739295549988901,-0.05080953263974602,-1.0247551767123488
1789846525.222141,-0.0369720458984375,-0.15911865234375,-0.9693756103515625,-0.061308773579598706,-0.07247135658054682,-1.0136792634401917
1789846525.32141,-0.115325927734375,-0.061614990234375,-0.8650360107421875,-0.07211220441055397,-0.07030008331131246,-0.9839506129005908
1789846525.420924,-0.0937957763671875,-0.1196746826171875,-0.9747467041015625,-0.07644891880188068,-0.08017500317248748,-0.9821098311407852
1789846525.52042,-0.0575408935546875,-0.0281982421875,-1.098175048828125,-0.07266731375244205,-0.06977965097548999,-1.0053228746782532
1789846525.619973,-0.04473876953125,-0.05889892578125,-0.944854736328125,-0.06708160490820364,-0.067603505936642,-0.9932292470082277
1789846525.7193952,-0.0802001953125,-0.0860137939453125,-0.94500732421875,-0.06970532298906292,-0.07128556353837609,-0.9835848624503322
1789846525.819005,-0.0440521240234375,0.0550384521484375,-1.025665283203125,-0.06457468319593783,-0.046020760401013376,-0.9920009466008908
1789846525.918707,-0.1259765625,0.159515380859375,-0.8395538330078125,-0.07685505905675026,-0.004913532148935702,-0.9615115238822751
1789846526.018073,-0.092437744140625,0.11138916015625,-1.1677703857421875,-0.07997159607352522,0.018347006312101437,-1.0027632962542576
1789846526.117645,-0.025390625,0.1250457763671875,-1.062469482421875,-0.06905540185882018,0.03968676032311865,-1.0147045334877811
1789846526.217087,-0.06573486328125,-0.077484130859375,-0.6455535888671875,-0.06839129414330615,0.01625258208661992,-0.9408743445636625
1789846526.316602,-0.0290985107421875,-0.0783843994140625,-0.9103546142578125,-0.06053273746308242,-0.002674814213516563,-0.9347703985024924
1789846526.416123,-0.138458251953125,-0.079376220703125,-0.6934356689453125,-0.07611784036109094,-0.01801509551143825,-0.8865034525910565
1789846526.515614,-0.1794281005859375,-0.01141357421875,-1.1218414306640625,-0.09677989240606026,-0.0166947912529006,-0.9335710482056576
1789846526.615391,-0.0648040771484375,0.1208953857421875,-1.11480712890625,-0.0903847293545357,0.01082324414611702,-0.9698182643457761
1789846526.714761,-0.0671844482421875,-0.0771331787109375,-1.1985015869140625,-0.08574467313206607,-0.006768040425293883,-1.0155549288594334
1789846526.814266,-0.1260986328125,-0.0078125,-1.023345947265625,-0.09381546506815286,-0.006976932340235107,-1.0171131325406717
1789846526.914021,-0.087860107421875,-0.0864410400390625,-0.9243316650390625,-0.0926243935388973,-0.022869753880000586,-0.99855683904035
1789846527.013274,-0.01922607421875,-0.1480255126953125,-0.7926025390625,-0.07794472967486785,-0.04790090564306297,-0.95736597904478
1789846527.112705,-0.0667572021484375,0.2785491943359375,-0.7756195068359375,-0.07570722416958178,0.01738911435273712,-0.9210166846030117
1789846527.212358,-0.0124969482421875,0.07513427734375,-1.138336181640625,-0.06306516898410293,0.0289381469509397,-0.9644805840105344
1789846527.311919,-0.13397216796875,-0.18255615234375,-1.0908050537109375,-0.07724656878103234,-0.013360712907998243,-0.9897454779506151
1789846527.4115791,-0.077484130859375,-0.1382598876953125,-0.847869873046875,-0.07729408119670088,-0.038340547865461094,-0.9613703569698671
1789846527.5108871,-0.0916290283203125,0.1817779541015625,-0.9912872314453125,-0.0801610706214232,0.005683152527943623,-0.9673537318649562
1789846527.610388,-0.0989990234375,-0.0110015869140625,-1.145416259765625,-0.08392866118463857,0.002346204639542399,-1.00296623744509
1789846527.710188,-0.1380615234375,-0.0288848876953125,-1.1392822265625,-0.09475523363521086,-0.0039000138274285813,-1.0302294352685721
1789846527.8097858,-0.059478759765625,0.184417724609375,-0.954071044921875,-0.08769993886129371,0.03376353385993214,-1.0149977571992328
1789846527.9093661,-0.008270263671875,-0.0993499755859375,-0.800567626953125,-0.07181400382340997,0.00714083197075821,-0.9721117311500114
1789846528.00885,-0.1196136474609375,0.0395965576171875,-1.086090087890625,-0.08137393255091548,0.013631977100044068,-0.9949074024981341
1789846528.108169,-0.0770416259765625,-0.231109619140625,-0.9516754150390625,-0.08050747123604489,-0.03531634214808975,-0.9862610050063199
1789846528.207747,-0.0025482177734375,-0.184295654296875,-1.2648468017578125,-0.06491562054352341,-0.0651122045778468,-1.0419781643566184
1789846528.307262,-0.000823974609375,-0.0944671630859375,-0.9826202392578125,-0.052097291356693734,-0.07098319627946495,-1.0301065793368571
1789846528.406626,-0.006866455078125,0.0832366943359375,-0.9604034423828125,-0.04305112410097999,-0.040139218156384465,-1.0161659519460482
1789846528.506232,-0.0447235107421875,0.0448760986328125,-0.969329833984375,-0.0433856014292215,-0.023136154798545073,-1.0067987283537136
1789846528.605682,-0.03863525390625,0.07061767578125,-1.2358551025390625,-0.04243553192462721,-0.004385388682586059,-1.0526100031907835
1789846528.7052178,-0.0660400390625,0.0355072021484375,-1.0391845703125,-0.047156433352201765,0.003593129483618653,-1.0499249166151268
1789846528.804749,0.0057220458984375,-0.031982421875,-0.8013763427734375,-0.03658073750207391,-0.0035219807881050782,-1.000215201846789
1789846528.904474,-0.0127105712890625,-0.18743896484375,-0.75567626953125,-0.03180670425947163,-0.04030537759923407,-0.9513074153836812
1789846529.003648,-0.0731964111328125,-0.0709991455078125,-0.8138885498046875,-0.040084645634139805,-0.046444131180949755,-0.9238236422678826
1789846529.103359,-0.0425262451171875,-0.0873260498046875,-0.759521484375,-0.04057296553074935,-0.054620514905697304,-0.8909632106893062
1789846529.2029018,-0.0479888916015625,-0.0757904052734375,-0.744537353515625,-0.04205615074491198,-0.058854492979245346,-0.86167803925457
1789846529.302298,-0.1069793701171875,-0.0544891357421875,-1.1748504638671875,-0.05504079461936709,-0.05798142153183378,-0.9243125241770935
1789846529.4019089,-0.08905029296875,0.1271820068359375,-1.3026885986328125,-0.061842694289243674,-0.020948735858279527,-0.9999877390682375
1789846529.501656,-0.1043243408203125,0.0878143310546875,-1.1621551513671875,-0.07033902359545743,0.0008038775243138785,-1.0324212215280275
1789846529.601005,-0.002410888671875,-0.009674072265625,-1.18707275390625,-0.05675339661074095,-0.0012917124336738973,-1.063351528003672
1789846529.700427,-0.0305938720703125,-0.042633056640625,-1.0008697509765625,-0.05152149170265526,-0.00955998127506412,-1.0508551725982502
1789846529.7999082,0.016082763671875,-0.1844329833984375,-0.8931732177734375,-0.03800064062774921,-0.0445345816997388,-1.0193187816332876
1789846529.899364,-0.0200653076171875,-0.0498046875,-0.966278076171875,-0.03441357402563687,-0.04558860285979104,-1.0087106405410051
1789846529.9988909,-0.072662353515625,0.033935546875,-0.8948822021484375,-0.0420633299236345,-0.029683772912832838,-0.9859449528624916
1789846530.0984979,-0.07861328125,0.1673736572265625,-1.1474761962890625,-0.0493733201889076,0.009727713115046232,-1.0182512015478058
1789846530.198257,-0.0233306884765625,0.1106109619140625,-1.1743011474609375,-0.04416479384643859,0.02990436287484949,-1.049461190730432
1789846530.297559,-0.026153564453125,0.0086669921875,-0.9864654541015625,-0.04056254796777587,0.02565688873737959,-1.0368620434046583
1789846530.39716,0.018218994140625,-0.002349853515625,-0.98236083984375,-0.028806239546095697,0.020055540286778674,-1.0259618026924766
1789846530.496752,-0.0604095458984375,-0.1062164306640625,-1.122161865234375,-0.03512690081656406,-0.005198853903389561,-1.0452018152008562
1789846530.5961928,-0.0353546142578125,-0.011505126953125,-1.049560546875,-0.03517244350481375,-0.006460108513336649,-1.046073561535685
1789846530.695699,0.012359619140625,0.001617431640625,-1.0051422119140625,-0.025666030975726003,-0.00484460048254432,-1.0378872916113606
1789846530.7953448,0.0630035400390625,-0.13446044921875,-1.04095458984375,-0.007932116772768302,-0.030767770229785458,-1.0385007512578386
1789846530.894795,0.0667877197265625,-0.09271240234375,-1.0233001708984375,0.007011850527097859,-0.04315669665257837,-1.0354606351859585
1789846530.9941921,0.048828125,-0.1716156005859375,-0.877899169921875,0.015375105421678288,-0.0688484774392502,-1.0039483421331419
1789846531.09402,-0.002227783203125,-0.0791778564453125,-0.9351806640625,0.01185452769671763,-0.07091435324046266,-0.9901948065190135
1789846531.1935902,-0.0364990234375,0.0103759765625,-1.0799407958984375,0.0021838174698741034,-0.05465628727987013,-1.0081440043948984
1789846531.292798,-0.0082244873046875,-0.0147705078125,-1.0093841552734375,0.00010215651496178258,-0.04667913138639611,-1.0083920345706063
1789846531.392237,0.0564727783203125,-0.077728271484375,-0.9406890869140625,0.011376280876031927,-0.05288895940599189,-0.9948514450392977
1789846531.492027,0.028472900390625,0.0032806396484375,-1.0906219482421875,0.014795604778950542,-0.04165503959510602,-1.0140055456798756
1789846531.59134,0.02777099609375,0.0237579345703125,-1.002105712890625,0.017390683041910434,-0.028572444762022316,-1.0116255791220254
1789846531.6908112,0.037139892578125,-0.0087738037109375,-0.9486541748046875,0.02134052494915335,-0.024612716551805355,-0.9990312982585579
1789846531.8004751,0.02764892578125,-0.0005950927734375,-1.0049591064453125,0.02260220511557268,-0.019809191796131786,-1.000216859895909
1789846531.8998709,0.0448760986328125,-0.0191497802734375,-0.982177734375,0.027056983819020646,-0.01967730949159293,-0.9966090347917271
1789846531.999398,0.0040283203125,0.024200439453125,-1.036834716796875,0.02245125111771652,-0.010901759702649345,-1.0046541711927568
1789846532.0988011,0.012451171875,-0.0177459716796875,-1.0173187255859375,0.020451235269173217,-0.012270602098056978,-1.007187082071393
1789846532.198433,0.0329437255859375,-0.0345611572265625,-0.979248046875,0.022949733332526073,-0.016728713123758083,-1.0015992750321145
1789846532.297958,0.0508575439453125,0.005889892578125,-1.012237548828125,0.028531295455083358,-0.012204991983381467,-1.0037269297913167
1789846532.397727,0.049957275390625,-0.031951904296875,-0.9192962646484375,0.03281649144219169,-0.016154374446080175,-0.986840796762741
1789846532.497244,-0.0055084228515625,0.1692657470703125,-0.949432373046875,0.02515150858344085,0.020929649857198356,-0.9793591120195678
1789846532.596496,0.01287841796875,0.1156005859375,-0.969268798828125,0.022696890460502682,0.03986383707325869,-0.9773410493812793
1789846532.696137,0.0389862060546875,0.038330078125,-1.002685546875,0.025954753579339646,0.039557085283606956,-0.9824099488800235
1789846532.795654,0.02520751953125,0.037567138671875,-0.8842620849609375,0.02580530676972172,0.03915909596126057,-0.9627803760962064
1789846532.895298,0.0003204345703125,0.027496337890625,-0.988922119140625,0.020708332329839877,0.03682654434713346,-0.9680087247050901
1789846532.994575,0.0511932373046875,-0.030029296875,-0.9601898193359375,0.026805313324809402,0.023455376102706767,-0.9664449436312597
1789846533.094296,0.005889892578125,0.17535400390625,-0.9782867431640625,0.022622229175472523,0.053835101663415416,-0.9688133035378202
1789846533.1938782,0.0049591064453125,0.10797119140625,-1.0408782958984375,0.01908960462944052,0.06466231961198234,-0.9832263020099438
1789846533.293292,0.071044921875,0.0536651611328125,-0.9124908447265625,0.029480668078552416,0.062462887916148374,-0.9690792105532675
1789846533.39283,0.0481414794921875,0.0704803466796875,-1.0847625732421875,0.033212830361279436,0.0640663796688562,-0.9922158830910515
1789846533.492146,0.0010833740234375,0.091217041015625,-1.049774169921875,0.026786939093711052,0.06949651193820996,-1.0037275404572163
1789846533.591712,0.0221710205078125,0.017364501953125,-1.04937744140625,0.025863755376531343,0.05907010994119297,-1.0128575206470232
1789846533.691307,-0.0092010498046875,0.049102783203125,-1.1167755126953125,0.018850794340287576,0.05707664459357938,-1.033641119056681
1789846533.7907639,0.0126190185546875,-0.0967864990234375,-0.9640350341796875,0.017604439183167564,0.026304015870176004,-1.0197199020812824
1789846533.890317,0.0269317626953125,0.00994873046875,-0.9577484130859375,0.01946990388559655,0.023032958789890805,-1.0073256042822134
1789846533.990141,0.0384674072265625,0.0543212890625,-0.909820556640625,0.023269404553789744,0.029290624844412645,-0.9878245947538957
1789846534.091313,0.0421905517578125,0.0650634765625,-1.0251007080078125,0.027053633994594296,0.03644519518803012,-0.9952798174046791
1789846534.1888552,0.0246734619140625,-0.0644989013671875,-0.90850830078125,0.02657759957848794,0.016256375876986594,-0.9779255140799933
1789846534.2884212,0.015167236328125,-0.0960693359375,-1.016021728515625,0.024295526928415353,-0.006208766485910724,-0.9855447569671196
1789846534.387815,-0.004119873046875,0.031890869140625,-1.0853271484375,0.018612446933357285,0.0014111606393964202,-1.0055012352611958
1789846534.487266,0.0259857177734375,0.083892822265625,-1.1165924072265625,0.02008710110137333,0.017907492964642138,-1.027719469654269
1789846534.5868092,0.0084381103515625,-0.0127716064453125,-0.97161865234375,0.017757302951411164,0.01177167308265121,-1.0164993061921652
1789846534.686348,0.0406036376953125,0.037017822265625,-0.9898681640625,0.022326569900191433,0.01682090291924597,-1.0111730777662322
1789846534.785846,0.0332794189453125,0.0338287353515625,-0.90582275390625,0.02451713970921565,0.02022246940570928,-0.9901030129942359
1789846534.8854089,0.0270233154296875,0.0370635986328125,-1.0554351806640625,0.02501837485331002,0.023590695251129924,-1.0031694465282013
1789846534.984952,0.0608978271484375,-0.06719970703125,-0.9702911376953125,0.03219426531233552,0.00543261479465394,-0.9965937847616236
1789846535.084632,0.0059967041015625,-0.13287353515625,-0.9632110595703125,0.026954753070180915,-0.02222861519552685,-0.9899172397233614
1789846535.18403,-0.0038909912109375,0.0867767333984375,-1.1175537109375,0.020785604213957233,-0.0004275454767339766,-1.015444533966189
1789846535.283485,-0.0015716552734375,0.1916351318359375,-1.206817626953125,0.01631415231647829,0.03798498998580032,-1.0537191525635763
1789846535.383113,-0.064056396484375,0.0708770751953125,-1.083038330078125,0.00024004255630763298,0.044563407027702756,-1.0595829880664862
1789846535.4825,-0.021026611328125,0.0235137939453125,-1.1429443359375,-0.004013288220578894,0.0403534844112247,-1.076255257640689
1789846535.582179,-0.066864013671875,0.0446319580078125,-0.974609375,-0.016583433310838117,0.04120917913054226,-1.0559260811125513
1789846535.681721,-0.0118255615234375,0.0202178955078125,-0.92828369140625,-0.015631858953357995,0.037010922405996315,-1.0303976031712911
1789846535.78117,-0.0665283203125,0.022918701171875,-1.2170257568359375,-0.025811151225186395,0.034192478159172056,-1.0677232339042204
1789846535.880631,-0.08807373046875,0.051116943359375,-1.151702880859375,-0.03826366707389912,0.037577371199212645,-1.0845191632952513
1789846535.9802961,-0.096466064453125,-0.153717041015625,-0.9605865478515625,-0.049904146549744295,-0.000681511243754887,-1.0597326402065137
1789846536.07978,-0.0538177490234375,-0.1439361572265625,-0.9200286865234375,-0.05068686704448294,-0.029332440440316413,-1.0317918494698985
1789846536.17923,-0.0134735107421875,-0.088348388671875,-0.92724609375,-0.04324419578402385,-0.04113563008662813,-1.010882698325919
1789846536.2788749,-0.0095672607421875,0.021697998046875,-0.9640350341796875,-0.036508808775656584,-0.028568904459927505,-1.0015131654966727
1789846536.3783321,-0.09283447265625,-0.235626220703125,-0.862213134765625,-0.047773941551775265,-0.069980367708567,-0.9736531593504631
1789846536.47795,-0.083251953125,-0.131195068359375,-0.9775543212890625,-0.05486954386642022,-0.08222330783872861,-0.9744333917381831
1789846536.577558,-0.074920654296875,-0.03778076171875,-1.035064697265625,-0.05887976595251118,-0.07333479861473288,-0.9865596528436715
1789846536.676993,-0.1529388427734375,-0.074462890625,-1.1197052001953125,-0.07769158131669646,-0.07356041701678631,-1.0131887623139997
1789846536.776258,-0.0561065673828125,-0.1112060546875,-0.98828125,-0.07337457852991966,-0.08108954455092905,-1.0082072598511997
1789846536.8759708,-0.0754241943359375,-0.0868988037109375,-0.8889617919921875,-0.07378450169112323,-0.08225139638293075,-0.9843581662793974
1789846536.9755201,-0.0677490234375,-0.09930419921875,-0.878082275390625,-0.07257740604039858,-0.08566195695009461,-0.9631029881016431
1789846537.075186,-0.0548248291015625,-0.095977783203125,-1.04486083984375,-0.06902689065263137,-0.0877251222007007,-0.9794545584500645
1789846537.174489,-0.0680999755859375,0.0580291748046875,-1.076416015625,-0.0688415076392926,-0.05857426279962306,-0.9988468498850517
1789846537.273992,-0.050537109375,-0.2569122314453125,-1.023223876953125,-0.06518062798643409,-0.09824185652876094,-1.0037222552986664
1789846537.373858,-0.101898193359375,-0.1254730224609375,-0.9592437744140625,-0.07252414106102228,-0.10368808971519626,-0.9948265591217457
1789846537.4733338,-0.1086883544921875,0.028045654296875,-0.9537200927734375,-0.07975698374725533,-0.07734134091278201,-0.9866052658520841
1789846537.572633,-0.0778350830078125,-0.17474365234375,-0.8005828857421875,-0.07937260359936676,-0.09682180319897561,-0.9494007898301048
1789846537.672282,-0.0500030517578125,-0.1208038330078125,-0.9454345703125,-0.07349869323105593,-0.10161820916074299,-0.9486075459265839
1789846537.7715368,-0.0534515380859375,-0.161773681640625,-1.001068115234375,-0.06948926220203225,-0.11364930365671941,-0.9590996597881423
1789846537.8713489,-0.1148834228515625,0.0566558837890625,-1.3480377197265625,-0.0785680943319383,-0.07958826616756302,-1.0368872717758264
1789846537.970738,-0.1212158203125,-0.074676513671875,-1.2421722412109375,-0.08709763952805065,-0.07860591566842542,-1.0779442656628486
1789846538.070133,-0.0635223388671875,-0.169403076171875,-1.0802764892578125,-0.08238257939587802,-0.09676534776911536,-1.0784107103818414
1789846538.170035,-0.04241943359375,-0.2228851318359375,-0.7832183837890625,-0.07438995023545242,-0.12198930458247978,-1.0193722450632856
1789846538.269414,0.01104736328125,-0.0344696044921875,-0.86871337890625,-0.05730248753211194,-0.10448536456442133,-0.9892404718318786
1789846538.368876,0.026397705078125,-0.07733154296875,-0.758941650390625,-0.040562449010064554,-0.09905460024528707,-0.9431807075436279
1789846538.468214,-0.038116455078125,-0.0480804443359375,-0.7891998291015625,-0.040073250223676644,-0.08885976906341717,-0.9123845318552148
1789846538.5678492,-0.1031341552734375,-0.179351806640625,-1.0018463134765625,-0.05268543123362882,-0.10695817657885874,-0.9302768881794844
1789846538.667362,-0.0596160888671875,-0.0070648193359375,-1.189483642578125,-0.054071562760340565,-0.0869795051302745,-0.9821182390592126
1789846538.766876,-0.2020263671875,0.2739105224609375,-1.065704345703125,-0.08366252364577245,-0.014801499612032094,-0.9988354603879951
1789846538.8663511,-0.127899169921875,0.0593414306640625,-1.25653076171875,-0.09250985290099298,2.7086443186824863e-05,-1.0503745206541462
1789846538.965874,-0.0258941650390625,0.1128997802734375,-1.0579986572265625,-0.07918671532860688,0.02260162520923696,-1.0518993479686296
1789846539.065397,-0.1032867431640625,0.1947784423828125,-1.2048797607421875,-0.08400672089569801,0.05703698864395207,-1.0824954305233412
1789846539.1649508,-0.019927978515625,-0.0787811279296875,-1.09002685546875,-0.0711909724196834,0.029873365329224157,-1.084001715512423
1789846539.264543,-0.0314483642578125,-0.124267578125,-0.6723480224609375,-0.06324245078730922,-0.0009548233616206749,-1.0016709769021261
1789846539.363799,0.022003173828125,-0.04852294921875,-0.795684814453125,-0.04619332586422238,-0.01046844853304654,-0.9604737444123259
1789846539.463468,-0.1149444580078125,-0.0663299560546875,-0.8260498046875,-0.059943552292940405,-0.021640750037374736,-0.9335889564673607
1789846539.562962,-0.0254669189453125,0.00201416015625,-0.8463897705078125,-0.05304822562341483,-0.016909767998649787,-0.9161491192754512
1789846539.6626549,-0.0674285888671875,-0.0215606689453125,-0.800048828125,-0.05592429827216937,-0.017839948187982332,-0.892929061045361
1789846539.76233,-0.082305908203125,-0.0362701416015625,-1.069000244140625,-0.0612006202583605,-0.021525986870698368,-0.9281432976644138
1789846539.861687,-0.119049072265625,0.027557373046875,-1.0997772216796875,-0.0727703106598134,-0.011709314887183693,-0.9624700824674686
1789846539.961384,-0.130035400390625,-0.045684814453125,-1.062652587890625,-0.08422332860597573,-0.018504414800371956,-0.9825065835521
1789846540.0607839,-0.0327301025390625,-0.190521240234375,-1.0466766357421875,-0.07392468339259309,-0.052907779887172574,-0.9953405939901175
1789846540.160269,-0.0192718505859375,-0.158721923828125,-1.0140380859375,-0.06299411683126198,-0.07407060867536305,-0.9990800923795942
1789846540.260045,-0.032257080078125,-0.0073699951171875,-1.04388427734375,-0.05684670948063459,-0.060730485963727945,-1.0080409293724255
1789846540.3595629,-0.0068511962890625,0.0047454833984375,-0.9458465576171875,-0.04684760684232018,-0.04763529209129486,-0.995602055021378
1789846540.458706,-0.01287841796875,-0.0271148681640625,-1.095184326171875,-0.040053769067606146,-0.0435312073058484,-1.0155185092514774
1789846540.558234,-0.0011749267578125,0.0127410888671875,-0.9862060546875,-0.03227800060564742,-0.03227674807124122,-1.0096560183386818
1789846540.6577759,0.0289154052734375,-0.0302276611328125,-0.979400634765625,-0.02003931942983044,-0.03186693068355548,-1.0036049416240704
1789846540.757331,0.03497314453125,-0.041412353515625,-0.917144775390625,-0.009036826637614351,-0.033776015249969385,-0.9863129083773814
1789846540.8566952,0.037872314453125,-0.002716064453125,-1.11285400390625,0.000345001580533519,-0.02756402509060051,-1.011621127483155
1789846540.956449,0.056365966796875,0.03973388671875,-1.00750732421875,0.011549194623801816,-0.014104442728730406,-1.010798366830274
1789846541.055676,0.010223388671875,-0.0594940185546875,-0.9549102783203125,0.011284033433416453,-0.023182357893921826,-0.9996207491282818
1789846541.155268,0.09649658203125,0.0811614990234375,-1.062347412109375,0.028326543152983163,-0.002313586510449963,-1.0121660817245006
1789846541.25478,-0.00604248046875,0.089996337890625,-1.182464599609375,0.02145273842863653,0.016148398369765032,-1.0462257853014756
1789846541.3543549,0.0814056396484375,0.1345367431640625,-1.12176513671875,0.03344331867259673,0.03982606732862453,-1.0613336555849304
1789846541.4537601,0.0572357177734375,0.0873870849609375,-1.0009918212890625,0.03820179849276488,0.04933827085508713,-1.049265288725757
1789846541.553256,0.080535888671875,0.033050537109375,-1.0656280517578125,0.046668616528586906,0.0460807241059447,-1.052537841332168
1789846541.652948,0.0711822509765625,-0.090301513671875,-0.7419281005859375,0.05157134341818203,0.01880427655038076,-0.9904158931829219
1789846541.752367,0.055328369140625,-0.11669921875,-0.863311767578125,0.05232274856267062,-0.008296422509695393,-0.9649950680619626
1789846541.8519459,0.078460693359375,-0.13470458984375,-0.8997802734375,0.057550337522011503,-0.033578055976506316,-0.9519521091370701
1789846541.951583,0.1352691650390625,0.00836181640625,-1.0621185302734375,0.07309410302542171,-0.025190081499955056,-0.9739853933643436
1789846542.050901,0.21173095703125,0.1340179443359375,-1.0868682861328125,0.10082147382658738,0.0066515236672234565,-0.9965619719180375
1789846542.150388,0.0154266357421875,0.0028533935546875,-0.9105682373046875,0.0837425062097074,0.005891897644716265,-0.9793632249953675
1789846542.250052,0.095947265625,-0.01959228515625,-0.802642822265625,0.08618345809276592,0.0007950610845230124,-0.9440191444494191
1789846542.349776,0.0437164306640625,-0.0354156494140625,-0.67156982421875,0.07769005260702525,-0.006447081015194091,-0.8895292804032854
1789846542.449584,0.081390380859375,0.068115234375,-0.9763641357421875,0.0784301182574952,0.008465382062844728,-0.9068962514710659
1789846542.548692,0.09808349609375,-0.10858154296875,-0.9303741455078125,0.08236079382474616,-0.014944002943474217,-0.9115918302784153
1789846542.648118,0.0290374755859375,-0.004150390625,-1.0334014892578125,0.07169613017698444,-0.012785280479779374,-0.9359537620742948
1789846542.747762,0.026702880859375,0.06207275390625,-0.9796295166015625,0.06269748031346256,0.0021863263974265003,-0.9446889129797484
1789846542.847231,0.070587158203125,0.0783233642578125,-1.141571044921875,0.06427541589139506,0.017413733969503704,-0.9840653393681739
1789846542.946711,0.0519561767578125,0.0652618408203125,-0.931396484375,0.06181156806467855,0.026983355339665463,-0.9735315683695391
1789846543.046114,0.044769287109375,0.012359619140625,-1.04345703125,0.058403111873617845,0.02405860809985737,-0.9875166609456314
1789846543.145904,0.0570068359375,-0.0336761474609375,-1.0285491943359375,0.058123856686394276,0.012511656987698398,-0.9957231676236927
1789846543.245322,0.063079833984375,0.00933837890625,-1.0095977783203125,0.05911505214599043,0.01187700137140872,-0.9984980897630167
1789846543.354631,0.060302734375,-0.0227203369140625,-1.0151519775390625,0.05935258859179235,0.004957533714314477,-1.0018288673182258
1789846543.454109,0.039215087890625,0.0092010498046875,-1.09942626953125,0.05532508845155888,0.005806236932389082,-1.0213483477608307
1789846543.5535789,0.061859130859375,0.057220458984375,-1.0487518310546875,0.05663189693312211,0.016089081342786266,-1.0268290444196022
1789846543.653212,0.045074462890625,0.046966552734375,-1.0070037841796875,0.054320410124622694,0.022264575621104014,-1.0228639923716192
1789846543.752706,0.053497314453125,0.05303955078125,-1.03466796875,0.05415579099032315,0.028419570653133212,-1.0252247876472955
1789846543.852257,0.0476226806640625,-0.0367431640625,-0.9767913818359375,0.05284916892507102,0.015387023710006572,-1.015538106485024
1789846543.951724,0.0798492431640625,-0.08282470703125,-0.8988189697265625,0.05824918377286932,-0.004255322438244743,-0.9921942791333317
1789846544.051312,0.03326416015625,-0.07086181640625,-0.951202392578125,0.05325217904954546,-0.017576621231845797,-0.9839959018222904
1789846544.150968,0.031219482421875,0.0082244873046875,-0.8874969482421875,0.048845639724011375,-0.01241639952453914,-0.9646961111062698
1789846544.250255,0.03985595703125,-0.0117645263671875,-1.1619110107421875,0.0470477031854591,-0.012286024893068813,-1.0041390910334536
1789846544.349691,0.059814453125,-0.0234832763671875,-1.077545166015625,0.049601053173367285,-0.014525475187892552,-1.018820306029888
1789846544.449707,0.0420684814453125,0.1165008544921875,-1.1352691650390625,0.048094538827756335,0.011679790748123458,-1.042110077831723
1789846544.5492558,0.0727996826171875,0.032073974609375,-0.9931182861328125,0.05303556758564257,0.015758627520373766,-1.032311719491941
1789846544.6483989,0.0094757080078125,-0.0987091064453125,-0.96710205078125,0.04432359567007656,-0.007134919272763489,-1.0192697857498028
1789846544.747935,0.0314178466796875,-0.068145751953125,-0.9188079833984375,0.04174244587199875,-0.019337085808835794,-0.9991774252795298
1789846544.847502,0.03753662109375,0.0362396240234375,-1.0226593017578125,0.040901280916349,-0.008221743842381135,-1.0038738005751864
1789846544.947072,0.0810699462890625,0.025238037109375,-0.9282684326171875,0.0489350139908917,-0.0015297876520299087,-0.9887527269835866
1789846545.0464401,0.0748443603515625,-0.0185699462890625,-0.9573516845703125,0.05411688326302586,-0.004937819379436427,-0.9824725185009318
1789846545.14615,0.0583343505859375,-0.044464111328125,-1.04443359375,0.054960376727608194,-0.012843077769174142,-0.9948647335507455
1789846545.2453609,0.055267333984375,-0.0259552001953125,-1.0199432373046875,0.05502176817896156,-0.015465502254401815,-0.9998804343015338
1789846545.345059,0.054473876953125,-0.0498046875,-0.9673614501953125,0.05491218993379425,-0.02233333930352145,-0.9933766374802896
1789846545.444592,0.0217437744140625,0.0319366455078125,-1.091094970703125,0.048278506829847904,-0.011479342341254662,-1.0129203041248567
1789846545.544186,0.048370361328125,-0.0736541748046875,-0.8533172607421875,0.04829687772950333,-0.02391430883394123,-0.9809996954483229
1789846545.643721,0.0571746826171875,-0.0250701904296875,-1.0251007080078125,0.050072438707040166,-0.024145485153090486,-0.9898198979602209
1789846545.743085,0.080108642578125,-0.0552825927734375,-0.875946044921875,0.05607967948125714,-0.03037290667715989,-0.9670451273525518
1789846545.84276,0.0477294921875,0.09906005859375,-1.0242919921875,0.054409642022505714,-0.004486313622977911,-0.9784945003195414
1789846545.942472,0.046142578125,0.02978515625,-1.0606536865234375,0.052756229243004577,0.0023679803516176716,-0.9949263375603208
1789846546.041826,0.0472412109375,0.082305908203125,-1.2059783935546875,0.05165322558190366,0.018355565921919136,-1.037136748759194
1789846546.146071,-0.0283355712890625,-0.056365966796875,-1.0929718017578125,0.03565546620771043,0.0034112593781603084,-1.0483037593589177
1789846546.245697,0.0373382568359375,-0.0619049072265625,-0.977142333984375,0.03599202433335585,-0.009651973942784255,-1.0340714742840094
1789846546.3451052,0.0625152587890625,0.045074462890625,-1.0061798095703125,0.04129667122449718,0.0012933134238975966,-1.0284931413412701
1789846546.4449081,-0.0356597900390625,-0.0473480224609375,-1.0707244873046875,0.025905378971785242,-0.008434953753069423,-1.0369394105339536
1789846546.5442681,0.094757080078125,-0.0125274658203125,-0.5106658935546875,0.0396757191930532,-0.009253456166518039,-0.9316847071381004
1789846546.643836,-0.012603759765625,0.0208740234375,-1.1385345458984375,0.029219823401317558,-0.0032279602457144316,-0.9730546748901678
1789846546.743545,0.056732177734375,-0.0538787841796875,-1.0733489990234375,0.03472229426792905,-0.013358125032509046,-0.9931135397168218
1789846546.8428202,0.0596923828125,-0.2371826171875,-1.02154541015625,0.03971631197684324,-0.05812302346350724,-0.9987999138047075
1789846546.94249,0.027435302734375,-0.1659393310546875,-0.961700439453125,0.037260110128349594,-0.0796862849817433,-0.9913800189343911
1789846547.0419369,0.022705078125,0.1143798828125,-1.177825927734375,0.03434910372767968,-0.04087305142289464,-1.028669200694388
1789846547.141473,0.0366363525390625,0.1036529541015625,-1.1839141845703125,0.034806553489956246,-0.011967850318003213,-1.059718197469573
1789846547.240961,0.060821533203125,-0.0375213623046875,-0.9593963623046875,0.04000954943259,-0.017078552715340072,-1.0396538304365959
1789846547.340411,0.0707855224609375,-0.0581512451171875,-0.9471588134765625,0.0461647440382595,-0.02529309119570956,-1.0211548270445894
1789846547.440184,0.0950927734375,-0.09661865234375,-0.948699951171875,0.0559503499181076,-0.03955820342531765,-1.0066638518700466
1789846547.5394979,0.054351806640625,-0.07318115234375,-0.9557037353515625,0.05563064126261109,-0.04628279320900412,-0.9964718285663497
1789846547.6391978,0.0392303466796875,0.0260009765625,-1.1006622314453125,0.05235058234602637,-0.031826039254703294,-1.0173099091421425
1789846547.7388082,0.06866455078125,0.07342529296875,-1.3486480712890625,0.055613376033071094,-0.010775772810012636,-1.0835775415715265
1789846547.838076,0.0469970703125,-0.0494537353515625,-0.93963623046875,0.053890114888956876,-0.01851136531832261,-1.0547892793509712
1789846547.937625,0.052642822265625,0.0157928466796875,-1.0614776611328125,0.0536406563642905,-0.01165052291872059,-1.0561269557073394
1789846548.037136,-0.0131988525390625,-0.1328277587890625,-1.0679473876953125,0.0402727545836199,-0.035885970092788974,-1.058491042104934
1789846548.1365561,0.022735595703125,-0.0087738037109375,-1.074493408203125,0.03676532280752092,-0.030463536816418682,-1.0616915153245723
1789846548.236171,0.01220703125,-0.0303192138671875,-0.9825592041015625,0.03185366449601674,-0.030434672226572448,-1.0458650530799705
1789846548.335779,0.0699310302734375,-0.0138702392578125,-1.0406341552734375,0.03946913765150089,-0.027121785632820458,-1.0448188735186639
1789846548.4351811,0.0535736083984375,-0.0590362548828125,-1.0348968505859375,0.04229003180088821,-0.03350467948281887,-1.0428344689321187
1789846548.534682,0.0575714111328125,-0.056793212890625,-1.0606689453125,0.045346307667273066,-0.0381623861643801,-1.046401364208195
1789846548.634118,0.0441741943359375,0.004486083984375,-1.050079345703125,0.04511188500100596,-0.02963269213462908,-1.0471369605071812
1789846548.734097,0.04571533203125,-0.0545654296875,-0.931182861328125,0.04523257440705476,-0.03461923964520326,-1.02394614067137
1789846548.833212,0.015777587890625,-0.0235595703125,-0.9494476318359375,0.039341577103768816,-0.03240730577866261,-1.0090464389042835
1789846548.9327369,0.00885009765625,0.1254730224609375,-0.97271728515625,0.03324328121426506,-0.0008312401307425873,-1.001780608154677
1789846549.032342,0.0491485595703125,0.0747833251953125,-0.9666900634765625,0.03642433688547454,0.014291672934468432,-0.9947624992190541
1789846549.131857,0.0609130859375,0.01995849609375,-0.968292236328125,0.04132208669587964,0.015425037566324747,-0.9894684466408683
1789846549.2313662,0.0119781494140625,0.0780181884765625,-1.0137786865234375,0.03545329923951621,0.0279436677483723,-0.9943304946173822
1789846549.3309178,0.0272216796875,0.0955963134765625,-0.9793701171875,0.033806975329112976,0.04147419689401034,-0.9913384191314059
1789846549.430509,0.0403900146484375,-0.02593994140625,-1.071868896484375,0.035123583192977884,0.02799136923395828,-1.0074445146019997
1789846549.529907,-0.0023956298828125,-0.0832672119140625,-1.0967254638671875,0.027619740577819806,0.005739653004354122,-1.0253007044550373
1789846549.629819,-0.0028533935546875,-0.048797607421875,-1.0805206298828125,0.021525113751318346,-0.005167799080891703,-1.0363446895405923
1789846549.7295,0.0125732421875,0.053466796875,-0.9881134033203125,0.019734739438554676,0.006559120110286638,-1.0266984322965365
1789846549.828651,-0.04974365234375,0.1240081787109375,-1.0461578369140625,0.005839061082093741,0.030048931830416813,-1.0305903132200418
1789846549.928168,-0.0549468994140625,-0.035186767578125,-1.0149688720703125,-0.006318131017137508,0.01700179194870845,-1.027466024990096
1789846550.027636,-0.0838775634765625,-0.0401153564453125,-1.0039215087890625,-0.02183001750902251,0.00557836226990426,-1.0227571217498894
1789846550.127094,-0.130401611328125,-0.1058502197265625,-1.107696533203125,-0.04354433627284301,-0.016707354129389094,-1.0397450040405365
1789846550.226829,-0.07843017578125,-0.0189361572265625,-1.0094757080078125,-0.05052150417452441,-0.017153114748823774,-1.0336911448339916
1789846550.3261209,-0.0667266845703125,0.0425872802734375,-0.97723388671875,-0.05376254025368203,-0.0052050357443715195,-1.0223996932109434
1789846550.4256601,-0.0407257080078125,-0.0443115234375,-0.8470001220703125,-0.05115517380450813,-0.013026333282997217,-0.9873197789828173
1789846550.525231,-0.0457916259765625,-0.0423126220703125,-0.784576416015625,-0.050082464238919,-0.018883591040460272,-0.9467711063893789
1789846550.624707,-0.0345458984375,-0.089874267578125,-1.1102447509765625,-0.04697515107863521,-0.033081726347993216,-0.9794658353068157
1789846550.72441,0.108367919921875,0.018218994140625,-0.95318603515625,-0.01590653687853317,-0.022821582250269576,-0.9742098752767027
1789846550.823769,0.02850341796875,-0.113372802734375,-0.765655517578125,-0.007024545909076535,-0.040931826347090666,-0.9324990037369871
1789846550.923167,0.0564727783203125,-0.04833984375,-0.9450531005859375,0.005674918936801273,-0.04241342982767253,-0.9350098231067773
1789846551.022769,0.00970458984375,0.033538818359375,-1.0149993896484375,0.0064808531181910186,-0.02722298019026303,-0.9510077364151094
1789846551.1222382,0.1130218505859375,-0.0217742919921875,-1.1837310791015625,0.027789052611740316,-0.026133242550647924,-0.9975524049524
1789846551.2217221,0.0487823486328125,-0.273712158203125,-0.7644805908203125,0.03198771181595476,-0.07564902568114334,-0.9509380421259825
1789846551.321296,0.152984619140625,-0.444000244140625,-0.630706787109375,0.056187093280888806,-0.1493192693730397,-0.8868917911226611
1789846551.420794,-0.0242767333984375,-0.0999755859375,-1.2935333251953125,0.040094327945023545,-0.13945053268593174,-0.9682200979371915
1789846551.5202708,-0.12255859375,-0.058746337890625,-0.6772613525390625,0.007563743606018837,-0.1233096937268704,-0.9100283488575658
1789846551.619905,-0.1800537109375,0.2166748046875,-1.3355712890625,-0.02995974730268493,-0.05531279404399632,-0.9951369368985528
1789846551.719466,0.01495361328125,-0.0581207275390625,-0.9600677490234375,-0.020977075185897948,-0.05587438074300956,-0.9881230993235298
1789846551.818809,-0.1283416748046875,-0.0145111083984375,-1.46429443359375,-0.04244999510965586,-0.047601726274095146,-1.083357366177574
1789846551.918483,-0.112091064453125,0.211395263671875,-1.376434326171875,-0.05637820897834969,0.004197671715098883,-1.1419727581764343
1789846552.0182528,-0.1532440185546875,-0.16497802734375,-1.17999267578125,-0.07575137089361726,-0.029637468096670894,-1.1495767416973974
1789846552.117422,0.1304931640625,0.4193878173828125,-0.8657684326171875,-0.03450246390239381,0.06016758899922578,-1.0928150798813554
1789846552.2170439,0.200408935546875,-0.127105712890625,-0.7359466552734375,0.012479815987459952,0.022712928621255624,-1.0214413949597718
1789846552.316461,0.0908050537109375,0.43829345703125,-1.514923095703125,0.028144863532155465,0.10582903430325451,-1.1201377351084425
1789846552.4160771,-0.388824462890625,0.15032958984375,-1.115081787109375,-0.055249001752400634,0.11472914541135362,-1.119126545508629
1789846552.515574,-0.06719970703125,-0.226531982421875,-0.7571563720703125,-0.057639142808170514,0.0464769198447079,-1.0467325108209657
1789846552.6150079,-0.0158538818359375,-0.2252044677734375,-0.802642822265625,-0.04928209061372392,-0.00785935767892118,-0.9979145731098976
1789846552.714435,0.052581787109375,-0.21124267578125,-1.0471343994140625,-0.02890931506910414,-0.048536021299386944,-1.0077585383707306
1789846552.814008,-0.111358642578125,0.2316131591796875,-0.9292144775390625,-0.04539918057090832,0.007493814796427946,-0.992049726204397
1789846552.913624,0.090057373046875,-0.4590606689453125,-0.819580078125,-0.01830786984735165,-0.08581708195192014,-0.9575557965885176
1789846553.013278,-0.05706787109375,0.1259918212890625,-0.9703369140625,-0.02605987009663132,-0.04345530130372361,-0.9601120200833142
1789846553.113138,0.0652313232421875,-0.13006591796875,-1.0908966064453125,-0.007801631428867556,-0.060777424636728895,-0.9862689373557139
1789846553.212397,0.2020416259765625,0.4903411865234375,-1.820343017578125,0.03416702005221846,0.04944629759530438,-1.153083753400196
1789846553.311939,-0.0384063720703125,0.571990966796875,-1.7014007568359375,0.019652341627712268,0.1539552314356185,-1.2627471540873445
1789846553.411128,0.1024322509765625,-0.0254669189453125,-1.0945892333984375,0.03620832349748232,0.1180708013594323,-1.229115569949563
1789846553.5106502,-0.023345947265625,0.0338897705078125,-1.1854095458984375,0.024297469344860857,0.10123459518910835,-1.220374365139338
1789846553.61031,-0.00640869140625,0.04937744140625,-0.9632568359375,0.018156237194638686,0.09086316443253668,-1.1689508592989704
1789846553.709872,-0.0513153076171875,0.0528411865234375,-0.9304962158203125,0.004261928232273449,0.08325876885071685,-1.121259930603239
1789846553.809609,-0.0419464111328125,-0.0694580078125,-0.961395263671875,-0.0049797396407437414,0.05271541351807348,-1.089286997216966
1789846553.909684,-0.0199127197265625,-0.0750732421875,-1.069671630859375,-0.007966335657907494,0.027157682376958786,-1.0853639239454478
1789846554.008877,-0.04827880859375,-0.0174560546875,-1.00970458984375,-0.016028830245075995,0.018234934964067032,-1.0702320571251083
1789846554.107922,-0.0840301513671875,0.0184326171875,-1.0776214599609375,-0.029629094469498296,0.01827447140875363,-1.0717099376922743
1789846554.2076669,-0.0720062255859375,-0.073486328125,-0.96343994140625,-0.03810452069278614,-7.768849799709779e-05,-1.0500559384350696
1789846554.307078,-0.0698089599609375,-0.055145263671875,-1.00738525390625,-0.04444540854641641,-0.01109120353277268,-1.0415218015293057
1789846554.406506,-0.0511322021484375,-0.122589111328125,-0.892120361328125,-0.04578276726682064,-0.03339078509184315,-1.0116415134890697
1789846554.506047,-0.0552978515625,-0.066558837890625,-1.0153656005859375,-0.04768578412595651,-0.04002439565159952,-1.0123863309084433
1789846554.605592,-0.06585693359375,-0.017730712890625,-0.9781494140625,-0.051320014019515206,-0.03556565909940462,-1.0055389475392547
1789846554.704989,-0.0521240234375,-0.0058746337890625,-1.061065673828125,-0.05148081590311217,-0.0296274540373362,-1.0166442927970287
1789846554.8044949,-0.06585693359375,0.039031982421875,-1.0576019287109375,-0.054356039441239734,-0.015895566745493965,-1.0248358199798104
1789846554.904104,-0.0404510498046875,-0.0241241455078125,-0.99212646484375,-0.05157504151392929,-0.017541282497957673,-1.0182939489525984
1789846555.003784,-0.03802490234375,-0.0170135498046875,-0.9259490966796875,-0.04886501367989344,-0.017435735959303637,-0.9998249784980162
1789846555.103063,-0.0525054931640625,-0.103759765625,-0.853851318359375,-0.04959310957672726,-0.03470054189244291,-0.970630246470288
1789846555.202649,-0.0739288330078125,-0.1109466552734375,-1.0037078857421875,-0.05446025426294431,-0.049949764568641836,-0.977245774324668
1789846555.302341,-0.08154296875,-0.00579833984375,-1.1004180908203125,-0.05987679716035545,-0.04111947962366347,-1.001880237623797
1789846555.4016771,-0.055633544921875,-0.0418243408203125,-1.063262939453125,-0.059028146712659366,-0.04126045186299328,-1.0141567779896627
1789846555.501145,-0.0424346923828125,-0.02105712890625,-1.041900634765625,-0.05570945584669,-0.03721978727164462,-1.0197055493448552
1789846555.6006951,-0.07843017578125,-0.03253173828125,-1.0381011962890625,-0.060253599833602005,-0.0362821774735657,-1.0233846787336969
1789846555.700249,-0.0894317626953125,-0.098297119140625,-0.98297119140625,-0.06608923240594411,-0.048685165806977564,-1.0153019812682076
1789846555.799819,-0.0712127685546875,-0.110626220703125,-1.0129241943359375,-0.06711393963569279,-0.061073376786207056,-1.0148264238817537
1789846555.8993258,-0.0825958251953125,-0.0344390869140625,-0.9856719970703125,-0.07021031674761674,-0.05574651881177815,-1.0089955385194656
1789846555.998928,-0.1094207763671875,0.0316162109375,-0.9825439453125,-0.07805240867153089,-0.038273972861922516,-1.0037052198780725
1789846556.0983791,-0.0943450927734375,0.047393798828125,-0.9773101806640625,-0.08131094549191221,-0.021140418523913015,-0.9984262120352706
1789846556.197815,-0.09619140625,-0.00042724609375,-0.971160888671875,-0.08428703764352978,-0.016997784037880413,-0.9929731473625916
1789846556.297595,-0.1234893798828125,-0.025177001953125,-0.9599456787109375,-0.09212750609138633,-0.01863362762092933,-0.9863676536322608
1789846556.39696,-0.133514404296875,-0.10272216796875,-0.9890289306640625,-0.10040488573248406,-0.03545133569049347,-0.9868999090386211
1789846556.496378,-0.12225341796875,-0.010772705078125,-1.1195526123046875,-0.10477459217973725,-0.030515609568019776,-1.0134304496918345
1789846556.5960832,-0.0994110107421875,-0.0179290771484375,-0.9955902099609375,-0.1037018758922273,-0.027998303084103324,-1.009862401745655
1789846556.695436,-0.1152801513671875,0.0221099853515625,-1.0265350341796875,-0.10601753098721935,-0.01797664539697016,-1.0131969282324615
1789846556.7950969,-0.13433837890625,0.01629638671875,-0.9714508056640625,-0.11168170057102549,-0.01112203897382613,-1.0048477037187817
1789846556.894518,-0.1482696533203125,-0.03118896484375,-0.925079345703125,-0.1189992911208829,-0.015135424147810904,-0.9888940321156505
1789846556.9939718,-0.152862548828125,-0.0579681396484375,-0.9659423828125,-0.12577194266233133,-0.023701967247936225,-0.9843037022550205
1789846557.093513,-0.1471099853515625,-0.024505615234375,-1.031280517578125,-0.13003955120017757,-0.02386269684522398,-0.9936990653196414
1789846557.1928911,-0.13739013671875,-0.019866943359375,-1.0717620849609375,-0.13150966830389205,-0.023063546148054188,-1.0093116692479007
1789846557.292758,-0.137115478515625,-0.0219573974609375,-1.0255279541015625,-0.13263083034623865,-0.02284231641063085,-1.012554926218633
1789846557.39219,-0.13433837890625,-0.0272674560546875,-1.013397216796875,-0.13297234005824093,-0.023727344339442184,-1.0127233843342816
1789846557.4915771,-0.1319732666015625,-0.08929443359375,-0.991455078125,-0.13277252536690526,-0.03684076219030375,-1.0084697230924253
1789846557.591229,-0.161895751953125,-0.040557861328125,-0.9177703857421875,-0.13859717068414923,-0.037584182017868,-0.9903298556223779
1789846557.700673,-0.1366424560546875,0.013671875,-0.9765625,-0.1382062277582569,-0.0273329706142944,-0.9875763844979023
1789846557.800273,-0.1586456298828125,-0.0140533447265625,-1.010894775390625,-0.142294108183168,-0.024677045436748025,-0.9922400626764469
1789846557.89959,-0.16351318359375,-0.0073089599609375,-0.942596435546875,-0.14653792326528442,-0.02120342834158592,-0.9823113372505327
1789846557.9991841,-0.1458892822265625,-0.021331787109375,-0.951995849609375,-0.14640819505754005,-0.021229100095143734,-0.9762482397223011
1789846558.098635,-0.141937255859375,-0.0640869140625,-0.984771728515625,-0.14551400721790705,-0.02980066288861499,-0.9779529374809659
1789846558.1981812,-0.1389617919921875,-0.06427001953125,-0.98028564453125,-0.14420356417276314,-0.03669453421714199,-0.9784194788910228
1789846558.2977781,-0.155548095703125,-0.079742431640625,-1.0152587890625,-0.14647247047883552,-0.045304113701838594,-0.9857873409253182
1789846558.3972359,-0.1476287841796875,-0.0660247802734375,-1.0116424560546875,-0.14670373321900593,-0.04944824701615838,-0.9909583639511921
1789846558.496805,-0.152557373046875,-0.100830078125,-0.99127197265625,-0.14787446118457975,-0.059724613237926716,-0.9910210856922037
1789846558.596241,-0.1644134521484375,-0.0784759521484375,-0.9954681396484375,-0.1511822593773513,-0.06347488102002888,-0.9919104964834505
1789846558.695881,-0.15032958984375,-0.0793914794921875,-1.0077972412109375,-0.15101172547063105,-0.0666582007144606,-0.995087845428948
1789846558.795532,-0.0656585693359375,-0.1100311279296875,-0.798431396484375,-0.13394109424369235,-0.07533278615750598,-0.9557565556400334
1789846558.895118,-0.127410888671875,-0.1306304931640625,-0.8650665283203125,-0.13263505312932888,-0.08639232755881729,-0.9376185501760892
1789846558.994514,-0.1631011962890625,-0.1437530517578125,-1.0341339111328125,-0.1387282817612756,-0.09786447239861633,-0.9569216223674338
1789846559.0939798,-0.188201904296875,-0.1649627685546875,-1.0323333740234375,-0.14862300626839547,-0.11128413162983058,-0.9720039726986346
1789846559.193538,-0.153350830078125,-0.2382049560546875,-0.7750701904296875,-0.14956857103034138,-0.13666829651480197,-0.9326172162448452
1789846559.2930079,-0.121368408203125,-0.17340087890625,-0.974609375,-0.14392853846489811,-0.1440148129930916,-0.9410156479958762
1789846559.3927898,-0.156005859375,-0.19305419921875,-0.924072265625,-0.1463440026469185,-0.1538226902382233,-0.937626971521701
1789846559.492234,-0.160980224609375,-0.1492156982421875,-1.023651123046875,-0.1492712470394098,-0.15290129183901613,-0.9548318018267359
1789846559.591432,-0.1732025146484375,-0.1897125244140625,-1.0264892578125,-0.15405750056121537,-0.1602635383540254,-0.9691632930238888
1789846559.690964,-0.1628570556640625,-0.1652374267578125,-1.00152587890625,-0.1558174115817848,-0.16125831603478286,-0.975635810200361
1789846559.790689,-0.12249755859375,-0.1819610595703125,-1.0165252685546875,-0.14915344098417785,-0.16539886474188878,-0.9838137018712264
1789846559.890064,-0.0872802734375,-0.2734832763671875,-0.989013671875,-0.13677880747484228,-0.18701574706694854,-0.9848536958719811
1789846559.98961,-0.0894317626953125,-0.2509765625,-1.0437774658203125,-0.12730939851893633,-0.19980791015355884,-0.9966384498616474
1789846560.0909948,-0.0958404541015625,-0.19415283203125,-1.04608154296875,-0.12101560963546157,-0.1986768945290971,-1.006527068483068
1789846560.1885328,-0.0677490234375,-0.2344512939453125,-1.0441436767578125,-0.11036229239586925,-0.20583177441234018,-1.014050390138017
1789846560.2880359,-0.0718536376953125,-0.2238616943359375,-1.0149078369140625,-0.10266056145575791,-0.20943775839705966,-1.014221879493226
1789846560.387599,-0.0670318603515625,-0.244903564453125,-1.009429931640625,-0.09553482123491884,-0.21653091960827275,-1.013263489922706
1789846560.487088,-0.0755462646484375,-0.263885498046875,-0.958282470703125,-0.09153710991762258,-0.22600183529599321,-1.0022672860787898
1789846560.5865989,-0.0537109375,-0.189422607421875,-1.00128173828125,-0.08397187543409806,-0.2186859897211696,-1.0020701765192819
1789846560.686112,0.0031280517578125,-0.149261474609375,-1.03375244140625,-0.06655188999571596,-0.20480108669881067,-1.0084066294966756
1789846560.785784,0.0024261474609375,-0.2077178955078125,-0.957611083984375,-0.052756282504385264,-0.20538444846061105,-0.9982475203942155
1789846560.88522,-0.0148468017578125,-0.21026611328125,-1.0211639404296875,-0.04517438635507071,-0.20636078142473885,-1.00283080440131
1789846560.9846249,0.0141448974609375,-0.2286376953125,-0.9495849609375,-0.03331052959186907,-0.2108161642022911,-0.992181635708548
1789846561.084368,0.00323486328125,-0.2735443115234375,-0.9707183837890625,-0.02600145101724526,-0.2233617936665204,-0.987888985324651
1789846561.183714,0.0183258056640625,-0.25238037109375,-1.0136871337890625,-0.01713599968098371,-0.22916550915196632,-0.9930486150175333
1789846561.283235,0.00616455078125,-0.2119598388671875,-1.011993408203125,-0.01247588958853697,-0.2257243750950106,-0.9968375736546516
1789846561.382681,-0.0058135986328125,-0.2271881103515625,-1.0183258056640625,-0.011143431397392076,-0.22601712214632097,-1.001135220056534
1789846561.482339,-0.0006256103515625,-0.2516937255859375,-0.9755401611328125,-0.009039867188226162,-0.2311524428342443,-0.9960162082717897
1789846561.5818849,0.0182037353515625,-0.310821533203125,-0.9416656494140625,-0.00359114668026843,-0.24708626090802044,-0.9851460965002443
1789846561.681423,0.0140380859375,-0.23541259765625,-1.0060272216796875,-6.530015671474439e-05,-0.24475152825766636,-0.9893223215361331
1789846561.781056,0.035919189453125,-0.218902587890625,-1.0306396484375,0.0071315977652532045,-0.2395817401842581,-0.9975857869164065
1789846561.880365,0.0569000244140625,-0.247528076171875,-1.0754241943359375,0.017085283095015065,-0.2411710073817815,-1.0131534684003127
1789846561.979804,0.032318115234375,-0.2501983642578125,-0.9992828369140625,0.020131849522887053,-0.2429764787569877,-1.0103793421030627
1789846562.07957,-0.00042724609375,-0.237457275390625,-0.96893310546875,0.016020030399559643,-0.24187263808371515,-1.0020900947762001
1789846562.178901,0.0009002685546875,-0.2187957763671875,-1.0745697021484375,0.012996078030585214,-0.23725726574040962,-1.0165860162506477
1789846562.2785501,0.0295257568359375,-0.232879638671875,-1.006103515625,0.016302013791655672,-0.2363817403267027,-1.0144895161255183
1789846562.378209,0.055694580078125,-0.171844482421875,-1.03271484375,0.02418052704894954,-0.22347428874573716,-1.0181345816504148
1789846562.477824,0.0464324951171875,-0.1496429443359375,-1.0413970947265625,0.028630920662597134,-0.20870801986377724,-1.0227870842656444
1789846562.5772781,0.0553741455078125,-0.160430908203125,-1.0477142333984375,0.03397956563164021,-0.19905259753164678,-1.0277725140922032
1789846562.67668,0.0428314208984375,-0.131378173828125,-0.9333038330078125,0.03574993668499967,-0.18551771279094242,-1.0088787778753252
1789846562.776386,0.039154052734375,-0.1566619873046875,-0.935333251953125,0.03643075989487474,-0.17974656769369143,-0.9941696726908852
1789846562.875726,0.052337646484375,-0.108428955078125,-0.981719970703125,0.03961213721277479,-0.16548304517057816,-0.9916797322933332
1789846562.975137,0.042938232421875,-0.0396728515625,-0.9893951416015625,0.04027735625459484,-0.14032100644896253,-0.991222814154979
1789846563.0747452,0.0607147216796875,-0.0006103515625,-1.0222015380859375,0.044364829339613374,-0.11237887547167003,-0.9974185589411708
1789846563.174306,0.052154541015625,0.0263671875,-1.0663909912109375,0.0459227716748157,-0.08462966287733602,-1.0112130453951242
1789846563.273874,0.0510711669921875,0.056884765625,-0.999664306640625,0.04695245073829006,-0.05632677717686881,-1.0089032976442245
1789846563.373218,0.052734375,0.096588134765625,-0.9621734619140625,0.048108835590632046,-0.02574379478837005,-0.9995573304981922
1789846563.4731,0.0553131103515625,0.085845947265625,-0.98333740234375,0.04954969054281814,-0.00342584637757104,-0.9963133448673038
1789846563.5722752,0.047943115234375,0.0704345703125,-0.9914398193359375,0.049228375481129516,0.011346236960443169,-0.9953386397610307
1789846563.6718578,0.0284271240234375,0.1341094970703125,-1.041595458984375,0.045068125189591114,0.03589888898241704,-1.0045900036056996
1789846563.771647,0.0233306884765625,0.1143341064453125,-1.033538818359375,0.040720637846985396,0.05158593247499614,-1.0103797665564347
1789846563.87098,0.0483245849609375,0.086761474609375,-0.994476318359375,0.04224142726977582,0.05862104090187191,-1.0071990769170227
1789846563.970436,0.041778564453125,0.198638916015625,-1.031951904296875,0.04214885470644565,0.08662461592462253,-1.0121496423929932
1789846564.0698562,0.030303955078125,0.19927978515625,-1.038116455078125,0.03977987478078153,0.10915564977094804,-1.0173430049300196
1789846564.169538,0.0467071533203125,0.126708984375,-1.039764404296875,0.04116533048868773,0.11266631669175843,-1.0218272848033907
1789846564.2694368,0.0507049560546875,0.168121337890625,-0.9874267578125,0.04307325560188768,0.12375732093153174,-1.0149471794052127
1789846564.368433,-0.014556884765625,0.2537078857421875,-0.9931182861328125,0.031547227528385145,0.1497474338936629,-1.0105814007507328
1789846564.468213,0.0368804931640625,0.2947235107421875,-1.002105712890625,0.032613880655520615,0.17874264926336783,-1.0088862631787112
1789846564.567517,0.040313720703125,0.3380584716796875,-0.984100341796875,0.034153848665041495,0.21060581374663176,-1.003929078902344
1789846564.667031,0.0469512939453125,0.398040771484375,-0.87872314453125,0.036713337721095696,0.24809280529418043,-0.9788878920281253
1789846564.7668061,0.00732421875,0.3747711181640625,-0.9334869384765625,0.030835513926876557,0.27342846786815683,-0.9698077013178128
1789846564.866216,-0.01898193359375,0.3408660888671875,-0.96954345703125,0.020872024422751247,0.286915992067963,-0.9697548524605003
1789846564.965589,-0.040618896484375,0.325897216796875,-0.98919677734375,0.008573840241325998,0.2947122370137454,-0.9736432374371503
1789846565.0651832,-0.0385284423828125,0.311798095703125,-1.05908203125,-0.000846616283501701,0.2981294087516213,-0.9907309961997203
1789846565.164635,-0.027130126953125,0.3369903564453125,-1.0859832763671875,-0.006103318417426361,0.30590159829035957,-1.0097814522332138
1789846565.264214,-0.0293121337890625,0.315582275390625,-1.0659637451171875,-0.01074508149175359,0.3078377337104127,-1.0210179108100086
1789846565.363896,-0.0232696533203125,0.3451995849609375,-0.9818267822265625,-0.013249995857465372,0.3153101039605176,-1.0131796850933195
1789846565.463286,-0.0581817626953125,0.3682708740234375,-1.000091552734375,-0.0222363492250348,0.32590225797310163,-1.0105620586215305
1789846565.56282,-0.0197906494140625,0.4821014404296875,-1.0459136962890625,-0.02174720926284034,0.3571420944644188,-1.017632386155037
1789846565.662353,-0.055633544921875,0.4906463623046875,-1.0381927490234375,-0.028524476394647273,0.38384294803247254,-1.021744458728717
1789846565.761936,-0.035980224609375,0.5423583984375,-1.0322113037109375,-0.03001562603759282,0.41554603811347807,-1.0238378277251612
1789846565.8614721,-0.0240325927734375,0.53070068359375,-1.0538330078125,-0.02881901938476176,0.4385769672095325,-1.029836863742629
1789846565.960894,-0.0517578125,0.4591522216796875,-1.040771484375,-0.03340677800780941,0.4426920181035635,-1.0320237878691032
1789846566.0605159,-0.0145111083984375,0.5589141845703125,-1.0666046142578125,-0.02962764408593503,0.4659364513969133,-1.038939953146845
1789846566.16005,-0.0115966796875,0.6121826171875,-1.1023712158203125,-0.026021451206248027,0.49518568455503065,-1.0516262056815386
1789846566.259702,-0.041748046875,0.4985504150390625,-1.0183563232421875,-0.029166770339998423,0.495858630651837,-1.0449722291936685
1789846566.359044,-0.0330963134765625,0.586151123046875,-1.0212860107421875,-0.029952678967311238,0.5139171291308446,-1.0402349855033723
1789846566.458506,-0.0274200439453125,0.475067138671875,-1.001800537109375,-0.029446151962911494,0.5061471310390507,-1.032548095824573
1789846566.5579882,-0.0594635009765625,0.3670654296875,-0.9573974609375,-0.035449621765641696,0.47833079076874063,-1.0175179688471585
1789846566.657423,-0.020721435546875,0.4912567138671875,-1.029144287109375,-0.03250398452188836,0.48091597538843,-1.0198432324996018
1789846566.7572641,-0.0009613037109375,0.4244537353515625,-0.9794921875,-0.026195448359698188,0.46962352738105656,-1.0117730234996816
1789846566.856495,-0.00390625,0.523468017578125,-1.0030364990234375,-0.021737608687758554,0.4803924254204703,-1.0100257186044328
1789846566.95605,-0.0099334716796875,0.47607421875,-1.0225677490234375,-0.019376781286144344,0.4795287840863762,-1.0125341246882338
1789846567.0555391,0.004180908203125,0.4135284423828125,-0.96893310546875,-0.014665243388290476,0.46632871574566354,-1.003813920844337
1789846567.155085,-0.03179931640625,0.373321533203125,-0.9470062255859375,-0.01809205799188238,0.4477272792371559,-0.9924523817926572
1789846567.254636,-0.0081329345703125,0.3986663818359375,-1.0646820068359375,-0.016100233307568403,0.43791509975691223,-1.0068983068013133
1789846567.3541589,-0.03216552734375,0.37322998046875,-0.933135986328125,-0.019313292114804724,0.42497807589927983,-0.9921458427066757
1789846567.4537659,0.0187835693359375,0.432830810546875,-1.011138916015625,-0.01169391982465628,0.4265486228287989,-0.9959444573684657
1789846567.553001,0.000152587890625,0.3182373046875,-0.938812255859375,-0.009324618281600024,0.40488635920053917,-0.9845180170666477
1789846567.652663,0.0068206787109375,0.35186767578125,-1.0783538818359375,-0.00609555888309252,0.39428262251668134,-1.0032851900205058
1789846567.752266,0.045318603515625,0.4038543701171875,-1.071319580078125,0.004187273596650984,0.3961969720367826,-1.0168920680320297
1789846567.8517609,0.01470947265625,0.342498779296875,-1.0469207763671875,0.0062917134085707874,0.3854573334888011,-1.0228978096990613
1789846567.9512649,0.01123046875,0.2932281494140625,-0.977630615234375,0.00727946447685663,0.36701149667385347,-1.0138443708061242
1789846568.050661,0.01031494140625,0.262298583984375,-1.044830322265625,0.007886559862735305,0.3460689141359578,-1.0200415610980245
1789846568.15027,0.00140380859375,0.1963348388671875,-0.9646148681640625,0.0065900096089382436,0.3161220990822038,-1.008956222511232
1789846568.249685,0.0059356689453125,0.26953125,-1.03326416015625,0.006459141476213096,0.30680392926576305,-1.0138178100402357
1789846568.3494492,0.0278778076171875,0.19720458984375,-1.029266357421875,0.010742874704407978,0.28488406138136046,-1.0169075195165636
1789846568.449151,0.0020599365234375,0.1263275146484375,-1.0165863037109375,0.009006287068213882,0.2531727520347759,-1.0168432763554385
1789846568.548281,0.03509521484375,0.0439605712890625,-1.02459716796875,0.014224072623321107,0.21133031588563325,-1.018394054678101
1789846568.6478748,0.026947021484375,0.00640869140625,-0.9575958251953125,0.01676866239553189,0.1703459909897566,-1.0062344087815434
1789846568.7475572,0.0102386474609375,-0.0190277099609375,-1.009796142578125,0.015462659408613012,0.1324712507996178,-1.0069467555408598
1789846568.846919,0.048675537109375,-0.0228729248046875,-0.9961090087890625,0.022105234948765408,0.10140241567875674,-1.0047792061905003
1789846568.9463248,0.036163330078125,0.0435028076171875,-1.05902099609375,0.02491685397463733,0.0898224940664429,-1.0156275641711503
1789846569.045953,0.053985595703125,0.0463714599609375,-1.0154266357421875,0.030730602320334865,0.08113228724534183,-1.0155873784853577
1789846569.145454,0.069580078125,-0.0244140625,-0.964019775390625,0.038500497481267895,0.06002301729627346,-1.0052738578664113
1789846569.244889,0.065643310546875,0.0126495361328125,-0.9127349853515625,0.04392906009438932,0.05054832106358127,-0.9867660833634416
1789846569.3444629,0.0725860595703125,-0.092529296875,-0.88031005859375,0.04966045998957396,0.02193279747586502,-0.9654748784095034
1789846569.4442182,0.0709991455078125,-0.0390167236328125,-1.06622314453125,0.05392819709322167,0.009742893254129515,-0.9856245316338528
1789846569.5435529,0.07696533203125,-0.0630340576171875,-0.992279052734375,0.05853562408082734,-0.004812496920133889,-0.9869554358539573
1789846569.64326,0.041900634765625,-0.0276031494140625,-1.02142333984375,0.05520862621778687,-0.00937062741891961,-0.9938490166519158
1789846569.7429261,0.07342529296875,-0.0362701416015625,-1.035888671875,0.0588519595679795,-0.014750530255448188,-1.0022569476965328
1789846569.842133,0.0677947998046875,-0.008209228515625,-1.00469970703125,0.0606405276153211,-0.013442269907483552,-1.0027454995634764
1789846569.9416761,0.06353759765625,-0.01409912109375,-0.962982177734375,0.061219941623506885,-0.013573640144736842,-0.9947928351976562
1789846570.0412521,0.0550689697265625,0.0202789306640625,-1.0272674560546875,0.059989747244118014,-0.006803125982976973,-1.0012877593690626
1789846570.1407819,0.0914764404296875,0.0291748046875,-1.0297698974609375,0.06628708588123192,0.00039246015111842145,-1.0069841869874376
1789846570.24013,0.0457000732421875,-0.0008544921875,-1.0154571533203125,0.06216968335342304,0.00014306968339473716,-1.0086787802540127
1789846570.3396811,0.048370361328125,0.0420074462890625,-1.0395660400390625,0.05940981894836343,0.00851594500452829,-1.0148562322110226
1789846570.439749,0.029144287109375,-0.0282745361328125,-0.984283447265625,0.05335671258056575,0.001157848777060132,-1.0087416752219431
1789846570.53881,0.0454559326171875,-0.0889129638671875,-0.9702301025390625,0.051776556587890106,-0.016856313751789396,-1.001039360685367
1789846570.6384048,0.05328369140625,-0.0584869384765625,-0.972412109375,0.05207798355156209,-0.025182438696744018,-0.9953139104232935
1789846570.7379088,0.0620880126953125,-0.0225677490234375,-1.0107421875,0.05407998938031218,-0.024659500762082714,-0.9983995658386349
1789846570.837308,0.06365966796875,-0.0250091552734375,-1.072845458984375,0.05599592509799975,-0.024729431664353672,-1.013288744467783
1789846570.936874,0.0540313720703125,-0.078369140625,-0.9551849365234375,0.0556030144924623,-0.035457373456482935,-1.001667982878914
1789846571.036593,0.055572509765625,-0.045318603515625,-1.020172119140625,0.055596913547094846,-0.037429619468311345,-1.0053688101312561
1789846571.135971,0.039215087890625,-0.0323028564453125,-0.9773101806640625,0.05232054841580088,-0.03640426686371158,-0.9997570842378175
1789846571.235389,0.0670166015625,-0.0455169677734375,-1.0404815673828125,0.05525975904514071,-0.038226807045656765,-1.0079019808668166
1789846571.3349051,0.0612335205078125,-0.0355072021484375,-0.9798583984375,0.05645451133767507,-0.037682886066212916,-1.0022932643809532
1789846571.43454,0.05133056640625,-0.0641021728515625,-0.9472503662109375,0.05542972235139006,-0.042966743423282834,-0.9912846847469502
1789846571.533912,0.04150390625,-0.0777435302734375,-0.9754638671875,0.052644559131112045,-0.049922100793313766,-0.9881205212350602
1789846571.633482,0.073944091796875,-0.0621795654296875,-0.991424560546875,0.056904465664264645,-0.052373593720588515,-0.9887813290974232
1789846571.733241,0.0572662353515625,-0.04754638671875,-1.0096893310546875,0.05697681960172422,-0.05140815232022082,-0.9929629294888762
1789846571.832505,0.0688323974609375,-0.0899810791015625,-0.980987548828125,0.059347935173566874,-0.05912273767648916,-0.990567853356726
1789846571.932056,0.064910888671875,-0.0130767822265625,-0.9282989501953125,0.060460525873228504,-0.04991354658650383,-0.9781140727244434
1789846572.031578,0.0654296875,-0.074249267578125,-0.9515533447265625,0.061454358198582804,-0.05478069078482807,-0.9728019271248673
1789846572.1311069,0.0451202392578125,-0.08209228515625,-0.9596710205078125,0.058187534410428746,-0.06024300965911246,-0.9701757458014564
1789846572.230668,0.044647216796875,-0.1393280029296875,-1.0087890625,0.055479470887718,-0.07606000831322747,-0.9778984091411652
1789846572.330152,0.0358734130859375,-0.166107177734375,-1.0134735107421875,0.0515582593273619,-0.09406944219745698,-0.9850134294613697
1789846572.429867,0.049957275390625,-0.107513427734375,-1.058013916015625,0.05123806254001452,-0.0967582393048406,-0.9996135267722208
1789846572.529429,0.084197998046875,-0.135498046875,-0.9391937255859375,0.05783004964138662,-0.10450620081887248,-0.9875295665349642
1789846572.629113,0.0153045654296875,-0.275970458984375,-0.7529449462890625,0.0493249527990468,-0.138799052451973,-0.9406126424857839
1789846572.728374,0.0297393798828125,-0.074249267578125,-1.015838623046875,0.045407838215799946,-0.1258890954772034,-0.9556578385980022
1789846572.827923,-0.1322174072265625,-0.2899169921875,-0.6306610107421875,0.009882789127327457,-0.15869467481926272,-0.8906584730268394
1789846572.9273582,0.11419677734375,-0.2150115966796875,-1.078948974609375,0.03074558677061197,-0.16995805919134768,-0.9283165733433466
1789846573.0270638,0.002593994140625,-0.1952972412109375,-1.02056884765625,0.025115268244614575,-0.17502589559526566,-0.9467670282059274
1789846573.126369,0.00543212890625,-0.061370849609375,-1.0852813720703125,0.02117864037694166,-0.15229488639808753,-0.9744698969788045
1789846573.226013,0.1526641845703125,-0.0267181396484375,-1.0572509765625,0.04747574921561583,-0.12717953704815754,-0.9910261128955437
1789846573.325564,0.0517730712890625,-0.05133056640625,-0.9307403564453125,0.048335213630305164,-0.11200974291977604,-0.9789689616054975
1789846573.424933,0.1379547119140625,0.01239013671875,-1.0896759033203125,0.06625911328705664,-0.08712976699207084,-1.0011103499484606
1789846573.52443,0.1075439453125,-0.023681640625,-1.1329498291015625,0.07451607969214531,-0.07444014171865666,-1.027478245779081
1789846573.624035,0.0754547119140625,0.072113037109375,-0.7975006103515625,0.07470380613652874,-0.04512950595305033,-0.9814827186935773
1789846573.7236419,0.0574493408203125,0.1141204833984375,-1.1302947998046875,0.07125291307328549,-0.013279508082752765,-1.0112451349157994
1789846573.823003,0.079254150390625,0.083740234375,-0.950408935546875,0.07285316053675339,0.006124440408797789,-0.9990778950420145
1789846573.92248,-0.0673980712890625,-0.0671844482421875,-0.9293365478515625,0.044802914171590213,-0.008537337321399269,-0.9851296256039241
1789846574.0222778,0.0132598876953125,-0.13751220703125,-0.728271484375,0.038494308876334676,-0.034332311263369414,-0.9337579973581394
1789846574.1215138,-0.0420379638671875,-0.1937255859375,-0.868316650390625,0.02238785432763024,-0.06621096619819554,-0.9206697279646365
1789846574.2209802,-0.1293487548828125,-0.1430206298828125,-1.1311187744140625,-0.007959467514458307,-0.08157289893511893,-0.9627595372545218
1789846574.3207989,-0.053680419921875,-0.07958984375,-1.11663818359375,-0.017103657995941646,-0.08117628789809514,-0.9935352665223675
1789846574.420059,-0.0650634765625,-0.1048583984375,-1.2138824462890625,-0.02669562170925332,-0.08591271000597611,-1.0376047024757065
1789846574.519589,0.0846710205078125,-0.0832366943359375,-0.7057342529296875,-0.004422293265840156,-0.08537750687196839,-0.9712306125665027
1789846574.619144,-0.046478271484375,0.0102691650390625,-0.8177642822265625,-0.012833488909547126,-0.06624817248976221,-0.9405373464985146
1789846574.718596,-0.1487579345703125,0.00750732421875,-0.9982452392578125,-0.040018378041700206,-0.05149707314805977,-0.9520789250503743
1789846574.818192,-0.07269287109375,-0.2257232666015625,-1.1498565673828125,-0.04655327665211017,-0.08634231183876032,-0.991634453516862
1789846574.917663,-0.1200714111328125,-0.2707366943359375,-0.8756103515625,-0.06125690354825064,-0.12322118833819576,-0.9684296331259896
1789846575.017158,-0.03802490234375,-0.1666412353515625,-1.048828125,-0.05661050330735052,-0.13190519774086912,-0.9845093315007918
1789846575.116751,-0.1128692626953125,-0.1132049560546875,-1.007537841796875,-0.06786225518494292,-0.1281651494036328,-0.9891150335600085
1789846575.216305,-0.0958251953125,0.027557373046875,-0.9891357421875,-0.07345484321045434,-0.09702064491353125,-0.9891191752855069
1789846575.315886,-0.1162261962890625,0.0622711181640625,-0.8826751708984375,-0.08200911382617598,-0.06516229229801251,-0.967830374408093
1789846575.415199,-0.1351165771484375,-0.096832275390625,-0.82135009765625,-0.09263060649062829,-0.07149628891653502,-0.9385343190577244
1789846575.514874,-0.054046630859375,0.4334869384765625,-1.5149993896484375,-0.08491381136437764,0.02950035656208448,-1.053827333175867
1789846575.614454,-0.0783843994140625,0.0437774658203125,-1.087554931640625,-0.08360792897431463,0.03235577841373009,-1.0605728528688185
1789846575.7136521,-0.0477142333984375,-0.0664825439453125,-1.17669677734375,-0.07642918985913921,0.01258811394192157,-1.0837976377638048
1789846575.8132858,-0.051971435546875,-0.0208587646484375,-0.8817291259765625,-0.07153763899668637,0.005898738223849756,-1.0433839354063563
1789846575.912986,-0.1107635498046875,0.0017242431640625,-0.9590301513671875,-0.0793828211582866,0.0050638392118923055,-1.0265131785985226
1789846576.012569,-0.0691680908203125,-0.1187591552734375,-0.9073638916015625,-0.07733987509069179,-0.01970075968517366,-1.0026833211991306
1789846576.112323,-0.0977935791015625,-0.0704345703125,-1.0245513916015625,-0.08143061589286593,-0.02984752181063893,-1.007056935279617
1789846576.211509,-0.132080078125,-0.170562744140625,-0.98773193359375,-0.09156050833929275,-0.057990566276636145,-1.0031919349424436
1789846576.3112922,-0.122711181640625,-0.1993255615234375,-0.8755645751953125,-0.0977906429995592,-0.08625756532599643,-0.9776664629930174
1789846576.410316,-0.1145477294921875,0.008056640625,-0.979705810546875,-0.10114206029808487,-0.06739472413579714,-0.9780743325037891
1789846576.509879,-0.0729827880859375,-0.05731201171875,-0.9085540771484375,-0.09551020585565541,-0.06537818165238772,-0.9641702814327188
1789846576.609734,-0.11279296875,-0.05987548828125,-1.01336669921875,-0.09896675843452432,-0.06427764297816017,-0.9740095649899251
1789846576.709488,-0.1438140869140625,0.032623291015625,-0.809112548828125,-0.10793622413043197,-0.04489745617940314,-0.9410301617575652
1789846576.808974,-0.11651611328125,-0.1250152587890625,-0.8465728759765625,-0.10965220196059558,-0.06092101670133501,-0.9221387046013647
1789846576.908206,-0.1676788330078125,-0.02667236328125,-1.052703857421875,-0.12125752817003897,-0.05407128601731801,-0.9482517351654668
1789846577.007738,-0.1917724609375,-0.03924560546875,-0.9442138671875,-0.1353605147235312,-0.05110614990760441,-0.9474441615698734
1789846577.107182,-0.143951416015625,-0.105560302734375,-1.09185791015625,-0.13707869498194997,-0.06199698047295854,-0.9763269112871489
1789846577.20663,-0.1049041748046875,-0.2002410888671875,-0.8499755859375,-0.13064379094649747,-0.08964580215180434,-0.9510566462172192
1789846577.306604,-0.157501220703125,-0.1447906494140625,-0.9871826171875,-0.13601527689782297,-0.10067477160425597,-0.9582818404112754
1789846577.405859,-0.2334442138671875,-0.1345367431640625,-0.966705322265625,-0.15550106429169588,-0.10744716591621728,-0.9599665367821454
1789846577.505265,-0.1493377685546875,-0.127593994140625,-0.8966064453125,-0.1542684051442942,-0.11147653156109882,-0.9472945184882163
1789846577.604783,-0.3197021484375,-0.0769195556640625,-0.7950592041015625,-0.18735515380293538,-0.10456513638169156,-0.9168474556108857
1789846577.704349,-0.2161407470703125,-0.09600830078125,-0.965576171875,-0.1931122724564108,-0.10285376926160325,-0.9265931988637086
1789846577.803853,-0.217926025390625,-0.275634765625,-0.831268310546875,-0.19807502304325364,-0.1374099685342826,-0.9075282212003419
1789846577.903335,-0.220123291015625,-0.173980712890625,-0.9026641845703125,-0.20248467663772793,-0.1447241174055511,-0.9065554138743361
1789846578.002996,-0.234527587890625,-0.072174072265625,-0.8787078857421875,-0.20889325888830734,-0.1302141083775659,-0.9009859082479065
1789846578.102322,-0.1932525634765625,0.011138916015625,-1.04931640625,-0.20576511980595838,-0.10194350349892772,-0.9306520078483252
1789846578.201899,-0.167022705078125,-0.0379638671875,-1.0103607177734375,-0.19801663686039173,-0.08914757623664218,-0.9465937498333478
1789846578.301645,-0.1172027587890625,-0.0672149658203125,-0.9553680419921875,-0.1818538612461259,-0.08476105415337624,-0.9483486082651158
1789846578.400852,-0.195892333984375,0.0697021484375,-1.002349853515625,-0.18466155579377574,-0.053868413635201,-0.9591488573152177
1789846578.50051,-0.0934906005859375,-0.0369110107421875,-0.9539947509765625,-0.1664273647522081,-0.050476933056598304,-0.9581180360474868
1789846578.5999808,-0.175628662109375,0.03387451171875,-1.0169830322265625,-0.16826762422364147,-0.033606644101528645,-0.969891035283302
1789846578.699435,-0.2230072021484375,0.013397216796875,-0.8797454833984375,-0.1792155398086007,-0.024205871921847914,-0.9518619249063291
1789846578.7989411,-0.2437744140625,-0.0274505615234375,-0.9605255126953125,-0.19212731465938057,-0.024854809842165832,-0.953594642464126
1789846578.8983788,-0.159332275390625,0.0199432373046875,-0.9260406494140625,-0.18556830680562947,-0.015895200412795164,-0.9480838438541134
1789846578.997982,-0.173553466796875,-0.049072265625,-1.0572052001953125,-0.18316533880387859,-0.02253061345523613,-0.9699081151223532
1789846579.097512,-0.1237030029296875,0.05615234375,-1.103790283203125,-0.17127287162904037,-0.006794022014188907,-0.9966845487385075
1789846579.1971679,-0.160186767578125,-0.1479339599609375,-0.8763275146484375,-0.16905565081885732,-0.03502200960353863,-0.9726131419204935
1789846579.296768,-0.1305999755859375,-0.024169921875,-0.9478302001953125,-0.16136451577227334,-0.032851592057830906,-0.9676565535754574
1789846579.396127,-0.1007232666015625,0.055389404296875,-1.1036376953125,-0.1492362659381312,-0.015203392786889727,-0.994852781922866
1789846579.495606,-0.135467529296875,-0.0316162109375,-1.001800537109375,-0.14648251860987996,-0.018485956417011784,-0.9962423329601678
1789846579.595099,-0.113128662109375,-0.0728302001953125,-1.09539794921875,-0.13981174730977897,-0.02935480517267193,-1.0160734562118843
1789846579.694891,-0.089752197265625,0.085052490234375,-1.0230712890625,-0.12979983730094818,-0.0064733460912625475,-1.0174730227820075
1789846579.794273,-0.0910797119140625,-0.0089111328125,-0.950225830078125,-0.12205581222357105,-0.006960903435510039,-1.004023584241231
1789846579.89365,-0.0878448486328125,-0.09210205078125,-0.9030609130859375,-0.11521361950541933,-0.023989132904658032,-0.9838310500101723
1789846579.993561,-0.1297607421875,-0.070404052734375,-1.0565643310546875,-0.11812304404183548,-0.03327211687060143,-0.9983777062190754
1789846580.0931358,-0.12811279296875,-0.13299560546875,-1.0088348388671875,-0.12012099382721839,-0.05321681459023114,-1.0004691327486979
1789846580.192488,-0.1304473876953125,-0.10638427734375,-0.8798980712890625,-0.12218627260083721,-0.06385030714093493,-0.9763549204567709
1789846580.2920861,-0.07000732421875,0.057708740234375,-0.8877716064453125,-0.11175048292441978,-0.03953849766587294,-0.9586382576544792
1789846580.391376,-0.109283447265625,-0.102203369140625,-0.9503021240234375,-0.11125707579266084,-0.05207147196082336,-0.956971030928271
1789846580.490759,-0.15362548828125,-0.2988739013671875,-0.8570709228515625,-0.11973075829037869,-0.10143195784209619,-0.9369910093129293
1789846580.590724,-0.1671600341796875,-0.17047119140625,-0.8930511474609375,-0.12921661346824045,-0.11523980455492697,-0.928203036942531
1789846580.689927,-0.026031494140625,-0.1457977294921875,-0.717803955078125,-0.10857958960271737,-0.12135138954237908,-0.8861232205696499
1789846580.789353,-0.1937713623046875,-0.464813232421875,-0.73162841796875,-0.1256179441431114,-0.19004375811827828,-0.8552242600494699
1789846580.889235,-0.1176910400390625,-0.0711517333984375,-0.99322509765625,-0.12403256332230163,-0.16626535317431015,-0.882824427570826
1789846580.98872,-0.1192474365234375,-0.0991058349609375,-1.08453369140625,-0.1230755379625288,-0.15283344953163563,-0.9231662803379108
1789846581.0879412,-0.1487579345703125,-0.066070556640625,-1.2617340087890625,-0.12821201728408554,-0.13548087095343353,-0.9908798260281413
1789846581.1874108,-0.1836395263671875,0.2006378173828125,-1.1807403564453125,-0.13929751910070592,-0.06825713328618432,-1.0288519321115757
1789846581.2871351,-0.171234130859375,0.1431427001953125,-1.1249542236328125,-0.14568484145243973,-0.02597716658988496,-1.0480723904158231
1789846581.386528,-0.07421875,-0.0560302734375,-0.9307708740234375,-0.1313916231619518,-0.03198778795940797,-1.024612087137346
1789846581.485975,-0.0600738525390625,-0.099700927734375,-1.0229644775390625,-0.11712806903737394,-0.04553041591440138,-1.0242825652176895
1789846581.585444,-0.1644287109375,-0.0742645263671875,-0.797393798828125,-0.12658819741739916,-0.051277238004958606,-0.9789048119397766
1789846581.685019,-0.1822357177734375,0.1116180419921875,-0.864898681640625,-0.13771770148860682,-0.01869818200552939,-0.9561035858799464
1789846581.7845612,-0.1602935791015625,-0.027618408203125,-1.0195159912109375,-0.14223287701119797,-0.020482227245048515,-0.9687860669461447
1789846581.883994,-0.1491546630859375,0.091766357421875,-1.0265045166015625,-0.14361723422614586,0.001967489688336186,-0.9803297568772282
1789846581.983531,-0.249359130859375,0.0125732421875,-1.061248779296875,-0.1647656135527917,0.004088640188168949,-0.9965135613611577
1789846582.083099,-0.1893310546875,-0.089080810546875,-0.9673004150390625,-0.16967870177973338,-0.014545249958839842,-0.9906709320967386
1789846582.182644,-0.030303955078125,-0.22125244140625,-0.952117919921875,-0.1418037524394117,-0.055886688248321874,-0.9829603296617659
1789846582.282217,-0.1074676513671875,-0.062255859375,-0.931488037109375,-0.13493653222496688,-0.0571605224736575,-0.9726658711512879
1789846582.381639,-0.122802734375,0.084930419921875,-1.0200347900390625,-0.13250977265497352,-0.028742333994551002,-0.9821396549288429
1789846582.486139,-0.1043701171875,-0.0198974609375,-1.0673980712890625,-0.1268818415614788,-0.026973359383140803,-0.9991913382008869
1789846582.585696,-0.17889404296875,-0.077392578125,-1.070831298828125,-0.13728428184293306,-0.037057203131512645,-1.0135193303263346
1789846582.685083,-0.0827789306640625,-0.185760498046875,-0.950958251953125,-0.12638321160715896,-0.06679786211458512,-1.0010071146516926
1789846582.784682,-0.1151123046875,-0.2197113037109375,-1.0035247802734375,-0.12412903022322717,-0.0973805504338556,-1.0015106477760416
1789846582.884351,-0.1282806396484375,-0.1418609619140625,-0.920745849609375,-0.12495935210826925,-0.10627663272989699,-0.9853576881427083
1789846582.983619,-0.1478271484375,-0.118896484375,-0.9564971923828125,-0.1295329113741154,-0.10880060305891759,-0.9795855889907292
1789846583.0832639,-0.1587371826171875,-0.13812255859375,-0.9662017822265625,-0.13537376562272982,-0.11466499416588408,-0.9769088276378959
1789846583.182866,-0.13519287109375,-0.1771087646484375,-0.999847412109375,-0.13533758671693386,-0.12715374826239476,-0.9814965445321917
1789846583.282284,-0.105682373046875,-0.2204742431640625,-0.959991455078125,-0.1294065439829221,-0.1458178472427283,-0.9771955266413784
1789846583.381864,-0.1252899169921875,-0.14385986328125,-0.9878692626953125,-0.12858321858477517,-0.14542625045043264,-0.9793302738521652
1789846583.481421,-0.1472320556640625,-0.1031494140625,-0.9633636474609375,-0.13231298600063263,-0.13697088317284611,-0.9761369485739197
1789846583.5809278,-0.119720458984375,-0.216644287109375,-0.9771270751953125,-0.1297944805973811,-0.1529055639601519,-0.9763349738981983
1789846583.680438,-0.0959320068359375,-0.1553955078125,-0.974456787109375,-0.12302198584509239,-0.1534035527306215,-0.9759593365404338
1789846583.779993,-0.1309051513671875,-0.075775146484375,-1.11181640625,-0.12459861894951142,-0.1378778714813722,-1.003130750482347
1789846583.8796558,-0.137847900390625,-0.3336029052734375,-0.9359588623046875,-0.12724847523773414,-0.17702287823978527,-0.9896963728468152
1789846583.978951,-0.1234130859375,-0.159912109375,-1.0213775634765625,-0.12648139737768732,-0.17360072446682823,-0.9960326109727647
1789846584.078351,-0.1361846923828125,-0.035003662109375,-0.8622283935546875,-0.12842205637871235,-0.14588131199533758,-0.9692717674891493
1789846584.178076,-0.112518310546875,-0.332489013671875,-0.813507080078125,-0.1252413072123449,-0.18320285233064507,-0.9381188300069445
1789846584.2775111,-0.17578125,-0.120208740234375,-0.9431915283203125,-0.13534929576987592,-0.17060402991139106,-0.9391333696696181
1789846584.376841,-0.1157684326171875,-0.19415283203125,-0.9705352783203125,-0.13143312313933825,-0.17531379033536287,-0.945413751399757
1789846584.47687,-0.1224822998046875,-0.175262451171875,-1.0460052490234375,-0.12964295847240812,-0.17530352250266532,-0.9655320509244931
1789846584.576374,-0.09930419921875,-0.0433349609375,-0.9686737060546875,-0.12357520662167651,-0.14890981018963226,-0.966160381950532
1789846584.67557,-0.1270751953125,-0.0565338134765625,-0.9940032958984375,-0.12427520435984121,-0.1304346108470183,-0.9717289647401132
1789846584.7751288,-0.1538848876953125,-0.0550079345703125,-1.0337066650390625,-0.13019714102693547,-0.11534927559167714,-0.9841245047999031
1789846584.874701,-0.1329193115234375,-0.0593719482421875,-1.054443359375,-0.13074157512623588,-0.10415381012177921,-0.9981882757149225
1789846584.974236,-0.159637451171875,-0.174407958984375,-0.952239990234375,-0.1365207503353637,-0.11820463989429837,-0.9889986186188131
1789846585.0737681,-0.12359619140625,-0.129180908203125,-0.9579620361328125,-0.13393583854954097,-0.1203998935560637,-0.982791302121613
1789846585.173489,-0.10894775390625,-0.100128173828125,-1.0361328125,-0.12893822162088278,-0.11634554961047597,-0.9934596041972905
1789846585.2729259,-0.05615234375,-0.1519927978515625,-1.0360565185546875,-0.11438104604670624,-0.12347499925869328,-1.0019789870687699
1789846585.372373,-0.06268310546875,-0.0942230224609375,-1.01629638671875,-0.104041457931115,-0.11762460389914213,-1.004842466998766
1789846585.471973,-0.07257080078125,0.01483154296875,-1.0083465576171875,-0.097747326501142,-0.09113337452556372,-1.0055432851224504
1789846585.571377,-0.035247802734375,-0.03955078125,-1.0269622802734375,-0.0852474217477886,-0.08081685587045097,-1.009827084152648
1789846585.6707911,-0.036285400390625,-0.1137542724609375,-0.990814208984375,-0.07545501747635588,-0.08740433918854827,-1.0060245091189934
1789846585.77035,-0.021240234375,-0.2293243408203125,-0.90228271484375,-0.0646120608560847,-0.11578833951490113,-0.9852761502639448
1789846585.870002,-0.067779541015625,-0.137603759765625,-1.0513763427734375,-0.06524555688799277,-0.1201514235650459,-0.9984961887658433
1789846585.9693441,-0.0813751220703125,0.010467529296875,-1.0418243408203125,-0.06847146992445673,-0.09402763299266173,-1.007161819176737
1789846586.069281,-0.0099334716796875,0.2626495361328125,-1.0579681396484375,-0.05676387027550288,-0.022692199167566887,-1.0173230832710773
1789846586.168782,-0.1600341796875,0.056182861328125,-1.14068603515625,-0.0774179321579023,-0.006917187068428508,-1.041995673648112
1789846586.268145,-0.09521484375,-0.1662445068359375,-1.133331298828125,-0.08097731447632184,-0.038782651021930306,-1.0602627986841147
1789846586.367392,-0.0660247802734375,-0.37921142578125,-0.9656524658203125,-0.07798680763574498,-0.10686840597379425,-1.0413407321113541
1789846586.467177,-0.097259521484375,-0.03070068359375,-1.0300445556640625,-0.08184135040547098,-0.09163486149778541,-1.039081496821896
1789846586.5665689,-0.0753326416015625,-0.071044921875,-0.879302978515625,-0.08053960864468929,-0.08751687357322832,-1.0071257931606419
1789846586.6660008,-0.00396728515625,0.0343780517578125,-0.9376373291015625,-0.06522514394700143,-0.06313788850702015,-0.9932281003488261
1789846586.765588,-0.0560302734375,0.0228271484375,-0.9673309326171875,-0.06338616984510115,-0.04594488111811613,-0.9880486668024985
1789846586.865027,-0.0006561279296875,0.008941650390625,-1.0921630859375,-0.05084016146201842,-0.034967574816367905,-1.0088715506294987
1789846586.9644752,0.1044769287109375,0.1794281005859375,-0.9951171875,-0.01977674342742724,0.007911560264093176,-1.006120678003599
1789846587.0640569,0.1826324462890625,-0.067138671875,-1.078338623046875,0.02070509451587071,-0.007098486163725459,-1.0205642670122543
1789846587.1636271,0.047210693359375,-0.2563629150390625,-1.01837158203125,0.026006214284571567,-0.05695137193879287,-1.0201257300160536
1789846587.263233,0.0050048828125,-0.2479095458984375,-0.9369964599609375,0.021805947990157254,-0.09514300673072179,-1.0034998760050304
1789846587.362803,0.0258331298828125,0.04547119140625,-1.1239776611328125,0.022611384368688307,-0.06702016710332744,-1.027595433030587
1789846587.4624782,0.046630859375,-0.0423583984375,-1.112823486328125,0.027415279369950647,-0.06208781337016195,-1.0446410436900946
1789846587.561747,-0.019622802734375,0.02447509765625,-1.01239013671875,0.01800766294908552,-0.04477523116487956,-1.0381908622958258
1789846587.6615329,-0.0457000732421875,-0.082977294921875,-1.1129608154296875,0.005266115710830917,-0.05241564391627865,-1.0531448529225982
1789846587.7610102,0.096282958984375,0.0089263916015625,-1.008880615234375,0.023469484365539733,-0.04014723681271042,-1.0442920053849536
1789846587.860409,0.0633544921875,-0.1962432861328125,-1.0273895263671875,0.03144648592993179,-0.07136644667673084,-1.0409115095814003
1789846587.959779,-0.015869140625,-0.19549560546875,-0.915802001953125,0.02198336061894543,-0.09619227843513467,-1.0158896080557454
1789846588.059439,0.0863189697265625,-0.1751251220703125,-1.0941314697265625,0.034850482440468844,-0.11197884716217024,-1.031537980389909
1789846588.158961,-0.0173797607421875,-0.233062744140625,-0.6070404052734375,0.024404433803937576,-0.13619562655786122,-0.9466384653666147
1789846588.258609,0.1112518310546875,-0.418731689453125,-0.6094970703125,0.041773913254087566,-0.192702839136914,-0.8792101863557918
1789846588.358018,0.0234375,-0.082275390625,-1.054443359375,0.03810663060327006,-0.1706173494345312,-0.9142568209596336
1789846588.457535,0.0048370361328125,0.1450958251953125,-1.029296875,0.03145271170917855,-0.10747471450856246,-0.9372648317677068
1789846588.556851,-0.0542144775390625,-0.2177886962890625,-0.9885711669921875,0.014319273859530341,-0.12953751086466248,-0.947526098812603
1789846588.656431,-0.021026611328125,-0.28997802734375,-1.18243408203125,0.0072500968219992735,-0.16162561416048,-0.9945076954563324
1789846588.755949,0.05108642578125,-0.295379638671875,-1.055328369140625,0.01601736261384942,-0.188376419062759,-1.006671830193191
1789846588.855439,0.060028076171875,-0.0831146240234375,-0.88812255859375,0.024819505325454537,-0.16732406005489472,-0.9829619758733028
1789846588.955011,0.042083740234375,0.1121368408203125,-0.8834686279296875,0.02827235230723863,-0.11143187987985327,-0.9630633062845798
1789846589.054484,0.0045928955078125,0.16229248046875,-0.9797821044921875,0.023536460947353406,-0.05668700781013262,-0.9664070659261015
1789846589.154008,-0.048797607421875,0.1262359619140625,-1.064117431640625,0.009069647273507725,-0.020102413865293597,-0.9859491390690062
1789846589.253515,0.0705718994140625,0.001922607421875,-1.1269989013671875,0.02137009770161868,-0.015697409607859876,-1.0141590915286425
1789846589.3530002,0.058380126953125,-0.1286468505859375,-1.006378173828125,0.028772103551919948,-0.0382872978034754,-1.012602907988539
1789846589.452698,0.000274658203125,-0.135223388671875,-0.94146728515625,0.02307261448216096,-0.057674515977155325,-0.9983757834220812
1789846589.552006,-0.01611328125,-0.017547607421875,-0.9235992431640625,0.015235435335728766,-0.049649134266099265,-0.9834204753704776
1789846589.651492,-0.00372314453125,0.084197998046875,-0.98504638671875,0.011443719362333014,-0.02287970780350441,-0.9837456576401322
1789846589.751189,-0.048431396484375,-0.0078125,-1.0820770263671875,-0.0005313038070085888,-0.01986626624280353,-1.0034119313855432
1789846589.8506,-0.0047454833984375,-0.1112823486328125,-0.9122467041015625,-0.0013741397252943711,-0.03814948272080533,-0.9851788859287471
1789846589.950172,-0.0244293212890625,-0.017547607421875,-1.04241943359375,-0.005985176038047998,-0.03402910766101927,-0.9966269954617477
1789846590.0496879,-0.0097503662109375,0.0696258544921875,-1.0548095703125,-0.0067382140726258985,-0.013298115230377916,-1.0082635104318982
1789846590.14914,-0.01416015625,0.088165283203125,-1.06787109375,-0.00822260250810072,0.006994564456322669,-1.0201850270955186
1789846590.248983,0.05291748046875,0.0615386962890625,-0.86993408203125,0.004005414087269424,0.017903390822870638,-0.990134838082665
1789846590.3486052,-0.0488739013671875,-0.27288818359375,-0.9001007080078125,-0.006570449003621961,-0.040254924060453494,-0.9721280120676946
1789846590.447761,0.052825927734375,-0.088134765625,-1.0250701904296875,0.0053088263439774325,-0.0498308923733628,-0.9827164477400933
1789846590.547566,0.0119781494140625,-0.0120086669921875,-1.0083160400390625,0.0066426909579944465,-0.042266447297127745,-0.9878363661998872
1789846590.646858,0.001434326171875,0.1263885498046875,-1.10968017578125,0.005601018000770557,-0.008535447876764694,-1.01220512811616
1789846590.746571,-0.0667877197265625,-0.02606201171875,-0.9078521728515625,-0.008876729544696055,-0.012040760645161755,-0.9913345370632405
1789846590.845876,-0.0278167724609375,-0.071502685546875,-0.9371490478515625,-0.012664738127944344,-0.023933145625504405,-0.9804974392209049
1789846590.945322,-0.0150299072265625,-0.142486572265625,-0.972259521484375,-0.013137771947667977,-0.04764383095352853,-0.978849855673599
1789846591.044767,-0.0119476318359375,-0.0153961181640625,-1.1297454833984375,-0.012899743925321882,-0.04119428839563533,-1.0090289812185667
1789846591.1443338,-0.04681396484375,0.14971923828125,-1.1246337890625,-0.019682588109007505,-0.003011583060258269,-1.0321499427873533
1789846591.2439399,-0.063201904296875,0.1683807373046875,-1.24029541015625,-0.028386451346581007,0.03126688101273088,-1.0737790362611326
1789846591.34356,-0.0369415283203125,0.0768890380859375,-1.0414886474609375,-0.03009746674132731,0.040391312427372206,-1.0673209585010937
1789846591.443293,-0.034820556640625,-0.069427490234375,-0.97027587890625,-0.03104208472118685,0.018427551895022765,-1.047911942582125
1789846591.542625,0.0077362060546875,-0.14697265625,-0.859375,-0.02328642656601198,-0.01465248973398179,-1.0102045540657
1789846591.641992,-0.017791748046875,-0.022064208984375,-1.2351837158203125,-0.022187490862184585,-0.016134833584060433,-1.0552003864166226
1789846591.741507,-0.0121307373046875,0.10772705078125,-1.1233978271484375,-0.020176140150685168,0.008637543289001653,-1.0688398745629857
1789846591.8411078,-0.0496978759765625,0.017974853515625,-0.8941497802734375,-0.026080487315860636,0.010505005334326323,-1.033901855705076
1789846591.940699,-0.2115020751953125,-0.0504608154296875,-1.0757904052734375,-0.06316480489175101,-0.0016881588184764432,-1.0422795656187485
1789846592.04021,-0.1452484130859375,-0.29949951171875,-1.1303558349609375,-0.07958152653058831,-0.06125042939853116,-1.0598948194871862
1789846592.1396298,-0.06488037109375,0.0172119140625,-1.0177764892578125,-0.07664129544322065,-0.04555796070632493,-1.0514711534413115
1789846592.239184,-0.099517822265625,-0.1045989990234375,-1.0134735107421875,-0.08121660080770152,-0.05736616836974744,-1.0438716249014868
1789846592.338727,-0.023345947265625,-0.0486907958984375,-0.834075927734375,-0.06964247009928622,-0.055631093875485454,-1.0019124854680643
1789846592.438398,-0.0031585693359375,0.25537109375,-1.049346923828125,-0.05634568994661648,0.006569343649611641,-1.0113993731400766
1789846592.537747,-0.1311492919921875,-0.1915740966796875,-1.026611328125,-0.07130641035573068,-0.033059344416248186,-1.0144417641370613
1789846592.6372771,-0.23211669921875,-0.1297607421875,-1.3928680419921875,-0.10346846812833455,-0.05239962397049855,-1.0901270197080866
1789846592.736864,0.032745361328125,-0.248504638671875,-1.2064208984375,-0.07622570223704264,-0.09162062691077386,-1.1133857954539692
1789846592.836289,-0.0495147705078125,0.1999969482421875,-1.3115081787109375,-0.07088351589119662,-0.03329711188018159,-1.153010272105363
1789846592.9357948,-0.0156707763671875,0.061126708984375,-0.9325714111328125,-0.0598409679863948,-0.014412347707270273,-1.108922499910853
1789846593.035351,0.0075836181640625,0.0961151123046875,-0.86749267578125,-0.04635605075630334,0.007693144295121284,-1.0606365350849325
1789846593.134924,-0.02618408203125,0.0308837890625,-0.8365478515625,-0.042321657011292674,0.012331273248597029,-1.015818798380446
1789846593.2345061,-0.0170440673828125,-0.2090911865234375,-1.098602294921875,-0.037266139085596645,-0.03195321870580988,-1.032375497688732
1789846593.333931,-0.070098876953125,-0.032012939453125,-1.0540008544921875,-0.04383268665910232,-0.031965162855272906,-1.0367005690494233
1789846593.433689,-0.0174713134765625,-0.12579345703125,-0.859405517578125,-0.03856041202259435,-0.05073082169046833,-1.0012415587551637
1789846593.532897,-0.1001739501953125,-0.0608367919921875,-0.801971435546875,-0.05088311965713799,-0.05275201575081217,-0.961387534113506
1789846593.6323562,0.063232421875,-0.095062255859375,-0.767059326171875,-0.028060011350710387,-0.06121406377252474,-0.9225218925251798
1789846593.7319741,-0.138702392578125,-0.1417083740234375,-0.802703857421875,-0.05018848759619331,-0.0773129258227073,-0.8985582855045189
1789846593.831469,-0.0376739501953125,-0.2517242431640625,-1.0978240966796875,-0.04768558011601715,-0.11219518929097834,-0.9384114477395527
1789846593.9310799,-0.0131683349609375,-0.063751220703125,-0.993499755859375,-0.04078213108500122,-0.10250639557340768,-0.9494291093635172
1789846594.030589,-0.0677490234375,-0.055145263671875,-0.963470458984375,-0.046175509555500975,-0.09303416919310116,-0.9522373792876888
1789846594.130107,0.0366363525390625,-0.1531982421875,-0.7096099853515625,-0.029613137136588284,-0.10506698379198093,-0.9037119005004636
1789846594.229692,0.043853759765625,0.0848388671875,-1.1636505126953125,-0.014919757756145626,-0.06708581359608475,-0.9556996229394334
1789846594.329276,-0.0785675048828125,-0.0124969482421875,-0.9449005126953125,-0.027649307181479,-0.0561680405253053,-0.9535398008906093
1789846594.429254,-0.115936279296875,-0.25933837890625,-0.9208831787109375,-0.0453067016045582,-0.09680210820149425,-0.9470084764546749
1789846594.528511,-0.0023345947265625,-0.024383544921875,-0.87396240234375,-0.03671228022895906,-0.08231839554557041,-0.9323992616324899
1789846594.6278849,-0.026519775390625,-0.037445068359375,-0.8974151611328125,-0.03467377926129225,-0.07334373010833134,-0.9254024415325545
1789846594.727469,-0.09844970703125,-0.0019683837890625,-0.88702392578125,-0.0474289648152838,-0.05906866084447758,-0.9177267383822937
1789846594.826694,-0.076019287109375,0.145721435546875,-1.0713043212890625,-0.053147029274102045,-0.018110641566207064,-0.9484422549636475
1789846594.92632,0.00701904296875,0.0250701904296875,-1.116668701171875,-0.04111381482553164,-0.009474475167028151,-0.9820875442052931
1789846595.025975,-0.147613525390625,-0.0581207275390625,-1.067962646484375,-0.062413756938550315,-0.01920372564143502,-0.9992625646611095
1789846595.125204,-0.0667266845703125,-0.0023651123046875,-1.2058563232421875,-0.06327634246490275,-0.015836002974085515,-1.0405813163773252
1789846595.224961,-0.0589752197265625,-0.1532135009765625,-0.8766632080078125,-0.062416117917234705,-0.04331150257458091,-1.0077976947034228
1789846595.32426,-0.1466217041015625,0.05670166015625,-1.001129150390625,-0.07925723515410027,-0.023308870028414728,-1.0064639858408633
1789846595.423747,-0.0358734130859375,0.1074981689453125,-1.0445709228515625,-0.07058047074046772,0.0028525377663307164,-1.0140853732430033
1789846595.523343,-0.0438995361328125,0.0142364501953125,-1.100006103515625,-0.06524428381893668,0.005129320252127074,-1.0312695192975276
1789846595.622841,-0.0744781494140625,0.1810150146484375,-0.9652862548828125,-0.06709105693796184,0.04030645913138916,-1.0180728664145846
1789846595.72241,-0.074493408203125,-0.265594482421875,-1.091949462890625,-0.06857152719099448,-0.020873729179263674,-1.0328481857097929
1789846595.82192,-0.1337432861328125,0.3222198486328125,-1.2691650390625,-0.08160587897935809,0.04774498638315157,-1.0801115563803343
1789846595.921509,-0.15936279296875,-0.2888336181640625,-0.8376617431640625,-0.09715726177723648,-0.019570734526291246,-1.0316215937370798
1789846596.0208778,-0.042327880859375,-0.127044677734375,-0.9683380126953125,-0.0861913855936642,-0.041065523167908,-1.0189648775287263
1789846596.120494,-0.0142059326171875,0.1128082275390625,-1.1060943603515625,-0.07179429499836885,-0.010290773026513902,-1.0363907740932936
1789846596.219893,-0.0416717529296875,0.0339813232421875,-0.88818359375,-0.06576978658463259,-0.0014363537727736216,-1.006749338024635
1789846596.319432,-0.018646240234375,0.1284332275390625,-0.98504638671875,-0.05634507731458108,0.024537562489593604,-1.002408747763458
1789846596.419118,-0.069915771484375,-0.3137054443359375,-0.8560943603515625,-0.059059216148539866,-0.04311103887551262,-0.9731458702810789
1789846596.518461,-0.063720703125,-0.3818511962890625,-1.0516357421875,-0.05999151354383189,-0.1108590703582226,-0.9888438446623632
1789846596.617974,-0.056793212890625,0.0887603759765625,-0.918548583984375,-0.05935185341319052,-0.07093518109126559,-0.9747847925267655
1789846596.717742,-0.05413818359375,0.120513916015625,-1.1800994873046875,-0.058309119449302414,-0.03264536166988748,-1.01584773148235
1789846596.8171082,0.0742645263671875,0.1524200439453125,-0.8589324951171875,-0.031794390286004434,0.0043677194531525215,-0.9844646842093174
1789846596.916578,-0.1011962890625,-0.1825408935546875,-0.94708251953125,-0.04567477004130355,-0.03301400314841548,-0.9769882512737039
1789846597.016077,-0.1461639404296875,-0.3415985107421875,-1.063262939453125,-0.06577260411898034,-0.0947309046671699,-0.9942431889095882
1789846597.115663,-0.051239013671875,-0.1313323974609375,-1.0391387939453125,-0.06286588602955928,-0.10205120322592343,-1.003222309916733
1789846597.215252,-0.0171966552734375,0.3041534423828125,-1.23394775390625,-0.05373203987833493,-0.02081027410417624,-1.0493673987146366
1789846597.314692,-0.092498779296875,0.275909423828125,-1.096954345703125,-0.061485387762042945,0.03853366548228401,-1.0588847881123344
1789846597.414202,-0.050537109375,-0.1674957275390625,-0.8623809814453125,-0.05929573208463436,-0.0026722131219852896,-1.0195840267789302
1789846597.513785,-0.0053558349609375,-0.304962158203125,-0.95794677734375,-0.04850775265989499,-0.06313020213821324,-1.0072565768918942
1789846597.6132112,-0.023895263671875,-0.176361083984375,-1.0618896484375,-0.04358525486229099,-0.0857763785074456,-1.0181831912010155
1789846597.712759,-0.0106353759765625,0.0010986328125,-0.918670654296875,-0.0369952790851453,-0.06840137624345649,-0.9982806838201874
1789846597.812283,0.139404296875,0.0767059326171875,-1.0053558349609375,-0.0017153638931162417,-0.039379914471327694,-0.9996957140483375
1789846597.911645,-0.0658416748046875,-0.03289794921875,-1.067291259765625,-0.014540626075430493,-0.03808352142081216,-1.013214823191795
1789846598.011203,-0.15777587890625,-0.20263671875,-0.9024200439453125,-0.0431876766415944,-0.07099416088664973,-0.9910558673424985
1789846598.1107988,-0.087249755859375,-0.1763916015625,-1.1275177001953125,-0.052000092485150515,-0.09207364902181978,-1.0183482339130614
1789846598.210501,-0.1291961669921875,-0.0076446533203125,-1.013641357421875,-0.06743930738655791,-0.07518784988151832,-1.0174068586148242
1789846598.310194,0.121673583984375,0.0009765625,-0.8676605224609375,-0.02961672911237133,-0.05995496740521465,-0.9874575913840469
1789846598.4097161,-0.0525665283203125,0.0413970947265625,-1.0253143310546875,-0.03420668895395956,-0.03968455497885923,-0.995028939318175
1789846598.509172,0.08038330078125,0.1837005615234375,-1.05523681640625,-0.01128869100691765,0.0049924683216001214,-1.0070705147357901
1789846598.608875,-0.180633544921875,-0.150146484375,-0.8912811279296875,-0.04515766178990912,-0.026035322217719904,-0.9839126373745697
1789846598.708496,0.0017242431640625,-0.194580078125,-0.9062957763671875,-0.0357812807991148,-0.05974427339917593,-0.9683892651730933
1789846598.807601,-0.0847930908203125,-0.085479736328125,-1.0342254638671875,-0.04558364280335434,-0.06489136598496575,-0.9815565049119123
1789846598.907052,0.021270751953125,0.12347412109375,-1.17034912109375,-0.03221276385205847,-0.027218268569222603,-1.01931502814828
1789846599.00666,0.115875244140625,-0.0124664306640625,-0.9933319091796875,-0.0025951622535217746,-0.024267900988190587,-1.0141184043545615
1789846599.105855,-0.04498291015625,-0.118316650390625,-0.9519195556640625,-0.01107271183406742,-0.04307765086867747,-1.0016786346164617
1789846599.20576,0.0923004150390625,-0.0369110107421875,-0.959808349609375,0.009601913540558563,-0.04184432284337948,-0.9933045776150444
1789846599.305313,-0.002166748046875,0.0194091796875,-1.0990753173828125,0.007248181223071851,-0.029593622337203584,-1.0144587255685982
1789846599.404686,-0.0460052490234375,-0.20941162109375,-1.0440216064453125,-0.003402504826230019,-0.06555722208851288,-1.020371301743941
1789846599.5042,-0.00067138671875,-0.2763214111328125,-1.133056640625,-0.0028562812047340158,-0.10771005989737281,-1.0429083695201529
1789846599.60362,-0.0009613037109375,-0.20196533203125,-0.715667724609375,-0.002477285705974713,-0.12656111432414827,-0.9774602405379974
1789846599.703512,-0.016082763671875,-0.225128173828125,-0.8975677490234375,-0.005198381299154771,-0.14627452622494364,-0.9614817422350854
1789846599.802719,0.0318603515625,0.1304779052734375,-0.9952850341796875,0.002213365273176184,-0.09092403992526742,-0.9682424006240059
1789846599.9022121,-0.003692626953125,-0.0278472900390625,-0.9559326171875,0.0010321668279159473,-0.07830868994802644,-0.9657804439367047
1789846600.001771,0.131439208984375,-0.1538848876953125,-0.99591064453125,0.02711357525920776,-0.09342392949748365,-0.9718064840556138
1789846600.101284,-0.070465087890625,-0.161773681640625,-1.039886474609375,0.00759784262924121,-0.10709387992611194,-0.9854224821663661
1789846600.200834,-0.0487823486328125,-0.090087890625,-0.8524017333984375,-0.003678195623169533,-0.10369268206588957,-0.9588183324127804
1789846600.300365,-0.0817413330078125,-0.139129638671875,-0.8583984375,-0.01929082310009813,-0.11078007338708666,-0.9387343534302244
1789846600.400006,0.02496337890625,-0.0408935546875,-0.939849853515625,-0.010439982698828504,-0.09680276964716933,-0.9389574534473046
1789846600.499459,-0.059478759765625,0.0297393798828125,-1.06536865234375,-0.020247738112187802,-0.07149433974117296,-0.9642396932265938
1789846600.5989861,0.016571044921875,-0.0205535888671875,-1.1055145263671875,-0.01288398150537524,-0.061306189566375874,-0.9924946598547126
1789846600.6986032,0.04083251953125,-0.1071929931640625,-1.0054931640625,-0.0021406812980501923,-0.0704835502859132,-0.9950943606962701
1789846600.7978358,-0.0900421142578125,0.1524810791015625,-1.0639801025390625,-0.019720967890002654,-0.02589062440841806,-1.0088715090648286
1789846600.897413,0.1021881103515625,-0.1450042724609375,-0.8395233154296875,0.004660847758310379,-0.04971335401892195,-0.9750018703378005
1789846600.9969459,-0.1043548583984375,-0.235870361328125,-0.9322509765625,-0.0171422934730392,-0.08694475548076257,-0.9664516915827404
1789846601.096665,0.0160369873046875,0.0243682861328125,-1.0702362060546875,-0.010506437317493861,-0.06468214715804756,-0.9872085944771298
1789846601.196114,-0.062103271484375,-0.0166015625,-1.0015411376953125,-0.02082580415087009,-0.055066030226438044,-0.9900751031207664
1789846601.295579,-0.0617523193359375,0.1653289794921875,-1.0091552734375,-0.029011107187883575,-0.01098702828271294,-0.9938911371841133
1789846601.395071,0.0052947998046875,-0.0109100341796875,-1.066864013671875,-0.02214992578936936,-0.010971629462107852,-1.0084857124816657
1789846601.494894,-0.0400848388671875,-0.006134033203125,-1.0709075927734375,-0.025736908404932986,-0.010004110210311282,-1.0209700885400201
1789846601.594318,-0.1179351806640625,0.0030975341796875,-0.957489013671875,-0.04417656285675889,-0.007383781332311526,-1.0082738735663912
1789846601.694207,-0.0986480712890625,-0.069366455078125,-1.0954132080078125,-0.05507086454321961,-0.019780316081474222,-1.0257017404546755
1789846601.7932239,-0.0619964599609375,-0.1892852783203125,-1.0928497314453125,-0.05645598362676319,-0.05368130852924188,-1.039131338652803
1789846601.892912,-0.0426788330078125,-0.2626800537109375,-0.7457733154296875,-0.05370055350297306,-0.095481057565581,-0.9804597340081799
1789846601.99244,0.0451202392578125,-0.2051544189453125,-0.78802490234375,-0.03393639495081595,-0.11741572984152732,-0.941972767675294
1789846602.091782,-0.0659637451171875,0.06658935546875,-0.929351806640625,-0.04034186498409026,-0.08061471277947185,-0.9394485754683604
1789846602.1911988,0.06097412109375,-0.2005157470703125,-0.944793701171875,-0.02007866776852221,-0.10459491963763998,-0.9405176006090633
1789846602.29072,-0.1097412109375,0.173004150390625,-1.0961761474609375,-0.03801117640231777,-0.04907510563198699,-0.9716493099794382
1789846602.390211,-0.119903564453125,0.1296234130859375,-1.13690185546875,-0.05438965401247922,-0.013335401888402099,-1.0046998190773007
1789846602.489779,-0.0953369140625,-0.0662689208984375,-0.9575347900390625,-0.06257910602248339,-0.02392210569040918,-0.995266813269653
1789846602.5898361,-0.04443359375,-0.1428375244140625,-0.761627197265625,-0.058950003567986714,-0.04770518943513985,-0.9485388900688475
1789846602.688981,0.1138763427734375,-0.029937744140625,-0.928924560546875,-0.02438473429970187,-0.044151700376236884,-0.944616024164453
1789846602.7888331,-0.037567138671875,-0.085113525390625,-0.7170562744140625,-0.027021215174136498,-0.05234406537911451,-0.8991040742143749
1789846602.888229,-0.013214111328125,0.144775390625,-0.9518585205078125,-0.024259794404934202,-0.012920174178291614,-0.9096549634730624
1789846602.987282,-0.1050872802734375,-0.119781494140625,-0.8931121826171875,-0.040425291578634864,-0.03429243817075829,-0.9063464073018874
1789846603.086848,-0.0370635986328125,-0.03955078125,-1.1385955810546875,-0.039752952989470396,-0.035344106786606634,-0.9527962420524475
1789846603.1864262,-0.12359619140625,0.1581573486328125,-0.910064697265625,-0.05652160067282632,0.0033561842972771906,-0.9442499330950831
1789846603.285882,-0.071258544921875,0.104827880859375,-0.912384033203125,-0.05946898952263606,0.02365052360969675,-0.9378767531166916
1789846603.3853369,-0.0101470947265625,-0.022918701171875,-0.9033660888671875,-0.04960461056342135,0.014336678653382402,-0.9309746202667908
1789846603.48494,0.00616455078125,-0.310089111328125,-0.9674835205078125,-0.03845077829448708,-0.050548479342919075,-0.9382764003149952
1789846603.584609,-0.0313873291015625,-0.1337738037109375,-0.9610748291015625,-0.03703808845590217,-0.06719354421652277,-0.9428360860723086
1789846603.684194,-0.088958740234375,-0.1200103759765625,-0.949493408203125,-0.047422218811596736,-0.07775691056853071,-0.9441675504984719
1789846603.783539,-0.0998382568359375,0.085784912109375,-1.0670928955078125,-0.0579054264164649,-0.04504854603294957,-0.9687526195003401
1789846603.883091,-0.045196533203125,0.1312255859375,-1.014495849609375,-0.055363647773796924,-0.009793719638859659,-0.9779012655221471
1789846603.9826279,-0.0601959228515625,-0.1742095947265625,-0.8339996337890625,-0.056330102789350044,-0.04267689465640023,-0.9491209391755302
1789846604.082176,-0.0779876708984375,-0.045196533203125,-0.9625396728515625,-0.06066161641116753,-0.04318082236574519,-0.9518046859107367
1789846604.181628,0.0345916748046875,0.082977294921875,-1.120880126953125,-0.04161095816799653,-0.017949198908221154,-0.9856197741192144
1789846604.28118,-0.0184478759765625,-0.160491943359375,-0.957763671875,-0.03697834172970973,-0.04645774779845192,-0.9800485536703716
1789846604.380877,-0.084381103515625,0.0292816162109375,-1.0903472900390625,-0.046458894086892785,-0.03130987499657404,-1.0021083009441099
1789846604.480212,-0.0571136474609375,0.0545806884765625,-1.1807403564453125,-0.04858984476170173,-0.01413176230194673,-1.0378347120443505
1789846604.5797439,-0.02130126953125,0.13092041015625,-1.05780029296875,-0.04313212971561138,0.014878672189692615,-1.0418278282292304
1789846604.6794739,-0.0178375244140625,-0.01153564453125,-0.92315673828125,-0.03807320865530161,0.009595808845504091,-1.0180936102396343
1789846604.7787762,-0.07977294921875,-0.0881805419921875,-0.9503173828125,-0.04641315676799129,-0.009959461322034225,-1.0045383647542074
1789846604.878304,-0.03955078125,0.0176239013671875,-0.973114013671875,-0.04504068166439304,-0.004442788784189881,-0.998253494537741
1789846604.978036,-0.0653533935546875,-0.1247100830078125,-0.986236572265625,-0.04910322404245193,-0.02849624762891441,-0.9958501100833179
1789846605.077293,-0.0281524658203125,-0.0059356689453125,-0.8980865478515625,-0.04491307239802405,-0.02398413189219403,-0.9762973976369669
1789846605.176794,-0.0660858154296875,-0.0482635498046875,-0.92938232421875,-0.04914762100435674,-0.028840015474692726,-0.9669143829533235
1789846605.2764049,-0.053253173828125,-0.0651397705078125,-0.93536376953125,-0.04996873156911039,-0.036099966481316685,-0.9606042602689089
1789846605.375984,-0.053741455078125,-0.1569976806640625,-1.0137176513671875,-0.05072327627091332,-0.060279509317865854,-0.9712269384885647
1789846605.47536,-0.003814697265625,-0.0952606201171875,-0.9835205078125,-0.041341560469855654,-0.0672757314777302,-0.9736856523533517
1789846605.574911,-0.016021728515625,-0.0122222900390625,-0.9118194580078125,-0.036277594079009524,-0.05626504318999666,-0.9613124134842439
1789846605.674663,-0.002532958984375,-0.046051025390625,-0.8466796875,-0.02952866706008262,-0.05422223963012233,-0.9383858682873951
1789846605.773978,-0.052032470703125,-0.104034423828125,-0.9386138916015625,-0.0340294277886911,-0.06418467646972287,-0.9384314729502287
1789846605.8736129,-0.004425048828125,-0.3382720947265625,-0.8203582763671875,-0.02810855199657788,-0.1190021601210908,-0.9148168336336204
1789846605.973133,-0.1395263671875,0.00152587890625,-0.9170074462890625,-0.050392115034762305,-0.09489655231562265,-0.9152549561647089
1789846606.072866,-0.036712646484375,-0.090118408203125,-0.9521636962890625,-0.04765622132468485,-0.09394092349312312,-0.9226367041895795
1789846606.172138,-0.1749267578125,0.0236663818359375,-0.9530487060546875,-0.07311032862224788,-0.07041946242731101,-0.9287191045626012
1789846606.271621,-0.01385498046875,0.45587158203125,-1.20819091796875,-0.061259258991548306,0.0348387464644012,-0.984613467243831
1789846606.371223,-0.06011962890625,-0.37841796875,-0.5843048095703125,-0.06103133297448865,-0.04781259657847904,-0.9045517357091274
1789846606.4707398,-0.0128326416015625,-0.1175537109375,-0.9987335205078125,-0.05139159469990342,-0.061760819450283236,-0.9233880926688645
1789846606.570158,-0.1556549072265625,-0.0479888916015625,-1.2354888916015625,-0.07224425720523524,-0.05900643388053909,-0.9858082524554042
1789846606.6696858,-0.1434173583984375,-0.0235137939453125,-1.080596923828125,-0.0864788774438757,-0.05190790589349377,-1.0047659867299483
1789846606.769086,-0.138916015625,0.23077392578125,-1.3139495849609375,-0.09696630508010057,0.004628460441454985,-1.0666027063761463
1789846606.86875,-0.1509552001953125,0.084686279296875,-1.2291717529296875,-0.10776408410314296,0.020640024212538986,-1.0991165156868545
1789846606.968532,-0.038055419921875,-0.4200439453125,-0.7713165283203125,-0.09382235126688938,-0.06749676969246882,-1.0335565182135462
1789846607.067782,-0.0727996826171875,-0.428070068359375,-0.9981842041015625,-0.08961781753694902,-0.13961142942585006,-1.0264820553911496
1789846607.1673942,-0.176055908203125,-0.0582427978515625,-1.2132568359375,-0.1069054356701842,-0.12333770311099254,-1.0638370115004196
1789846607.2668018,-0.2465057373046875,-0.0600433349609375,-0.965423583984375,-0.13482549599708488,-0.11067882948098154,-1.0441543259972108
1789846607.366633,-0.0554046630859375,0.174163818359375,-1.122833251953125,-0.1189413294148554,-0.053710299912910237,-1.0598901111883936
1789846607.465863,0.071533203125,-0.0554656982421875,-0.846160888671875,-0.08084642290688432,-0.054061379578765695,-1.0171442666850898
1789846607.565278,-0.1656494140625,-0.164093017578125,-0.93035888671875,-0.09780702113800746,-0.07606770717863756,-0.999787190691822
1789846607.6650748,0.016357421875,0.0634918212890625,-0.963836669921875,-0.07497413253540598,-0.04815580148509756,-0.9925970865378326
1789846607.764584,-0.049163818359375,-0.285003662109375,-0.802520751953125,-0.06981206970019979,-0.09552537360995306,-0.9545818196208912
1789846607.86391,-0.005706787109375,-0.03082275390625,-1.060394287109375,-0.05699101318203484,-0.08258484966921245,-0.975744313118588
1789846607.9634662,-0.0048065185546875,0.053131103515625,-1.135009765625,-0.046554114256565374,-0.05544165903224497,-1.0075974036198705
1789846608.063014,-0.119140625,-0.3307342529296875,-0.7955169677734375,-0.06107141640525231,-0.11050017781173348,-0.9651813164505839
1789846608.162718,-0.1160430908203125,0.0155181884765625,-0.959014892578125,-0.07206575128826434,-0.0852965045540743,-0.9639480316760922
1789846608.262086,-0.082427978515625,-0.1047821044921875,-0.882232666015625,-0.07413819673373648,-0.08919362454169694,-0.9476049585439988
1789846608.361599,-0.115234375,-0.020416259765625,-0.8533172607421875,-0.08235743238698919,-0.07543815158648255,-0.9287474189836366
1789846608.4611158,-0.042388916015625,-0.1072998046875,-0.93621826171875,-0.07436372911271635,-0.08181048220668605,-0.9302415875306593
1789846608.560761,0.046630859375,-0.25946044921875,-0.959014892578125,-0.05016481141517308,-0.11734047560909884,-0.9359962485401525
1789846608.6605449,0.04156494140625,0.5301361083984375,-1.40753173828125,-0.03181886085088846,0.012154841192408422,-1.030303346488372
1789846608.759773,-0.10675048828125,0.1308746337890625,-1.093414306640625,-0.04680518633696077,0.03589879971173924,-1.0429255385188227
1789846608.8590422,-0.1149139404296875,0.0102386474609375,-0.8851165771484375,-0.06042693715550612,0.030766769261578893,-1.0113637462447458
1789846608.958895,0.1166839599609375,-0.0251007080078125,-1.005340576171875,-0.0250047577322174,0.019593273807700616,-1.0101591122301716
1789846609.058403,-0.140716552734375,-0.046875,-1.0699310302734375,-0.048147116732648924,0.0062996190461604915,-1.022113495838825
1789846609.1577868,-0.0462493896484375,0.15289306640625,-1.126922607421875,-0.04776757131580664,0.03561830851817839,-1.043075318155435
1789846609.257261,-0.070343017578125,0.1612548828125,-1.199188232421875,-0.052282660568270314,0.060745623377042715,-1.0742979010087232
1789846609.3567472,-0.02130126953125,-0.134674072265625,-0.9856414794921875,-0.04608638236086625,0.021661684248509176,-1.0565666167054162
1789846609.456341,-0.0286712646484375,0.0887908935546875,-1.310028076171875,-0.0426033588183805,0.03508752610974484,-1.107258908598708
1789846609.555738,0.0724639892578125,0.1358489990234375,-1.0523681640625,-0.0195898892031419,0.05523982069248337,-1.0962807596914663
1789846609.655468,-0.0528106689453125,-0.033203125,-1.019805908203125,-0.02623404515157602,0.037551231553986694,-1.0809857893937982
1789846609.7547789,0.0099029541015625,0.03082275390625,-1.07421875,-0.019006645300948317,0.03620553602443936,-1.0796323815150386
1789846609.8542871,-0.088348388671875,0.12158203125,-1.0009002685546875,-0.03287499397513365,0.05328083506955149,-1.0638859589229686
1789846609.953809,-0.0015869140625,-0.1034698486328125,-0.8891754150390625,-0.02661737799260692,0.02193069832907869,-1.0289438501461874
1789846610.0533562,-0.015625,-0.0706634521484375,-0.9954986572265625,-0.024418902394085538,0.0034118682335754526,-1.0222548115622625
1789846610.152806,-0.0362701416015625,0.0624847412109375,-1.3063201904296875,-0.026789150235580934,0.015226442829047861,-1.0790678873357475
1789846610.2523298,-0.1136016845703125,-0.086181640625,-1.1365509033203125,-0.04415165710252725,-0.005055173861761712,-1.0905644905326606
1789846610.35185,-0.0830841064453125,0.0721282958984375,-1.126708984375,-0.0519381469710843,0.01038152009027813,-1.0977933893011285
1789846610.451376,-0.0525054931640625,0.04736328125,-0.9585418701171875,-0.05205161620967995,0.017777872322222506,-1.0699430854643404
1789846610.550925,-0.070037841796875,-0.0522308349609375,-1.017608642578125,-0.055648861327118965,0.0037761308655905046,-1.0594761968870974
1789846610.6504931,-0.1027984619140625,-0.168975830078125,-1.0100555419921875,-0.06507878144450768,-0.0307742613231526,-1.0495920659081155
1789846610.7500072,-0.0422210693359375,-0.07427978515625,-0.9926910400390625,-0.06050723902279365,-0.03947536608977208,-1.038211860734305
1789846610.849541,-0.037017822265625,0.0546112060546875,-1.121551513671875,-0.05580935567135993,-0.020658051660880167,-1.0548797913218189
1789846610.949172,0.05340576171875,0.0058135986328125,-1.0833892822265625,-0.033966332193337945,-0.015363721602141632,-1.0605816895027675
1789846611.048657,-0.0482330322265625,0.157623291015625,-0.9581451416015625,-0.03681967219998286,0.019233680921411693,-1.0400943799225266
1789846611.1483889,0.016510009765625,-0.077667236328125,-0.9618072509765625,-0.02615373580686129,-0.00014650252849564456,-1.0244369541333338
1789846611.257565,-0.1116180419921875,0.12591552734375,-1.1083221435546875,-0.043246597043926534,0.025065903445953486,-1.0412139920176045
1789846611.35708,-0.1364593505859375,-0.0468597412109375,-1.0992431640625,-0.06188914775232873,0.01068077451457529,-1.0528198264265836
1789846611.456567,-0.168853759765625,-0.0688629150390625,-1.0583953857421875,-0.083282070154988,-0.005227963396152269,-1.0539349382897045
1789846611.556117,-0.0706939697265625,-0.209564208984375,-0.8666534423828125,-0.0807644500693029,-0.04609521251379682,-1.016478639108326
1789846611.655792,-0.121185302734375,-0.0319976806640625,-0.8892059326171875,-0.08884862060231732,-0.04327570614384996,-0.9910240978100984
1789846611.755305,-0.0496673583984375,-0.2401123046875,-0.85693359375,-0.08101236816154136,-0.08264302585257997,-0.9642059969980787
1789846611.855027,-0.067626953125,0.0111846923828125,-1.0796966552734375,-0.0783352851542331,-0.06387748220550148,-0.9873041286531505
1789846611.954354,0.0032501220703125,0.1034393310546875,-0.86639404296875,-0.06201820370932399,-0.03041411955346368,-0.9631221115162705
1789846612.053647,-0.02410888671875,-0.0047760009765625,-0.78594970703125,-0.0544363403112092,-0.025286495838083446,-0.9276876306192664
1789846612.1531649,-0.064178466796875,-0.109405517578125,-0.7106475830078125,-0.056384765608342366,-0.042110300186091756,-0.8842796210969757
1789846612.25283,-0.0015106201171875,-0.29669189453125,-1.0100250244140625,-0.045409936510111396,-0.09302661905512341,-0.909428701760393
1789846612.352283,-0.1668701171875,0.0238800048828125,-1.1888427734375,-0.06970197264558912,-0.06964529426753623,-0.9653115160958144
1789846612.451685,-0.08636474609375,-0.13623046875,-1.12371826171875,-0.07303452733522131,-0.08296232916402899,-0.9969928652204016
1789846612.551381,-0.1883544921875,-0.0141754150390625,-1.159088134765625,-0.09609852030567706,-0.06920494633903569,-1.0294119191294464
1789846612.6509008,-0.162506103515625,-0.0442352294921875,-1.1506500244140625,-0.10938003694766665,-0.06421100296966606,-1.0536595401863698
1789846612.750433,-0.08624267578125,0.2471466064453125,-1.246673583984375,-0.10475256471438332,-0.0019394810866703513,-1.0922623489459709
1789846612.849958,-0.0262298583984375,0.10748291015625,-1.1979522705078125,-0.08904802345119417,0.01994499716191372,-1.1134003332583393
1789846612.9494472,-0.00439453125,0.0119171142578125,-1.0307769775390625,-0.07211732501095534,0.018339420581093478,-1.096875662114484
1789846613.048887,-0.01446533203125,-0.0179290771484375,-1.1172943115234375,-0.06058692641501428,0.011085721035187283,-1.1009593919962748
1789846613.148901,-0.1293182373046875,0.008056640625,-1.0297088623046875,-0.07433318859294893,0.010479904953149828,-1.0867092860579575
1789846613.248353,-0.125640869140625,-0.1505126953125,-0.793060302734375,-0.08459472470248415,-0.02171861509998014,-1.027979489393241
1789846613.347724,-0.1310577392578125,0.1485137939453125,-0.854705810546875,-0.09388732761354983,0.01232786670907839,-0.9933247536239679
1789846613.447132,0.00103759765625,-0.5109405517578125,-0.8477325439453125,-0.07490234255958986,-0.09232581698429979,-0.9642063116882369
1789846613.546515,-0.1578521728515625,-0.1402435302734375,-1.0388946533203125,-0.09149230861798438,-0.10190935964212733,-0.9791439800146521
1789846613.646085,-0.0729827880859375,-0.01654052734375,-1.139923095703125,-0.08779040451157501,-0.08483559318245187,-1.0112998031523468
1789846613.74561,-0.1979217529296875,0.09234619140625,-1.241119384765625,-0.1098166741951975,-0.049399236264711495,-1.0572637194750025
1789846613.845212,-0.126129150390625,-0.19927978515625,-1.034637451171875,-0.113079169434283,-0.0793753460430192,-1.052738465814377
1789846613.94459,-0.0956268310546875,-0.0721435546875,-0.874176025390625,-0.10958870175836391,-0.07792898777191537,-1.0170259777296267
1789846614.044328,-0.0731964111328125,0.0449371337890625,-0.9391021728515625,-0.10231024363325364,-0.0533557634597198,-1.0014412167540139
1789846614.14378,-0.1239471435546875,0.09112548828125,-0.9683074951171875,-0.10663762361754042,-0.02445951311152584,-0.9948144724266487
1789846614.243544,-0.1016845703125,-0.0797882080078125,-0.8564605712890625,-0.10564701295653235,-0.03552525209078317,-0.9671436921991315
1789846614.3428931,-0.0329742431640625,-0.035247802734375,-1.0863494873046875,-0.09111245899803838,-0.035469762219501544,-0.9909848512202428
1789846614.442481,-0.2020416259765625,0.0029144287109375,-0.94989013671875,-0.1132982923937432,-0.027792924033413737,-0.9827659083199444
1789846614.541946,-0.2381439208984375,0.028228759765625,-1.018524169921875,-0.13826741809468207,-0.01658858727360599,-0.9899175606403305
1789846614.641393,-0.1461181640625,-0.004638671875,-0.904052734375,-0.13983756728824567,-0.014198604193884792,-0.9727445953872644
1789846614.740772,-0.06475830078125,-0.174224853515625,-0.8919830322265625,-0.12482171398684655,-0.04620385405823283,-0.9565922827551241
1789846614.840708,-0.1007080078125,-0.096160888671875,-0.8905181884765625,-0.11999897275197724,-0.05619526098096127,-0.9433774638994119
1789846614.93998,-0.0878753662109375,0.023834228515625,-0.97882080078125,-0.1135742514437693,-0.04018936308164402,-0.9504661312757795
1789846615.0393372,-0.087493896484375,0.074371337890625,-1.1159515380859375,-0.10835818045189045,-0.017277222887190212,-0.9835632126378111
1789846615.139309,-0.030548095703125,0.03961181640625,-0.9903717041015625,-0.09279616350213736,-0.005899415028502169,-0.9849249109305614
1789846615.2383761,-0.080657958984375,-0.0271759033203125,-1.014373779296875,-0.09036852259858488,-0.010154712686864235,-0.9908146846038242
1789846615.337912,-0.16082763671875,-0.1158447265625,-0.986724853515625,-0.10446034542261791,-0.03129271546199139,-0.9899967183861844
1789846615.437488,-0.106292724609375,0.023956298828125,-1.1430816650390625,-0.10482682125996932,-0.020242912603968113,-1.02061370771676
1789846615.537115,-0.148040771484375,0.02142333984375,-1.0012359619140625,-0.11346961130485048,-0.011909662114424492,-1.0167381585562207
1789846615.6366239,-0.0087738037109375,0.0074005126953125,-0.913909912109375,-0.09253044978606789,-0.008047627152477095,-0.9961725092668516
1789846615.73632,-0.1379241943359375,-0.100982666015625,-0.82269287109375,-0.10160919869604182,-0.02663463492510668,-0.9614765816322313
1789846615.835699,-0.1183013916015625,-0.059722900390625,-0.9940643310546875,-0.10494763727714597,-0.03325228801821035,-0.9679941315167225
1789846615.935106,-0.07257080078125,-0.0670013427734375,-0.9826507568359375,-0.09847226997796678,-0.04000209896925578,-0.9709254565805656
1789846616.034639,-0.0720367431640625,0.0471038818359375,-1.0724029541015625,-0.09318516461518593,-0.022580902808217125,-0.9912209560847651
1789846616.134234,-0.116302490234375,-0.0384368896484375,-0.985931396484375,-0.09780862973902374,-0.0257521001762612,-0.9901630441646871
1789846616.2339082,-0.094390869140625,-0.1819610595703125,-1.0067901611328125,-0.097125077619344,-0.056993892055071466,-0.9934884675583122
1789846616.333208,-0.085723876953125,0.01641845703125,-0.9798736572265625,-0.0948448374861002,-0.04231142223780718,-0.9907655054919623
1789846616.4326692,-0.1032257080078125,0.00244140625,-0.96832275390625,-0.09652101159044267,-0.033360856540245745,-0.9862769551748198
1789846616.5321422,-0.10736083984375,-0.22454833984375,-0.9149169921875,-0.09868897724110413,-0.0715983532009466,-0.9720049625773559
1789846616.631681,-0.1119842529296875,-0.058013916015625,-1.0631256103515625,-0.10134803237882081,-0.06888146576388228,-0.9902290921321972
1789846616.7311292,-0.1258697509765625,-0.0880889892578125,-1.0079498291015625,-0.10625237609836916,-0.07272297046266833,-0.9937732395260703
1789846616.830756,-0.187957763671875,0.0503997802734375,-1.07965087890625,-0.12259345361307034,-0.04809842031544717,-1.0109487674021063
1789846616.930241,-0.0848388671875,-0.052520751953125,-0.9940032958984375,-0.11504253632795627,-0.04898288664298274,-1.0075596731013725
1789846617.02987,-0.1029815673828125,-0.06719970703125,-0.990020751953125,-0.11263034253892752,-0.052626250720636196,-1.004051888871723
1789846617.1295528,-0.097137451171875,0.0443267822265625,-1.02313232421875,-0.10953176426551701,-0.03323564413119646,-1.0078679759411284
1789846617.228961,-0.11785888671875,-0.097686767578125,-0.951385498046875,-0.11119718875616362,-0.04612586882058217,-0.9965714803622778
1789846617.328642,-0.147552490234375,-0.008148193359375,-1.0051116943359375,-0.1184682490518059,-0.03853033372834074,-0.9982795231570099
1789846617.428464,-0.1158294677734375,0.0131683349609375,-1.02178955078125,-0.11794049279613222,-0.028190599990485093,-1.002981528681858
1789846617.527495,-0.14794921875,-0.0621795654296875,-0.989013671875,-0.12394223798690578,-0.034988393078325575,-1.0001879573204864
1789846617.6271,-0.10491943359375,-0.040557861328125,-0.9953460693359375,-0.12013767710827462,-0.036102286728285464,-0.9992195797235766
1789846617.726845,-0.1573638916015625,-0.00091552734375,-0.966033935546875,-0.1275829200069322,-0.02906493485137837,-0.9925824508882363
1789846617.825947,-0.0697784423828125,-0.0501708984375,-1.0238037109375,-0.11602202448210827,-0.0332861275686027,-0.9988267028980891
1789846617.925699,-0.072845458984375,-0.0514373779296875,-0.96038818359375,-0.10738671138256163,-0.03691637764081966,-0.9911389990372212
1789846618.0254369,-0.1061859130859375,0.020538330078125,-1.018035888671875,-0.10714655172323681,-0.02542543609703073,-0.996518376964152
1789846618.124692,-0.10504150390625,0.0433807373046875,-1.0972900390625,-0.10672554215983945,-0.011664201416687085,-1.0166727093838217
1789846618.224069,-0.06494140625,-0.060577392578125,-0.9913177490234375,-0.09836871497787157,-0.021446839648974668,-1.0116017173117449
1789846618.323625,-0.0623016357421875,-0.0411224365234375,-0.9668731689453125,-0.09115529913073477,-0.025381959023867234,-1.0026560076384583
1789846618.4231582,-0.042449951171875,-0.0399627685546875,-0.9484710693359375,-0.08141422953896281,-0.02829812093003129,-0.9918190199779542
1789846618.522777,-0.063446044921875,0.0021209716796875,-1.03167724609375,-0.07782059261554526,-0.022214302408087534,-0.9997906652011134
1789846618.6221008,-0.080413818359375,0.1067657470703125,-1.054901123046875,-0.0783392377643112,0.0035817074875924733,-1.0108127567702658
1789846618.721788,-0.04559326171875,-0.041107177734375,-1.0203094482421875,-0.07179004255519897,-0.005356069556801022,-1.0127120950646502
1789846618.821305,-0.0771331787109375,-0.09454345703125,-1.0197296142578125,-0.07285866978634667,-0.02319354705169082,-1.0141155989032826
1789846618.920718,-0.0675201416015625,-0.0836334228515625,-0.9719390869140625,-0.07179096414938985,-0.03528152221166515,-1.0056802965054388
1789846619.020509,-0.1085968017578125,-0.0384979248046875,-0.9828948974609375,-0.07915213167107438,-0.03592480273026962,-1.0011232166965387
1789846619.129725,-0.0918731689453125,-0.03564453125,-0.9715118408203125,-0.081696339125922,-0.0358687484342157,-0.9952009415212936
1789846619.229248,-0.0655670166015625,-0.0284881591796875,-0.99847412109375,-0.07847047462105011,-0.03439263058331006,-0.9958555774357849
1789846619.3287458,-0.04632568359375,0.0009765625,-0.9658355712890625,-0.07204151641559009,-0.027318791966648052,-0.9898515762064405
1789846619.428668,-0.1233673095703125,0.0177154541015625,-1.0152130126953125,-0.08230667504653458,-0.018311942753005944,-0.9949238635042149
1789846619.5283232,-0.0857086181640625,-0.061248779296875,-1.0235443115234375,-0.08298706367004016,-0.026899310061779758,-1.0006479531080594
1789846619.6274118,-0.1260528564453125,-0.08203125,-0.9987945556640625,-0.09160022222509463,-0.037925698049423806,-1.0002772736192602
1789846619.727042,-0.11944580078125,-0.0442352294921875,-1.013336181640625,-0.09716933793632572,-0.03918760433797655,-1.0028890552235332
1789846619.826476,-0.0965118408203125,-0.0420074462890625,-0.958587646484375,-0.09703783851312309,-0.03975157272819374,-0.9940287734757016
1789846619.9259892,-0.057098388671875,-0.0100250244140625,-0.9508819580078125,-0.08904994854487347,-0.03380626306536749,-0.9853994103821239
1789846620.025525,-0.098907470703125,-0.039459228515625,-0.9854736328125,-0.09102145297652378,-0.034936856155419,-0.9854142548681992
1789846620.1248121,-0.090667724609375,-0.0495452880859375,-1.013336181640625,-0.09095070730309404,-0.037858542541522704,-0.9909986402226845
1789846620.2246718,-0.084747314453125,-0.041748046875,-1.01116943359375,-0.08971002873310024,-0.03863644340821816,-0.9950327988968976
1789846620.3239799,-0.090972900390625,-0.034393310546875,-0.9951019287109375,-0.08996260306460521,-0.037787816835949534,-0.9950466248597056
1789846620.423521,-0.067352294921875,-0.0186614990234375,-0.969970703125,-0.08544054143605917,-0.033962553273447126,-0.9900314405127645
1789846620.522846,-0.0544891357421875,-0.021514892578125,-0.9780426025390625,-0.07925026029728484,-0.0314730211343827,-0.9876336729180242
1789846620.622552,-0.061187744140625,-0.0051116943359375,-0.991943359375,-0.07563775706595287,-0.026200755774693663,-0.9884956102094193
1789846620.7220201,-0.0738067626953125,-0.0110321044921875,-1.000274658203125,-0.0752715581918248,-0.02316702551819243,-0.9908514198081606
1789846620.821624,-0.06671142578125,-0.029449462890625,-1.009033203125,-0.07355953170970983,-0.024423512992678944,-0.9944877764715285
1789846620.921283,-0.059906005859375,-0.028778076171875,-0.9899749755859375,-0.07082882653964287,-0.025294425628518157,-0.9935852162944104
1789846621.0206652,-0.087646484375,-0.016387939453125,-0.97662353515625,-0.0741923581067143,-0.023513128393439525,-0.9901928800667784
1789846621.120119,-0.0714874267578125,-0.0295867919921875,-1.001007080078125,-0.07365137183693395,-0.02472786111318912,-0.9923557200690478
1789846621.219563,-0.0820159912109375,-0.0456390380859375,-0.9955902099609375,-0.07532429571173466,-0.0289100965077388,-0.9930026180474258
1789846621.31909,-0.1046295166015625,-0.0037841796875,-1.002655029296875,-0.08118533988970023,-0.02388491314369104,-0.9949331002973157
1789846621.41853,-0.1009674072265625,-0.03302001953125,-1.0158843994140625,-0.08514175335707269,-0.025711934421202832,-0.9991233601206652
1789846621.518177,-0.10260009765625,-0.011993408203125,-0.9940185546875,-0.08863342221690816,-0.022968229177587268,-0.9981023990340322
1789846621.617769,-0.08636474609375,-0.011993408203125,-0.9962615966796875,-0.08817968699227653,-0.020773264982694814,-0.9977342385631633
1789846621.717215,-0.0923614501953125,-0.0228424072265625,-0.985443115234375,-0.08901603963288374,-0.021187093431468355,-0.9952760138974057
1789846621.816646,-0.09246826171875,-0.02154541015625,-1.0283355712890625,-0.08970648405005699,-0.021258756776424685,-1.0018879253757371
1789846621.916397,-0.1033477783203125,-0.017242431640625,-0.9876251220703125,-0.0924347429041081,-0.02045549174926475,-0.9990353647146523
1789846622.015789,-0.10711669921875,-0.0254058837890625,-1.0059967041015625,-0.09537113416703648,-0.0214455701572243,-1.0004276325920343
1789846622.115298,-0.10955810546875,-0.025543212890625,-0.997344970703125,-0.09820852842737919,-0.02226509870390444,-0.9998111002142525
1789846622.215009,-0.105255126953125,-0.02484130859375,-1.0067138671875,-0.09961784813252836,-0.022780340681873554,-1.001191653608902
1789846622.3143501,-0.0944366455078125,-0.0201873779296875,-0.9848175048828125,-0.09858160760758519,-0.022261748131436346,-0.9979168238636842
1789846622.413779,-0.0942230224609375,-0.028900146484375,-1.006988525390625,-0.09770989057825566,-0.023589427802024075,-0.9997311641690725
1789846622.513268,-0.0930023193359375,-0.019317626953125,-0.9875946044921875,-0.09676837632979203,-0.02273506763224426,-0.9973038522336956
1789846622.6127548,-0.062744140625,-0.0270233154296875,-1.0170440673828125,-0.08996352918883363,-0.02359271719173291,-1.001251895263519
1789846622.712319,-0.0157928466796875,-0.0326690673828125,-1.010406494140625,-0.0751293926870044,-0.02540798722994883,-1.0030828150389404
1789846622.811915,-0.040496826171875,-0.0274658203125,-0.977935791015625,-0.06820287938397852,-0.025819553846459065,-0.9980534102342773
1789846622.9113011,-0.049591064453125,-0.0194244384765625,-0.9841461181640625,-0.06448051639780783,-0.02454053077247975,-0.9952719518202344
1789846623.010853,-0.03216552734375,-0.02215576171875,-0.999847412109375,-0.05801751858699627,-0.024063576961733803,-0.9961870438780627
1789846623.110354,-0.0430908203125,-0.026702880859375,-1.0040740966796875,-0.05503217893209702,-0.024591437741262046,-0.9977644544383877
1789846623.209965,-0.0462188720703125,-0.0162200927734375,-0.9789886474609375,-0.05326951755974012,-0.022917168747697135,-0.9940092930428978
1789846623.3094711,-0.0391082763671875,-0.023529052734375,-1.023101806640625,-0.0504372693212296,-0.02303954554503271,-0.9998277957624433
1789846623.408973,-0.04486083984375,-0.0181884765625,-0.98345947265625,-0.049321983425733684,-0.022069331748526173,-0.9965541311412047
1789846623.508466,-0.0445556640625,-0.0296783447265625,-1.016815185546875,-0.04836871955308695,-0.02359113434413344,-1.0006063420223388
1789846623.608649,-0.039398193359375,-0.0222625732421875,-0.9844207763671875,-0.046574614314344565,-0.023325422123744253,-0.9973692288913085
1789846623.70807,-0.0401611328125,-0.02984619140625,-1.00653076171875,-0.045291918013975654,-0.024629575980245403,-0.9992015354567969
1789846623.8072271,-0.0409393310546875,-0.0279083251953125,-0.9888458251953125,-0.044421400622118024,-0.025285325823258823,-0.9971303934045
1789846623.906879,-0.043975830078125,-0.029510498046875,-0.99359130859375,-0.04433228651331942,-0.02613036026798206,-0.99642257644235
1789846624.0062609,-0.0384368896484375,-0.023162841796875,-0.9934234619140625,-0.04315320714034304,-0.025536856573760647,-0.9958227535366926
1789846624.1057591,-0.0395050048828125,-0.0234527587890625,-0.990966796875,-0.042423566688836935,-0.02512003701682102,-0.9948515622043541
1789846624.2055202,-0.0417633056640625,-0.0238494873046875,-0.9942626953125,-0.04229151448388205,-0.02486592707439432,-0.9947337888259833
1789846624.30456,-0.0459136962890625,-0.025787353515625,-1.0117034912109375,-0.04301595084491814,-0.025050212362640458,-0.9981277293029741
1789846624.404134,-0.0388641357421875,-0.022247314453125,-1.0014801025390625,-0.04218558782437201,-0.024489632780737368,-0.9987982039501918
1789846624.5039291,-0.0473785400390625,-0.0230865478515625,-0.9996185302734375,-0.043224178267310114,-0.024209015794902394,-0.998962269214841
1789846624.60354,-0.0455169677734375,-0.0247039794921875,-0.9998931884765625,-0.04368273616853559,-0.024308008534359417,-0.9991484530671854
1789846624.702888,-0.042724609375,-0.0260467529296875,-0.9895782470703125,-0.043491110809828475,-0.024655757413425038,-0.9972344118678108
1789846624.802547,-0.0400543212890625,-0.0216827392578125,-0.9869232177734375,-0.04280375290567528,-0.024061153782302534,-0.9951721730489362
1789846624.902385,-0.037933349609375,-0.019866943359375,-0.99078369140625,-0.04182967224641522,-0.02322231169771703,-0.9942944767203991
1789846625.001799,-0.041168212890625,-0.0225677490234375,-1.0,-0.04169738037525718,-0.023091399162861122,-0.9954355813763194
1789846625.101682,-0.0416259765625,-0.0225372314453125,-1.0079498291015625,-0.04168309961270574,-0.0229805656193514,-0.997938430921368
1789846625.2014751,-0.0437469482421875,-0.0241851806640625,-1.00018310546875,-0.0420958693386021,-0.02322148862829362,-0.9983873658308444
1789846625.299889,-0.0449371337890625,-0.023773193359375,-0.9945831298828125,-0.04266412222869418,-0.023331829574509896,-0.9976265186412381
1789846625.399434,-0.044464111328125,-0.0242462158203125,-0.993988037109375,-0.04302412004858035,-0.023514706823670416,-0.9968988223348655
1789846625.4991531,-0.0430450439453125,-0.0275726318359375,-0.9884490966796875,-0.043028304827926786,-0.024326291826123836,-0.99520887720383
1789846625.598586,-0.0608367919921875,0.016998291015625,-1.0380401611328125,-0.04659000226077893,-0.016061375257774072,-1.0037751339896266
1789846625.6979609,-0.04058837890625,-0.0447540283203125,-0.963134765625,-0.04538967758987315,-0.021799905870281758,-0.9956470603167014
1789846625.79742,-0.047119140625,-0.0227813720703125,-0.99493408203125,-0.045735570196898515,-0.021996199110287905,-0.9955044646596112
1789846625.896937,-0.0045013427734375,-0.033355712890625,-1.001129150390625,-0.037488724712206316,-0.024268101866355325,-0.9966294018058139
1789846625.996519,0.00836181640625,-0.028564453125,-1.004425048828125,-0.028318616488515056,-0.025127372118084263,-0.9981885312102763
1789846626.096122,0.0176849365234375,-0.022430419921875,-0.9946136474609375,-0.019117905886124546,-0.02458798167884241,-0.9974735544604085
1789846626.19562,0.0344390869140625,-0.0233001708984375,-1.0036163330078125,-0.008406507326087137,-0.02433041952276143,-0.9987021101698893
1789846626.2953448,0.0556793212890625,-0.0245513916015625,-1.00701904296875,0.004410658396942791,-0.024374613938521646,-1.0003654967296616
1789846626.3947701,0.0752410888671875,-0.0330047607421875,-1.0079803466796875,0.018576744490991733,-0.026100643299254815,-1.0018884667196668
1789846626.494417,0.0826568603515625,-0.028289794921875,-0.9846343994140625,0.03139276766310589,-0.02653847362377885,-0.998437653258546
1789846626.59369,0.09149169921875,-0.0177154541015625,-1.002532958984375,0.04341255397423471,-0.024773869719335585,-0.9992567144037119
1789846626.6932812,0.084259033203125,-0.015228271484375,-0.9796600341796875,0.05158184982001277,-0.022864750072343468,-0.995337378358907
1789846626.792757,0.0809783935546875,-0.0192413330078125,-1.0090484619140625,0.05746115856694772,-0.022140066659437276,-0.9980795950699382
1789846626.892576,0.1109771728515625,-0.0096282958984375,-0.9644775390625,0.06816436142387068,-0.019637712507237323,-0.9913591838684506
1789846626.991823,0.0637054443359375,-0.060333251953125,-0.965057373046875,0.06727257800628406,-0.02777682039641486,-0.9860988217041355
1789846627.09132,0.035369873046875,-0.07940673828125,-0.9333953857421875,0.060892037014402246,-0.038102803973381894,-0.9755581345117459
1789846627.190865,0.0353851318359375,-0.07763671875,-1.0508575439453125,0.0557906559787093,-0.04600958692870551,-0.9906180163984593
1789846627.2903662,0.04327392578125,-0.0459136962890625,-1.0057373046875,0.053287309939217445,-0.045990408800776914,-0.9936418740562675
1789846627.389821,0.049713134765625,-0.03033447265625,-0.98687744140625,0.052572474904498956,-0.04285922157187153,-0.9922889875262639
1789846627.4895182,0.0947723388671875,0.020050048828125,-0.9579010009765625,0.06101244769703666,-0.030277367491872226,-0.9854113902163237
1789846627.5895128,0.05010986328125,-0.01373291015625,-0.973480224609375,0.058831930813879336,-0.026968476024747782,-0.983025157094934
1789846627.688281,-0.0192108154296875,0.026580810546875,-1.0858306884765625,0.04322338156516597,-0.016258618710423226,-1.0035862633712598
1789846627.78846,-0.00347900390625,-0.035064697265625,-1.04986572265625,0.033882904470882776,-0.02001983442146358,-1.0128421552282578
1789846627.887722,-0.06982421875,-0.0897674560546875,-1.0673675537109375,0.013141479826706222,-0.033969358748108365,-1.0237472349247938
1789846627.986901,0.0091094970703125,-0.1138458251953125,-0.9501800537109375,0.012335083275427478,-0.04994465203754919,-1.0090337986820226
1789846628.086415,-0.0059967041015625,-0.0145721435546875,-0.918487548828125,0.008668725800029482,-0.042870150340976854,-0.9909245487112431
1789846628.1859179,0.0740966796875,0.0647125244140625,-0.8831634521484375,0.021754316577523587,-0.021353615389968984,-0.9693723293986821
1789846628.2854052,0.0653839111328125,0.00262451171875,-0.9225006103515625,0.03048023548858137,-0.016557989968225186,-0.9599979855892583
1789846628.385025,0.0045928955078125,-0.188873291015625,-0.7967681884765625,0.0253027674924276,-0.051021050177705154,-0.9273520261667192
1789846628.484751,0.038177490234375,-0.1636810302734375,-0.8462371826171875,0.02787771204081708,-0.07355304619685163,-0.9111290574568129
1789846628.584022,0.0438690185546875,-0.034210205078125,-1.012969970703125,0.031075973343591166,-0.06568447797310631,-0.9314972401060755
1789846628.6835809,0.0690765380859375,0.1261444091796875,-1.0001678466796875,0.03867608629206044,-0.02731870054254755,-0.945231361420798
1789846628.783195,0.1507568359375,-0.031158447265625,-0.8690185546875,0.06109223622114835,-0.028086649887163043,-0.9299888000741384
1789846628.882557,0.0773468017578125,0.137237548828125,-1.0354156494140625,0.06434314932848119,0.004978189855894568,-0.9510741699421233
1789846628.9821138,0.084136962890625,-0.018218994140625,-1.0378570556640625,0.06830191204090995,0.0003387530565906547,-0.9684307470865112
1789846629.081717,0.0092010498046875,-0.236663818359375,-1.0202178955078125,0.05648173959366546,-0.04706176122660247,-0.9787881767707716
1789846629.1811872,0.0264129638671875,-0.0766143798828125,-1.025146484375,0.050467984448369876,-0.05297228495784448,-0.9880598382916174
1789846629.280664,0.0277557373046875,0.1988525390625,-1.1204833984375,0.04592553501963341,-0.002607320153775586,-1.014544550320794
1789846629.380175,-0.021484375,0.2257232666015625,-0.943817138671875,0.03244355301570673,0.04305879719729204,-1.0003990679910102
1789846629.479974,0.09539794921875,-0.1219635009765625,-0.954345703125,0.045034432256315385,0.010054337562521134,-0.9911883950178082
1789846629.579225,0.0711212158203125,-0.0233917236328125,-1.095428466796875,0.05025178896911481,0.0033651253234544074,-1.0120364093736216
1789846629.67879,-0.0410308837890625,-0.09674072265625,-0.9029998779296875,0.031995254417479344,-0.016656044272486473,-0.9902291030848349
1789846629.778378,0.01251220703125,-0.078948974609375,-0.957550048828125,0.028098644940233477,-0.029114630339864177,-0.983693292233493
1789846629.877707,-0.0661163330078125,-0.0373382568359375,-1.02777099609375,0.009255649350624283,-0.030759355639078844,-0.9925088330055445
1789846629.977316,-0.0052032470703125,0.0260162353515625,-1.0807647705078125,0.006363870066436927,-0.019404237440950576,-1.0101600205059982
1789846630.076923,-0.020599365234375,-0.0111236572265625,-1.1009063720703125,0.0009712230062745419,-0.017748121398072962,-1.0283092908188611
1789846630.176398,0.0030059814453125,0.0699920654296875,-1.08294677734375,0.0013781746940821336,-0.00020008403252086936,-1.039236788123839
1789846630.275836,0.086761474609375,0.1744842529296875,-0.9823150634765625,0.018454834677140708,0.0347367833599208,-1.0278524431943836
1789846630.375586,0.0200042724609375,-0.2303619384765625,-0.673370361328125,0.018764722233900067,-0.018282961007375857,-0.9569560268211319
1789846630.475183,0.00128173828125,-0.1617584228515625,-1.0653228759765625,0.015268125443370053,-0.04697805337621319,-0.978629396652218
1789846630.574369,-0.0806732177734375,-0.12103271484375,-0.8959503173828125,-0.003920143199991458,-0.061788985669720554,-0.962093580798337
1789846630.6741118,0.0196533203125,0.0050506591796875,-1.1336212158203125,0.0007945495025068333,-0.04842105669983895,-0.9963991078027321
1789846630.773701,0.0042877197265625,-0.0490570068359375,-0.9985809326171875,0.0014931835473179667,-0.04854824672705866,-0.9968354727656232
1789846630.8732529,0.068115234375,0.0449676513671875,-1.1221923828125,0.014817593712854375,-0.02984506710820943,-1.0219068547749985
1789846630.972614,-0.0408935546875,-0.077056884765625,-0.88543701171875,0.0036753640327835003,-0.03928743063969255,-0.9946128861637489
1789846631.072304,0.0006103515625,-0.0533447265625,-0.8855743408203125,0.0030623615387268006,-0.04209888982425404,-0.9728051770950616
1789846631.171558,-0.183563232421875,-0.0830230712890625,-0.927276611328125,-0.03426275725339356,-0.05028372611721574,-0.9636994639416744
1789846631.271268,0.0266571044921875,-0.0994720458984375,-0.911712646484375,-0.022078784904277348,-0.060121390073460096,-0.9533021004502146
1789846631.370708,0.048248291015625,-0.032684326171875,-0.9029388427734375,-0.008013369720296877,-0.05463397729314308,-0.9432294489148592
1789846631.4702249,-0.0067138671875,-0.055816650390625,-1.0097808837890625,-0.007753469213737502,-0.05487051191263947,-0.9565397358896999
1789846631.569669,0.0278472900390625,0.053131103515625,-0.999969482421875,-0.0006333173631775024,-0.033270188826986576,-0.9652256851961349
1789846631.669201,-0.0568389892578125,-0.0941619873046875,-1.0238037109375,-0.011874451742104502,-0.04544854852252676,-0.9769412903444079
1789846631.7688599,-0.0212554931640625,0.0238189697265625,-1.0369110107421875,-0.013750660026496104,-0.03159504487270891,-0.9889352344239639
1789846631.86838,0.0445709228515625,-0.05291748046875,-0.7978668212890625,-0.002086343450884383,-0.035859531991917125,-0.9507215517969837
1789846631.9680471,-0.024871826171875,-0.057952880859375,-0.9196624755859375,-0.006643439995082506,-0.0402782017654087,-0.9445097365547745
1789846632.0671902,0.022735595703125,-0.07720947265625,-0.8051605224609375,-0.0007676328554410052,-0.04766445594357696,-0.9166398937360072
1789846632.166815,-0.0057525634765625,-0.1820220947265625,-1.0957489013671875,-0.0017646189796653043,-0.07453598370017407,-0.9524616952622433
1789846632.266316,0.0065460205078125,-0.116363525390625,-1.136566162109375,-0.00010249108216974336,-0.08290149203826426,-0.9892825886316696
1789846632.365814,-0.0210113525390625,0.0561370849609375,-1.18328857421875,-0.0042842633735482956,-0.05509377663842391,-1.0280837857490859
1789846632.465379,-0.1466522216796875,0.260101318359375,-1.290771484375,-0.032757855034776136,0.007945242361135876,-1.0806213254742687
1789846632.564919,-0.07928466796875,0.0025634765625,-0.860931396484375,-0.042063217621570906,0.006868889201408702,-1.03668333967629
1789846632.664401,0.0021514892578125,-0.1379241943359375,-0.9200592041015625,-0.03322027624569423,-0.02208972750606054,-1.0133585125613447
1789846632.764107,-0.021270751953125,-0.2008056640625,-0.967254638671875,-0.030830371387180384,-0.05783291481734844,-1.0041377377834508
1789846632.863647,-0.07257080078125,0.0097808837890625,-1.045928955078125,-0.03917845726599431,-0.044310155096066256,-1.0124959812423857
1789846632.963005,0.0515899658203125,0.0360107421875,-1.143768310546875,-0.02102477264873295,-0.028245975639353008,-1.0387504471032836
1789846633.0625448,0.00286865234375,0.1113128662109375,-1.08038330078125,-0.01624608765023636,-0.00033420726929490885,-1.0470770178388769
1789846633.16218,-0.030731201171875,-0.1504058837890625,-0.834869384765625,-0.019143110354564088,-0.030348542573248427,-1.0046354912242266
1789846633.261689,-0.043243408203125,-0.110076904296875,-0.809295654296875,-0.023963169924276273,-0.046294214917973746,-0.9655675238387563
1789846633.360996,-0.0059814453125,-0.0790252685546875,-0.772430419921875,-0.02036682500192102,-0.05284042564531649,-0.9269401030553801
1789846633.460566,0.026947021484375,0.022979736328125,-0.835784912109375,-0.010904055704661818,-0.0376763932506282,-0.9087090648661792
1789846633.560283,-0.06768798828125,-0.1458740234375,-0.901275634765625,-0.022260842219979454,-0.05931591928800256,-0.9072223788460685
1789846633.659615,0.02618408203125,0.150726318359375,-1.0493316650390625,-0.012571857369733562,-0.017307471758527048,-0.9356442360846674
1789846633.759369,-0.063507080078125,0.1490325927734375,-0.9563446044921875,-0.022758901911411854,0.01596054114786586,-0.9397843097661714
1789846633.858714,-0.0473175048828125,0.02728271484375,-0.8058624267578125,-0.027670622505691984,0.018224975887042687,-0.9129999331644997
1789846633.958441,-0.0575408935546875,-0.1172332763671875,-1.0484619140625,-0.03364467671549109,-0.008866674563803353,-0.9400923293440998
1789846634.0579581,-0.05499267578125,0.0268096923828125,-0.9361114501953125,-0.037914276528642876,-0.0017314011744801816,-0.9392961535143425
1789846634.157174,-0.1104888916015625,0.0422515869140625,-1.0222015380859375,-0.05242919954322681,0.007065196443228356,-0.9558772304286616
1789846634.2567239,-0.08343505859375,0.1761474609375,-0.927398681640625,-0.05863037135333145,0.04088164934208269,-0.9501815206710543
1789846634.356255,-0.13214111328125,0.069122314453125,-1.012969970703125,-0.07333251973891516,0.04652978236429115,-0.9627392106774686
1789846634.455786,-0.0954742431640625,0.006805419921875,-0.9616851806640625,-0.07776086442394464,0.03858490987580792,-0.9625284046747874
1789846634.555253,-0.157440185546875,0.03375244140625,-1.07196044921875,-0.09369672864853071,0.03761841618189634,-0.98441481358358
1789846634.654892,-0.07177734375,-0.087158203125,-0.9672088623046875,-0.08931285166882458,0.012663092320517072,-0.9809736233278016
1789846634.754509,-0.10662841796875,-0.0424957275390625,-1.01806640625,-0.09277596492880967,0.001631328348601158,-0.9883921799122413
1789846634.8538089,-0.1745452880859375,-0.060211181640625,-0.8904266357421875,-0.10912982956023524,-0.010737173649244074,-0.9687990710782306
1789846634.953326,-0.01531982421875,-0.204864501953125,-1.0252532958984375,-0.09036782849193821,-0.049562639310020265,-0.980089916042272
1789846635.05288,-0.08978271484375,0.09527587890625,-0.9535675048828125,-0.09025080576230057,-0.020594935666766213,-0.9747854338103802
1789846635.152257,-0.0238037109375,-0.0008087158203125,-0.95001220703125,-0.07696138679734046,-0.01663769169747547,-0.9698307884545542
1789846635.2518249,-0.1354522705078125,0.18304443359375,-1.1392822265625,-0.08865956353943488,0.023298733360769628,-1.0037210760761435
1789846635.3514519,0.022186279296875,0.0832977294921875,-1.105560302734375,-0.0664903949721729,0.035298532587053205,-1.0240889214077897
1789846635.451092,-0.175384521484375,0.0455780029296875,-0.946014404296875,-0.08826922027461333,0.037354426655580066,-1.0084740179856069
1789846635.550394,-0.13287353515625,-0.167510986328125,-0.9755401611328125,-0.09719008325094067,-0.003618655941160946,-1.0018872466150481
1789846635.64996,-0.05255126953125,-0.141876220703125,-0.93145751953125,-0.08826232050700254,-0.03127016889355376,-0.9878013011982886
1789846635.7496629,-0.1329803466796875,0.0728302001953125,-0.9772491455078125,-0.09720592574153954,-0.010450095075780508,-0.9856908700601934
1789846635.848978,-0.15338134765625,0.075714111328125,-1.079132080078125,-0.10844101012448162,0.006782746205000594,-1.0043791120637797
1789846635.948576,-0.03082275390625,-0.0383453369140625,-1.0093994140625,-0.0929173588808353,-0.002242870418812025,-1.0053831724635238
1789846636.0532022,-0.0533294677734375,-0.060211181640625,-0.8955535888671875,-0.08499978065935575,-0.013836532663174621,-0.9834172557442566
1789846636.152391,-0.0839691162109375,0.048065185546875,-0.9953765869140625,-0.0847936477696721,-0.0014561890211646986,-0.9858091219782178
1789846636.2520251,-0.05438232421875,0.0091094970703125,-0.9481048583984375,-0.07871138305948769,0.0006569481971307413,-0.9782682692622617
1789846636.3516998,-0.1016693115234375,-0.0977325439453125,-1.1758270263671875,-0.08330296875227766,-0.019020950231357907,-1.017780020683247
1789846636.451026,-0.1025390625,-0.0762786865234375,-1.1302947998046875,-0.08715018750182213,-0.030472497489773827,-1.0402829765075352
1789846636.550572,-0.0023651123046875,0.1444091796875,-0.9465789794921875,-0.0701931724623952,0.00450383794568094,-1.0215421771044657
1789846636.650196,0.002532958984375,0.0449981689453125,-0.8141021728515625,-0.05564794617304117,0.012602704145607253,-0.9800541762538851
1789846636.749707,-0.0286712646484375,-0.0797882080078125,-0.95941162109375,-0.05025260986812044,-0.005875478285076697,-0.9759256652218582
1789846636.849166,-0.15716552734375,-0.1737823486328125,-1.050262451171875,-0.07163519336324636,-0.03945685235462386,-0.9907930224118616
1789846636.948595,-0.1134033203125,-0.1424713134765625,-0.9290924072265625,-0.0799888187530971,-0.06005974457901159,-0.9784528993748018
1789846637.0482311,-0.0795745849609375,0.072967529296875,-1.0694580078125,-0.07990597199466519,-0.03345428980383427,-0.9966539210623415
1789846637.148051,-0.1044464111328125,0.0528564453125,-1.0607452392578125,-0.08481405982229466,-0.016192142780567416,-1.0094721847014356
1789846637.2475538,-0.060302734375,-0.024261474609375,-1.0254669189453125,-0.07991179473283574,-0.017806009146328933,-1.012671131550211
1789846637.3469238,-0.149261474609375,-0.194244384765625,-1.0523223876953125,-0.0937817307081436,-0.053093684270188145,-1.0206013827792315
1789846637.446243,-0.0450286865234375,-0.256744384765625,-0.9301910400390625,-0.08403112187120239,-0.09382382436927553,-1.0025193142311977
1789846637.545815,-0.147552490234375,0.044586181640625,-1.038726806640625,-0.09673539554383691,-0.06614182316729543,-1.0097608127130833
1789846637.6453261,-0.1396026611328125,0.0822906494140625,-0.9909515380859375,-0.10530884866163204,-0.03645532865102384,-1.0059989577876542
1789846637.7449021,-0.0870513916015625,0.0037994384765625,-0.9958038330078125,-0.10165735724961814,-0.028404375225506574,-1.003959932831686
1789846637.844351,-0.1191253662109375,-0.175689697265625,-1.0082244873046875,-0.10515095904188201,-0.057861439633530264,-1.0048128437262864
1789846637.9437962,-0.08880615234375,-0.05078125,-1.0339813232421875,-0.10188199770225562,-0.05644540170682421,-1.0106465396294668
1789846638.043456,-0.074951171875,0.0260009765625,-0.942840576171875,-0.0964958325368045,-0.03995612605295937,-0.9970853469379485
1789846638.142915,-0.10882568359375,0.023468017578125,-0.980194091796875,-0.0989618027481936,-0.027271297326742494,-0.9937070959097338
1789846638.242284,-0.1077423095703125,0.074188232421875,-1.010833740234375,-0.10071790411261738,-0.006979391377018994,-0.997132424774662
1789846638.3423262,-0.098175048828125,0.062744140625,-0.99444580078125,-0.10020933305571891,0.006965315023384806,-0.9965950999759797
1789846638.441485,-0.026092529296875,-0.097869873046875,-0.9885711669921875,-0.08538597230395013,-0.014001722590667159,-0.9949903133792214
1789846638.541075,-0.0438995361328125,-0.090423583984375,-0.9216766357421875,-0.0770886850697226,-0.029286094869408728,-0.9803275778518147
1789846638.640609,-0.066192626953125,-0.030364990234375,-0.960906982421875,-0.07490947344640309,-0.029501873942401984,-0.9764434587658268
1789846638.740117,-0.077850341796875,0.0635833740234375,-0.97088623046875,-0.07549764711649748,-0.010884824349234087,-0.9753320131064115
1789846638.8395882,-0.068206787109375,0.0375213623046875,-1.0382843017578125,-0.07403947511507299,-0.0012035870184497694,-0.9879224708366917
1789846638.93924,-0.0600128173828125,-0.0006256103515625,-0.9906768798828125,-0.0712341435686209,-0.0010879916850723155,-0.988473352645916
1789846639.03855,-0.059478759765625,-0.0171966552734375,-1.0333404541015625,-0.06888306680802173,-0.004309724402745353,-0.9974467729370453
1789846639.138169,-0.0317535400390625,-0.034210205078125,-0.9615936279296875,-0.061457161454229886,-0.010289820537821282,-0.9902761439355738
1789846639.237805,-0.04638671875,-0.03228759765625,-1.0110626220703125,-0.05844307291338391,-0.014689375961507026,-0.9944334395625216
1789846639.33747,-0.1217803955078125,0.013275146484375,-1.0755462646484375,-0.07111053743226962,-0.00909647147233062,-1.0106560045797048
1789846639.436788,-0.0621185302734375,-0.0401611328125,-1.0760345458984375,-0.0693121360005032,-0.015309403740364496,-1.0237317128434513
1789846639.5362701,-0.04522705078125,-0.05010986328125,-0.97052001953125,-0.06449511895665257,-0.0222694956485416,-1.0130893741810112
1789846639.635849,-0.013427734375,-0.0034637451171875,-1.0045928955078125,-0.054281642040322056,-0.018508345542270783,-1.0113900784463716
1789846639.735314,-0.0353546142578125,0.0072784423828125,-0.9707794189453125,-0.05049623648382015,-0.013350987957254127,-1.0032679465461598
1789846639.834867,-0.0685882568359375,-0.0356292724609375,-1.0364227294921875,-0.05411464055424362,-0.0178066448579908,-1.0098989031353653
1789846639.9343538,-0.0511474609375,-0.039276123046875,-0.992889404296875,-0.0535212046308949,-0.022100540495767644,-1.0064970033676675
1789846640.033852,-0.080963134765625,-0.0486907958984375,-1.0241851806640625,-0.05900959065784092,-0.027418591576301617,-1.0100346388269466
1789846640.133316,-0.0541839599609375,-0.048980712890625,-1.0066680908203125,-0.05804446451846024,-0.03173101583916629,-1.0093613292256198
1789846640.2328,-0.0690460205078125,-0.0106353759765625,-0.9890289306640625,-0.06024477571633069,-0.02751188786664554,-1.0052948495133083
1789846640.332309,-0.0566253662109375,0.000640869140625,-1.0143280029296875,-0.05952089381525205,-0.021881336465191432,-1.0071014801965843
1789846640.431942,-0.115936279296875,-0.03253173828125,-1.0362548828125,-0.07080397091157664,-0.02401141682840315,-1.0129321607197674
1789846640.531398,-0.093292236328125,-0.076507568359375,-1.0408935546875,-0.07530162399488631,-0.03451064713459752,-1.018524439513314
1789846640.6311479,-0.1044464111328125,-0.0679931640625,-1.013580322265625,-0.08113058142247155,-0.04120715052017802,-1.0175356160637763
1789846640.730425,-0.119384765625,-0.03216552734375,-0.990264892578125,-0.08878141826297725,-0.039398825884892415,-1.0120814713666462
1789846640.830011,-0.1095123291015625,-0.036590576171875,-0.951416015625,-0.09292760043069431,-0.03883717594228893,-0.999948380218317
1789846640.9295058,-0.087371826171875,0.0002288818359375,-0.9524993896484375,-0.09181644557893046,-0.031023964386643645,-0.9904585821043411
1789846641.029114,-0.0620269775390625,-0.01617431640625,-0.9350433349609375,-0.08585855197095686,-0.028054034790564918,-0.9793755326756605
1789846641.128531,-0.1169281005859375,-0.0286712646484375,-1.00860595703125,-0.092072461693953,-0.028177480762139436,-0.9852216175467784
1789846641.2281132,-0.100341796875,-0.043487548828125,-1.0161590576171875,-0.0937263287301624,-0.03123949437533655,-0.9914091055608603
1789846641.3279982,-0.0851287841796875,-0.0636138916015625,-1.0039215087890625,-0.09200681982006742,-0.037714373820581744,-0.9939115862065008
1789846641.4272718,-0.0670166015625,0.027923583984375,-1.01324462890625,-0.08700877616855393,-0.024586782259590396,-0.9977781947464507
1789846641.526771,-0.0276947021484375,-0.02978515625,-1.0233306884765625,-0.07514596136453065,-0.02562645705767232,-1.0028886934924732
1789846641.626441,-0.01983642578125,-0.0485992431640625,-1.0096435546875,-0.06408405424787453,-0.030221014278950357,-1.0042396657314787
1789846641.7257318,0.02655029296875,-0.0424957275390625,-0.995086669921875,-0.045957184804549626,-0.03267595693097279,-1.002409066569558
1789846641.825365,0.0047607421875,-0.0464324951171875,-0.99053955078125,-0.0358135994061397,-0.03542726456821573,-1.0000351634118965
1789846641.9247751,-0.012420654296875,-0.05029296875,-0.9936676025390625,-0.03113501038428676,-0.03840040540457258,-0.9987616512373296
1789846642.024311,-0.008575439453125,-0.07586669921875,-1.003326416015625,-0.026623096198054412,-0.04589366416740807,-0.9996746041929888
1789846642.123873,0.0149383544921875,-0.043853759765625,-1.020660400390625,-0.01831080606000603,-0.04548568328705146,-1.003871763432516
1789846642.223304,-0.01116943359375,-0.0178375244140625,-0.9859161376953125,-0.016882531566754826,-0.03995605151245367,-1.0002806382850755
1789846642.322874,0.006591796875,-0.0360565185546875,-0.9990386962890625,-0.012187665878403862,-0.039176144920900435,-1.000032249885873
1789846642.4222589,-0.0009307861328125,-0.035369873046875,-1.010345458984375,-0.00993628992928559,-0.03841489054609535,-1.0020948917055734
1789846642.521697,0.001708984375,-0.058013916015625,-0.98297119140625,-0.007607235068428473,-0.04233469564000128,-0.9982701516457088
1789846642.6214519,0.017120361328125,0.009918212890625,-0.96551513671875,-0.0026617157891177788,-0.031884113933876024,-0.991719148660317
1789846642.721019,0.00677490234375,0.011474609375,-0.9310150146484375,-0.0007743921625442229,-0.023212369272100818,-0.9795783218579411
1789846642.820418,-0.0270538330078125,-0.0479736328125,-0.96917724609375,-0.006030280331597878,-0.028164621980180653,-0.977498106705103
1789846642.9201422,-0.008544921875,-0.048187255859375,-0.9684906005859375,-0.006533208640278303,-0.032169148756019526,-0.9756966054812699
1789846643.0192962,-0.0025482177734375,-0.097015380859375,-0.9700927734375,-0.005736210466910143,-0.045138395176690625,-0.9745758390725159
1789846643.118923,-0.002593994140625,-0.041595458984375,-1.0010986328125,-0.005107767201653114,-0.0444298079382275,-0.9798803978205127
1789846643.2184238,-0.043548583984375,0.033294677734375,-1.0514678955078125,-0.012795930558197492,-0.028884910803706997,-0.9941978973579728
1789846643.317986,-0.0392608642578125,-0.042266845703125,-0.94927978515625,-0.018088917298120497,-0.0315612977835906,-0.9852142749176284
1789846643.417457,-0.0511016845703125,-0.0633544921875,-1.0969085693359375,-0.024691470752558897,-0.03791993666437248,-1.0075531338012902
1789846643.5169148,-0.0602569580078125,-0.024139404296875,-1.11846923828125,-0.03180456820360962,-0.035163830190872984,-1.0297363546972822
1789846643.616529,-0.0823516845703125,-0.1228790283203125,-1.005828857421875,-0.0419139914769502,-0.05270686981676089,-1.0249548552422008
1789846643.7159839,-0.0620574951171875,-0.228057861328125,-0.9141387939453125,-0.045942692204997665,-0.08777706811903371,-1.0027916429828232
1789846643.8155031,-0.0545654296875,-0.1712188720703125,-0.966400146484375,-0.04766723970149814,-0.10446542890928948,-0.9955133436831336
1789846643.915303,-0.0103912353515625,-0.0821075439453125,-1.005218505859375,-0.04021203883151101,-0.09999385191649408,-0.997454376118382
1789846644.0146332,-0.010284423828125,-0.0255584716796875,-1.0611419677734375,-0.03422651583083381,-0.08510677586913278,-1.010191894449393
1789846644.11408,0.0503082275390625,-0.038055419921875,-0.99859619140625,-0.017319567156854548,-0.07569650467968123,-1.0078727538407646
1789846644.213939,-0.01141357421875,-0.014495849609375,-1.0434112548828125,-0.01613836856923364,-0.06345637366561999,-1.0149804540491743
1789846644.313215,-0.0670318603515625,0.0100250244140625,-1.0439605712890625,-0.026317066925699413,-0.04876009404968349,-1.020776477497152
1789846644.412716,-0.030120849609375,-0.2122344970703125,-0.927459716796875,-0.027077823462434533,-0.0814549746538093,-1.0021131253570967
1789846644.512291,-0.0808868408203125,-0.0495758056640625,-1.0477447509765625,-0.03783962693401013,-0.07507914085585994,-1.01123945048099
1789846644.611772,-0.052001953125,-0.0552978515625,-1.00390625,-0.0406720921722081,-0.07112288299718796,-1.009772810384792
1789846644.711258,-0.0152435302734375,-0.1107025146484375,-0.986572265625,-0.035586379792453986,-0.07903880932743787,-1.0051327014328337
1789846644.810688,-0.07904052734375,-0.195770263671875,-0.9612579345703125,-0.044277209302713186,-0.1023851001963253,-0.9963577480603295
1789846644.9103332,-0.06427001953125,-0.070587158203125,-1.1092376708984375,-0.04827577134842055,-0.09602551179768525,-1.0189337326279513
1789846645.009842,-0.14337158203125,-0.082275390625,-0.96923828125,-0.06729493348498644,-0.09327548756314821,-1.008994642352361
1789846645.109353,-0.0738983154296875,-0.0804595947265625,-0.9874267578125,-0.06861560987392666,-0.09071230899583108,-1.0046810654443887
1789846645.2089028,-0.1125030517578125,-0.01458740234375,-0.966033935546875,-0.07739309825070384,-0.07548732766541486,-0.9969516394648861
1789846645.308354,-0.0886688232421875,-0.020355224609375,-0.972991943359375,-0.07964824324900058,-0.06446090705420689,-0.9921597002437839
1789846645.408018,-0.1094207763671875,-0.024505615234375,-0.97662353515625,-0.08560274987263797,-0.05646984869024051,-0.9890524672262772
1789846645.5080218,-0.1201019287109375,-0.061370849609375,-0.9736328125,-0.09250258564029787,-0.05745004887406741,-0.9859685362810218
1789846645.606985,-0.1713409423828125,-0.045867919921875,-0.9766082763671875,-0.1082702569888008,-0.05513362308362893,-0.9840964842982549
1789846645.7064729,-0.1806182861328125,-0.0198974609375,-0.9726104736328125,-0.12273986281760316,-0.04808639065440315,-0.9817992821651664
1789846645.806047,-0.1385955810546875,-0.0160369873046875,-1.00115966796875,-0.12591100646502004,-0.04167650998446002,-0.9856713593258832
1789846645.905497,-0.200164794921875,-0.0359649658203125,-1.0164031982421875,-0.14076176415639105,-0.04053420115163052,-0.9918177271091442
1789846646.005261,-0.193145751953125,-0.0572662353515625,-1.0219268798828125,-0.15123856171573785,-0.043880607991616916,-0.9978395576638779
1789846646.104543,-0.18060302734375,-0.051971435546875,-1.004364013671875,-0.1571114548413403,-0.04549877350266854,-0.9991444488654774
1789846646.204341,-0.18670654296875,-0.0767669677734375,-0.98388671875,-0.16303047246682226,-0.05175241235682233,-0.9960929028423819
1789846646.303691,-0.1908416748046875,-0.083740234375,-0.9807891845703125,-0.16859271293439532,-0.05814997676045787,-0.9930321591879682
1789846646.403086,-0.0996856689453125,-0.0486297607421875,-1.0321502685546875,-0.15481130413657876,-0.0562459335568038,-1.0008557810613121
1789846646.502605,0.055694580078125,-0.0899658203125,-0.950347900390625,-0.11271012729363801,-0.06298991090794305,-0.9907542049271748
1789846646.60215,0.0277862548828125,-0.098846435546875,-0.9678955078125,-0.08461085085834792,-0.07016121583572944,-0.9861824655042399
1789846646.701682,-0.045257568359375,-0.0888671875,-0.837493896484375,-0.07674019435855334,-0.07390241016858355,-0.956444751700267
1789846646.801208,-0.0194244384765625,-0.0915069580078125,-0.9992523193359375,-0.06527704318215517,-0.07742331973642935,-0.9650062652274012
1789846646.900723,0.0132293701171875,-0.086395263671875,-1.0173187255859375,-0.04957576052228664,-0.07921770852351848,-0.9754687572991085
1789846647.000214,-0.02410888671875,-0.0808868408203125,-0.9948272705078125,-0.04448238576157931,-0.07955153498287729,-0.9793404599408494
1789846647.099736,-0.0194091796875,-0.089385986328125,-0.9921417236328125,-0.03946774454676345,-0.08151842525192683,-0.9819007126792421
1789846647.199532,0.0047454833984375,-0.0924224853515625,-0.9972991943359375,-0.03062509895772326,-0.08369923727185397,-0.9849804090105813
1789846647.298743,-0.0169525146484375,-0.0890655517578125,-0.989105224609375,-0.02789058209586611,-0.08477250016904567,-0.98580537213034
1789846647.398368,-0.0287933349609375,-0.0829925537109375,-0.9951324462890625,-0.02807113266888039,-0.08441651087742404,-0.9876707869620845
1789846647.49783,-0.0021209716796875,-0.0805511474609375,-1.000152587890625,-0.022881100471041815,-0.08364343819412673,-0.9901671471477926
1789846647.597301,-0.0068359375,-0.09796142578125,-0.9841156005859375,-0.01967206787683345,-0.08650703571155138,-0.9889568378354217
1789846647.696954,-0.01287841796875,-0.0811920166015625,-1.007659912109375,-0.01831333789521676,-0.0854440318895536,-0.9926974526902124
1789846647.796242,-0.0109710693359375,-0.06561279296875,-1.0023040771484375,-0.01684488418336091,-0.08147778410539289,-0.9946187775818575
1789846647.895982,-0.0114288330078125,-0.0732269287109375,-0.9965667724609375,-0.015761673948251228,-0.07982761302650182,-0.9950083765576736
1789846647.995383,-0.0174713134765625,-0.092864990234375,-0.9927215576171875,-0.016103601853913484,-0.08243508846807646,-0.9945510127695765
1789846648.095172,-0.0138397216796875,-0.0900421142578125,-0.9951019287109375,-0.01565082581906829,-0.08395649362602367,-0.9946611959578487
1789846648.1947541,-0.006683349609375,-0.0886993408203125,-1.0123138427734375,-0.013857330577129632,-0.08490506306488145,-0.9981917253209666
1789846648.294148,-0.0142059326171875,-0.0770416259765625,-0.99053955078125,-0.013927050985141206,-0.08333237564721767,-0.9966612904130232
1789846648.393515,-0.012969970703125,-0.0846405029296875,-1.00299072265625,-0.013735634928737965,-0.08359400110371165,-0.9979271768616687
1789846648.493236,-0.0114593505859375,-0.0789947509765625,-0.99761962890625,-0.013280378060177874,-0.08267415107828183,-0.997865667270585
1789846648.592356,-0.0108795166015625,-0.09197998046875,-0.997711181640625,-0.0128002057684548,-0.08453531695637546,-0.9978347701445931
1789846648.692168,-0.015350341796875,-0.0915374755859375,-0.9900360107421875,-0.01331023297413884,-0.08593574868228787,-0.996275018264112
1789846648.791605,-0.0146331787109375,-0.0881805419921875,-0.998870849609375,-0.013574822121498572,-0.0863847073442678,-0.9967941845331647
1789846648.8911219,-0.009674072265625,-0.0848236083984375,-1.001251220703125,-0.012794672150323858,-0.08607248755510175,-0.9976855917671568
1789846648.990583,-0.0180511474609375,-0.08367919921875,-0.982330322265625,-0.013845967212446587,-0.0855938298878314,-0.9946145378668504
1789846649.090136,-0.01031494140625,-0.08148193359375,-1.01458740234375,-0.01313976205120727,-0.08477145062901513,-0.9986091107622304
1789846649.189666,-0.0123138427734375,-0.0962982177734375,-0.9880828857421875,-0.012974578195653317,-0.08707680405789961,-0.9965038657582218
1789846649.289195,-0.009368896484375,-0.084442138671875,-0.990753173828125,-0.012253441853397655,-0.0865498709806947,-0.9953537273722025
1789846649.3885899,-0.019195556640625,-0.0865020751953125,-0.9810333251953125,-0.013641864810843125,-0.08654031182361827,-0.9924896469368245
1789846649.488356,-0.010009765625,-0.089691162109375,-1.0081787109375,-0.012915444973674502,-0.08717048188076962,-0.9956274597369597
1789846649.58919,-0.0174560546875,-0.086029052734375,-0.9827880859375,-0.013823566916439604,-0.0869421960514907,-0.9930595849770677
1789846649.687529,-0.0127105712890625,-0.0870361328125,-1.004425048828125,-0.013600967790964183,-0.08696098340369257,-0.9953326777472793
1789846649.7866879,-0.0194244384765625,-0.0909271240234375,-0.9806365966796875,-0.014765661928083847,-0.08775421152764157,-0.992393461533761
1789846649.886269,-0.0228271484375,-0.078369140625,-0.9896697998046875,-0.016377959229967078,-0.08587719734711326,-0.9918487291879463
1789846649.985707,-0.0099334716796875,-0.0912017822265625,-0.9774627685546875,-0.015089061719911163,-0.08694211432300311,-0.9889715370612946
1789846650.08527,-0.0137176513671875,-0.0906219482421875,-0.991119384765625,-0.014814779649366432,-0.08767808110684,-0.9894011066021607
1789846650.184793,-0.01202392578125,-0.083038330078125,-0.9937896728515625,-0.014256608875743147,-0.08675013090109701,-0.9902788198520411
1789846650.284288,-0.014678955078125,-0.08966064453125,-0.99163818359375,-0.014341078116219519,-0.08733223362712761,-0.990550692600383
1789846650.383772,-0.0062255859375,-0.0907135009765625,-1.0121002197265625,-0.012717979680475616,-0.08800848709701459,-0.994860598025619
1789846650.483607,-0.01959228515625,-0.083343505859375,-0.987701416015625,-0.014092840775630493,-0.08707549084948668,-0.9934287616236203
1789846650.582881,-0.0090179443359375,-0.087799072265625,-1.001861572265625,-0.013077861487691895,-0.08722020713271435,-0.9951153237520213
1789846650.682425,-0.0214385986328125,-0.0866241455078125,-0.979705810546875,-0.014750008916716018,-0.08710099480773398,-0.992033421110992
1789846650.7821589,-0.00982666015625,-0.084320068359375,-1.0115509033203125,-0.013765339164622813,-0.08654480951806218,-0.9959369175528562
1789846650.8815742,-0.0252838134765625,-0.0905609130859375,-0.972686767578125,-0.01606903402701075,-0.08734803023163724,-0.99128688755791
1789846650.980959,-0.0075836181640625,-0.091461181640625,-1.0083465576171875,-0.014371950854421101,-0.0881706605134348,-0.9946988215697655
1789846651.080518,-0.0221099853515625,-0.0837860107421875,-0.98333740234375,-0.015919557753849383,-0.08729373055918535,-0.9924265377245625
1789846651.1800408,-0.0074920654296875,-0.085205078125,-0.9980316162109375,-0.014234059289017009,-0.08687600007234829,-0.9935475534218375
1789846651.279562,-0.048736572265625,-0.092254638671875,-0.9683685302734375,-0.02113456188433861,-0.08795172779225363,-0.9885117487921575
1789846651.379043,-0.0213470458984375,-0.10693359375,-0.9914703369140625,-0.021177058687158388,-0.09174810098380291,-0.9891034664165386
1789846651.478839,-0.0645751953125,-0.078460693359375,-0.9637603759765625,-0.029856686012226713,-0.08909061945891733,-0.9840348483285435
1789846651.578129,-0.0670013427734375,-0.093719482421875,-1.009857177734375,-0.03728561736446887,-0.09001639205150888,-0.9891993142097099
1789846651.677596,-0.081878662109375,-0.0833740234375,-0.9923553466796875,-0.0462042263134501,-0.08868791832870711,-0.9898305207037055
1789846651.7770739,-0.062103271484375,-0.0894012451171875,-1.01251220703125,-0.04938403534763508,-0.08883058368640319,-0.9943668579692144
1789846651.8765779,-0.0744171142578125,-0.099334716796875,-0.987640380859375,-0.05439065112967057,-0.09093141030849755,-0.9930215625472465
1789846651.976314,-0.0731658935546875,-0.1000518798828125,-1.003753662109375,-0.05814569961467396,-0.09275550422336054,-0.9951679824596723
1789846652.075675,-0.0945281982421875,-0.084136962890625,-0.996337890625,-0.06542219934017668,-0.09103179595681343,-0.9954019640927378
1789846652.175714,-0.1014556884765625,-0.0998992919921875,-0.9973907470703125,-0.07262889716745385,-0.09280529516388825,-0.9957997206882528
1789846652.27478,-0.0990142822265625,-0.1055755615234375,-0.9877777099609375,-0.07790597417927558,-0.0953593484357981,-0.9941953185427899
1789846652.374394,-0.0869598388671875,-0.1053314208984375,-0.988250732421875,-0.07971674711685797,-0.097353762928326,-0.9930064013186068
1789846652.474046,-0.0716705322265625,-0.1070404052734375,-0.9986419677734375,-0.07810750413879888,-0.0992910913973483,-0.994133514609573
1789846652.573279,-0.036773681640625,-0.0906829833984375,-1.0301971435546875,-0.06984073963916411,-0.09756946979756616,-1.001346240398596
1789846652.672818,-0.0406951904296875,-0.082763671875,-0.985443115234375,-0.0640116297972688,-0.09460831021305294,-0.9981656153657519
1789846652.772608,-0.0634307861328125,-0.0906219482421875,-0.98907470703125,-0.06389546106437755,-0.09381103781887985,-0.9963474336988516
1789846652.871903,-0.05963134765625,-0.069122314453125,-0.9828033447265625,-0.06304263838275204,-0.0888732931457289,-0.9936386159043938
1789846652.971367,-0.0527801513671875,-0.0489349365234375,-1.0005035400390625,-0.06099014097963913,-0.08088562182127063,-0.9950116007313277
1789846653.070925,-0.0310211181640625,-0.050018310546875,-1.0358428955078125,-0.05499633641652381,-0.0747121595663915,-1.0031778596866245
1789846653.1704612,-0.077484130859375,-0.067657470703125,-0.97265625,-0.059493895305094045,-0.0733012217937382,-0.9970735377492997
1789846653.269918,-0.01715087890625,-0.0436248779296875,-1.0276947021484375,-0.05102529202532524,-0.06736595302092806,-1.0031977706291273
1789846653.369503,-0.0210113525390625,-0.02069091796875,-0.98114013671875,-0.045022504128072696,-0.05803094601049245,-0.9987862438470518
1789846653.469119,0.0284576416015625,-0.0045623779296875,-1.035888671875,-0.030326474982145656,-0.04733723239433146,-1.0062067294526416
1789846653.568938,0.0467529296875,-0.016754150390625,-1.0077056884765625,-0.014910594048216525,-0.04122061599359017,-1.0065065212574258
1789846653.6678681,0.0555419921875,-0.0358734130859375,-0.9980316162109375,-0.0008200768010732211,-0.040151175412059634,-1.0048115402481281
1789846653.767836,0.0576324462890625,-0.037017822265625,-0.9903564453125,0.010870427816953925,-0.03952450478277271,-1.0019205212610025
1789846653.867385,0.057403564453125,-0.0717620849609375,-1.003448486328125,0.02017705514418814,-0.045972020818405665,-1.002226114274427
1789846653.966526,-0.0105743408203125,-0.0372772216796875,-0.996734619140625,0.014026775951288014,-0.04423306099066203,-1.0011278152476666
1789846654.066118,-0.0306549072265625,-0.059844970703125,-0.9986419677734375,0.0050904393157179114,-0.04735544293315463,-1.0006306457528207
1789846654.165659,-0.048797607421875,-0.0914306640625,-0.9893646240234375,-0.005687170031800671,-0.05617048715902371,-0.9983774414069442
1789846654.2651339,-0.0230712890625,-0.0898284912109375,-1.0012969970703125,-0.009163993837940537,-0.06290208796940647,-0.9989613525396179
1789846654.364608,-0.043121337890625,-0.0449676513671875,-1.00799560546875,-0.01595546264847743,-0.05931520064896268,-1.0007682031254443
1789846654.464421,-0.0408477783203125,-0.02728271484375,-1.0043792724609375,-0.020933925782844448,-0.05290870348792014,-1.0014904169925432
1789846654.563727,-0.0431976318359375,-0.071014404296875,-0.9785003662109375,-0.02538666699346306,-0.05652984364971112,-0.996892406836222
1789846654.663258,-0.04473876953125,-0.0633697509765625,-0.9849853515625,-0.02925708750102045,-0.057897825115081396,-0.9945109957814777
1789846654.762951,-0.03363037109375,-0.02642822265625,-1.03216552734375,-0.03013174421956636,-0.05160390462331512,-1.0020419020939322
1789846654.862225,-0.0255279541015625,-0.0581207275390625,-0.9948577880859375,-0.029210986195965592,-0.0529072692064646,-1.0006050792923333
1789846654.961842,0.0167083740234375,-0.0294189453125,-1.0101318359375,-0.020027114152084975,-0.048209604427671686,-1.0025104306213666
1789846655.0613608,0.044036865234375,0.007720947265625,-1.0066070556640625,-0.007214318274792981,-0.03702349408901236,-1.003329755629906
1789846655.160892,0.0644073486328125,-0.0102081298828125,-1.0180511474609375,0.007110015106728116,-0.03166042124777239,-1.0062740339961123
1789846655.2604299,0.0682373046875,-0.042327880859375,-1.0023956298828125,0.019335473022882493,-0.033793913170092914,-1.0054983531734525
1789846655.35993,0.066070556640625,-0.0292816162109375,-1.000335693359375,0.028682489746430995,-0.03289145377826183,-1.004465821210637
1789846655.4595032,0.0408935546875,-0.026458740234375,-0.9940338134765625,0.031124702734644797,-0.031604911069484466,-1.0023794196638223
1789846655.558953,0.0276641845703125,-0.030120849609375,-1.0206451416015625,0.03043259910177834,-0.03130809877746257,-1.0060325640513703
1789846655.6585069,-0.0215911865234375,-0.0368804931640625,-0.9775390625,0.020027841976735173,-0.03242257765478256,-1.0003338637410963
1789846655.75815,-0.0366668701171875,-0.0601043701171875,-0.988006591796875,0.008688899557950639,-0.037958936147263554,-0.9978684093522521
1789846655.857493,-0.0289459228515625,-0.04364013671875,-0.98565673828125,0.001161935076048011,-0.039095176261560845,-0.9954260751380517
1789846655.9569468,-0.0208587646484375,-0.067352294921875,-1.011077880859375,-0.003242204868849092,-0.04474659999362368,-0.9985564362823164
1789846656.0565171,-0.01629638671875,-0.05487060546875,-0.988067626953125,-0.005853041238829274,-0.04677140108864895,-0.9964586744164782
1789846656.156129,-0.0403900146484375,-0.03955078125,-1.0023345947265625,-0.012760435920750919,-0.04532727712091916,-0.9976338584784952
1789846656.255523,-0.0426025390625,-0.0528411865234375,-0.987945556640625,-0.018728856549100736,-0.04683005900142283,-0.9956961981109211
1789846656.355031,-0.0640869140625,-0.0767669677734375,-1.0021820068359375,-0.02780046805178059,-0.05281744075582577,-0.9969933598559245
1789846656.454762,-0.0908660888671875,-0.0740509033203125,-0.9868927001953125,-0.040413592214861974,-0.057064133268723116,-0.9949732279238022
1789846656.554122,-0.1025848388671875,-0.076080322265625,-0.97430419921875,-0.05284784154532708,-0.0608673710681035,-0.9908394221827918
1789846656.6536,-0.10400390625,-0.0593719482421875,-0.9971466064453125,-0.06307905448626167,-0.0605682865029203,-0.992100859035296
1789846656.75332,-0.089874267578125,-0.04315185546875,-0.990234375,-0.06843809710463433,-0.05708500029608624,-0.9917275622282369
1789846656.852587,-0.0961761474609375,-0.0487518310546875,-0.991485595703125,-0.07398570717589498,-0.0554183664478065,-0.9916791689232145
1789846656.9522161,-0.11322021484375,-0.0788116455078125,-0.998382568359375,-0.08183260870946599,-0.0600970222598077,-0.9930198488104467
1789846657.051671,-0.0678558349609375,-0.05517578125,-1.0352630615234375,-0.0790372539597603,-0.059112774057846165,-1.001468491353045
1789846657.151186,-0.0697021484375,-0.0318756103515625,-1.0177001953125,-0.07717023285530825,-0.05366534131658944,-1.004714832144936
1789846657.250661,-0.0686492919921875,-0.0475921630859375,-0.986328125,-0.0754660446826841,-0.05245070567045906,-1.001037490715949
1789846657.3502269,-0.0360260009765625,-0.0267333984375,-1.020965576171875,-0.06757803594145978,-0.04730724422386725,-1.0050231078071343
1789846657.449751,-0.0363311767578125,-0.0446014404296875,-0.967987060546875,-0.06132866410473033,-0.0467660834650313,-0.9976158983550825
1789846657.549221,-0.0552825927734375,-0.05657958984375,-0.99163818359375,-0.06011944983847176,-0.048728784740775036,-0.996420355402816
1789846657.648891,-0.05706787109375,-0.05621337890625,-0.971038818359375,-0.05950913408952741,-0.05022570357387003,-0.9913440479941279
1789846657.74844,-0.041168212890625,0.007293701171875,-1.0303497314453125,-0.05584094984974693,-0.03872182262472103,-0.9991451846843649
1789846657.8478951,-0.0110321044921875,-0.0391845703125,-1.01275634765625,-0.046879180778235045,-0.038814372162276824,-1.001867417278742
1789846657.947696,0.010406494140625,-0.0070037841796875,-0.9982452392578125,-0.035422045794463036,-0.03245225456575896,-1.0011429816745563
1789846658.0472531,0.014404296875,-0.010528564453125,-1.0307464599609375,-0.02545677726057043,-0.02806751654323217,-1.0070636773318327
1789846658.146374,0.020843505859375,0.004669189453125,-1.01654052734375,-0.016196720636581344,-0.021520175343960734,-1.008959047334216
1789846658.245868,0.0079345703125,-0.027435302734375,-1.00067138671875,-0.011370462446765076,-0.022703200822043586,-1.0073015152111229
1789846658.345371,-0.0057373046875,-0.03497314453125,-0.9814910888671875,-0.010243830894912062,-0.02515718956388487,-1.0021394299423358
1789846658.4449449,0.0096893310546875,-0.034454345703125,-1.00927734375,-0.006257198504992149,-0.0270166207917329,-1.0035670127038687
1789846658.5444279,0.021392822265625,-0.0384979248046875,-1.0048980712890625,-0.0007271943508687191,-0.02931288159432382,-1.0038332244209074
1789846658.643937,0.003204345703125,-0.0086669921875,-1.0008392333984375,5.911365993002476e-05,-0.025183703712959055,-1.0032344262164135
1789846658.743589,-0.0061492919921875,-0.0385284423828125,-0.9806671142578125,-0.0011825674704934804,-0.027852651446929746,-0.9987209638246933
1789846658.842952,0.007965087890625,-0.0362701416015625,-1.0136260986328125,0.0006469636017302157,-0.0295361494778563,-1.0017019907863172
1789846658.9426022,0.0124969482421875,-0.0304718017578125,-1.002838134765625,0.0030169605298216726,-0.029723279933847543,-1.0019292195821787
1789846659.042134,0.0035400390625,-0.0326690673828125,-0.9987640380859375,0.0031215762363573383,-0.030312437423640537,-1.0012961832829306
1789846659.1416578,0.0222930908203125,-0.0279388427734375,-1.0091552734375,0.006955879153148371,-0.02983771849359993,-1.0028680013138445
1789846659.241139,-0.003448486328125,-0.0415496826171875,-0.9834747314453125,0.004875006056893697,-0.032180111318317446,-0.9989893473401381
1789846659.340695,-0.08880615234375,-0.0712738037109375,-0.975372314453125,-0.013861225623235043,-0.03999884979684146,-0.9942659407627356
1789846659.440167,-0.0924835205078125,-0.061248779296875,-0.9942779541015625,-0.029585684600150534,-0.04424883569684817,-0.9942683434305011
1789846659.539855,-0.0731048583984375,-0.06146240234375,-1.0169677734375,-0.03828951935980793,-0.04769154902622853,-0.9988082294319008
1789846659.639144,-0.0754852294921875,-0.0696258544921875,-0.961395263671875,-0.04572866138628384,-0.052078410119420326,-0.9913256362798957
1789846659.739029,-0.0712432861328125,-0.0550994873046875,-0.985321044921875,-0.050831586335589575,-0.05268262555647377,-0.9901247180082916
1789846659.8382258,-0.092498779296875,-0.0631103515625,-0.979827880859375,-0.059165024927846664,-0.05476817075767902,-0.9880653505785084
1789846659.937747,-0.101837158203125,-0.067413330078125,-1.00811767578125,-0.06769945158290233,-0.05729720262176822,-0.9920758156190568
1789846660.037332,-0.134429931640625,-0.0731048583984375,-0.9863128662109375,-0.08104554759444688,-0.06045873377710208,-0.990923225737433
1789846660.136718,-0.147308349609375,-0.0857696533203125,-0.998199462890625,-0.0942981079974325,-0.06552091768574417,-0.9923784731680714
1789846660.2362761,-0.1577301025390625,-0.0903167724609375,-0.977874755859375,-0.1069845069057585,-0.07048008864078284,-0.9894777297063322
1789846660.335825,-0.1419830322265625,-0.09515380859375,-0.9976959228515625,-0.11398421196991931,-0.07541483263137627,-0.9911213683353783
1789846660.4356089,-0.141387939453125,-0.066192626953125,-0.985260009765625,-0.11946495746656045,-0.07357039149572603,-0.9899490966214277
1789846660.5348659,-0.109893798828125,-0.058074951171875,-1.0157623291015625,-0.11755072573887337,-0.07047130343095583,-0.9951117431174548
1789846660.634381,-0.0916748046875,-0.0442657470703125,-1.0041351318359375,-0.11237554152859872,-0.06523019215882717,-0.9969164208611514
1789846660.734113,-0.0666961669921875,-0.0389404296875,-0.964996337890625,-0.10323966662131648,-0.059972239664561736,-0.9905324042670461
1789846660.833449,-0.072113037109375,-0.0374603271484375,-0.992645263671875,-0.09701434071892819,-0.05546985716133689,-0.990954976148012
1789846660.932948,-0.083465576171875,-0.0498199462890625,-0.9691162109375,-0.09430458780951756,-0.05433987498688202,-0.9865872231059096
1789846661.03247,-0.06365966796875,-0.0535125732421875,-1.00372314453125,-0.08817560384136405,-0.05417441463794312,-0.9900144073909778
1789846661.131971,-0.072052001953125,-0.0551300048828125,-0.99346923828125,-0.08495088346371624,-0.054365532686917,-0.9907053735690322
1789846661.231396,-0.049041748046875,-0.0789337158203125,-1.00787353515625,-0.07776905638034799,-0.0592791693135961,-0.9941390058864759
1789846661.3310661,-0.027008056640625,-0.068084716796875,-0.99835205078125,-0.0676168564324034,-0.06104027881025188,-0.9949816148654307
1789846661.430577,0.011260986328125,-0.0608367919921875,-1.0206146240234375,-0.051841287880297716,-0.06099958144663901,-1.000108216697032
1789846661.530005,-0.0226593017578125,-0.06134033203125,-0.9656982421875,-0.04600489065580068,-0.06106773156356121,-0.9932262217951257
1789846661.629571,-0.06640625,-0.09478759765625,-0.991455078125,-0.05008516252464054,-0.06781170478209897,-0.9928719930611005
1789846661.729222,-0.0754852294921875,-0.1035003662109375,-0.979644775390625,-0.055165175918149935,-0.07494943706786668,-0.9902265495270055
1789846661.828608,-0.0433349609375,-0.0343475341796875,-0.9876861572265625,-0.05279913292201995,-0.06682905649023084,-0.989718471066917
1789846661.928165,-0.0481414794921875,0.0035858154296875,-1.0084991455078125,-0.05186760223605347,-0.05274608210624718,-0.9934746059550962
1789846662.027834,-0.0467987060546875,-0.0110321044921875,-1.0226898193359375,-0.05085382299978028,-0.044403286583435245,-0.9993176486312645
1789846662.127476,-0.04840087890625,-0.0491180419921875,-0.9912567138671875,-0.050363234181074225,-0.0453462376651857,-0.9977054616784491
1789846662.2267199,-0.0707244873046875,-0.063262939453125,-0.990997314453125,-0.05443548480579688,-0.04892957802277356,-0.9963638322333843
1789846662.326323,-0.1206817626953125,-0.076507568359375,-0.98138427734375,-0.06768474038370001,-0.054445176090093854,-0.9933679212554576
1789846662.425947,-0.1343231201171875,-0.0833740234375,-0.97955322265625,-0.08101241633039752,-0.06023094555957509,-0.9906049815356162
1789846662.525259,-0.1503753662109375,-0.0577392578125,-0.992462158203125,-0.09488500630650552,-0.059732608010160074,-0.990976416869118
1789846662.624758,-0.1496429443359375,-0.0387420654296875,-1.010833740234375,-0.10583659391239192,-0.05553449949406557,-0.9949478815421695
1789846662.724319,-0.1065673828125,-0.0306243896484375,-1.0212249755859375,-0.10598275169241354,-0.05055247752493996,-1.0002033003509232
1789846662.823835,-0.03509521484375,-0.01123046875,-1.0003662109375,-0.09180524432268083,-0.04268807576995197,-1.0002358824682385
1789846662.923346,-0.01202392578125,-0.015533447265625,-1.012542724609375,-0.07584898061439467,-0.03725715006908657,-1.0026972508964658
1789846663.023025,-0.06207275390625,-0.0256195068359375,-0.9745330810546875,-0.07309373527276575,-0.03492962142245676,-0.9970644169281102
1789846663.122373,-0.0753173828125,-0.072174072265625,-0.9642791748046875,-0.0735384647807126,-0.042378511591090406,-0.9905073685034257
1789846663.2219129,-0.096649169921875,-0.062957763671875,-0.969970703125,-0.07816060580894509,-0.046494362007247325,-0.9864000354277406
1789846663.321457,-0.0826263427734375,-0.0301361083984375,-1.021759033203125,-0.07905375320184357,-0.04322271128548536,-0.9934718349828175
1789846663.420977,-0.0648956298828125,-0.0166778564453125,-1.01202392578125,-0.07622212853803736,-0.03791374031745079,-0.9971822531425041
1789846663.5204601,-0.003173828125,-0.0103302001953125,-1.0178070068359375,-0.06161246845542989,-0.03239703229302313,-1.0013072038811908
1789846663.619886,-0.01025390625,-0.0482635498046875,-0.9920501708984375,-0.051340756014343916,-0.035570335795356005,-0.9994557972846402
1789846663.7193952,-0.001373291015625,-0.036712646484375,-1.0201416015625,-0.041347263014600136,-0.03579879793315981,-1.003592958140212
1789846663.818949,0.0019378662109375,-0.026580810546875,-0.982818603515625,-0.03269023716949261,-0.03395520045590285,-0.9994380872152947
1789846663.923637,-0.00677490234375,-0.0207977294921875,-0.9805450439453125,-0.02750717020434409,-0.03132370626315978,-0.9956594785612982
1789846664.023065,0.0040740966796875,-0.04034423828125,-1.0010833740234375,-0.02119091682753777,-0.03312781266677783,-0.9967442576537261
1789846664.122459,-0.0407562255859375,-0.032440185546875,-0.97412109375,-0.025103978579217718,-0.03299028724279726,-0.9922196248729809
1789846664.2222428,-0.0630645751953125,-0.05413818359375,-1.0037384033203125,-0.032696097902436674,-0.03721986651298781,-0.9945233805624472
1789846664.321568,-0.077117919921875,-0.0662994384765625,-0.97772216796875,-0.04158046230632434,-0.043035780905702745,-0.9911631380437078
1789846664.42104,-0.07080078125,-0.0539703369140625,-1.0121002197265625,-0.047424526095059476,-0.0452226921073747,-0.9953505543802789
1789846664.520602,-0.082275390625,-0.04638671875,-0.9857330322265625,-0.05439469900104758,-0.045455497435899765,-0.9934270499495357
1789846664.620431,-0.0941009521484375,-0.048431396484375,-1.0276947021484375,-0.06233594963052557,-0.046050677245594814,-1.000280580389316
1789846664.71963,-0.1129913330078125,-0.05291748046875,-0.9791107177734375,-0.07246702630598295,-0.047424037890225854,-0.9960466078661404
1789846664.8191419,-0.1204376220703125,-0.0643768310546875,-0.9903717041015625,-0.08206114545884886,-0.05081459652311819,-0.9949116271132249
1789846664.918669,-0.1305084228515625,-0.0755767822265625,-0.9724578857421875,-0.0917506009373916,-0.05576703366380705,-0.9904208788390174
1789846665.0182629,-0.1329345703125,-0.0595703125,-1.000244140625,-0.09998739481241328,-0.05652768943104565,-0.992385531196214
1789846665.1177058,-0.106689453125,-0.0690460205078125,-0.9926605224609375,-0.10132780647493064,-0.059031355646399025,-0.9924405294491587
1789846665.217243,-0.08148193359375,-0.0726776123046875,-1.00885009765625,-0.09735863189869452,-0.06176060697805672,-0.9957224430905771
1789846665.316773,-0.06219482421875,-0.055145263671875,-1.004608154296875,-0.09032587036270562,-0.06043753831682038,-0.9974995853318367
1789846665.416349,-0.0478668212890625,-0.01605224609375,-1.012786865234375,-0.08183406054797701,-0.051560479872206307,-1.0005570413123444
1789846665.515862,-0.0549468994140625,-0.036651611328125,-0.9972686767578125,-0.07645662832119411,-0.04857870616339005,-0.999899368401438
1789846665.6155782,-0.0724029541015625,-0.0050506591796875,-0.9918975830078125,-0.0756458934772678,-0.03987309676664954,-0.9982990113227129
1789846665.714822,-0.044830322265625,0.011260986328125,-0.98260498046875,-0.06948277923493924,-0.02964628014769463,-0.9951602051519204
1789846665.814326,-0.0267791748046875,-0.0104827880859375,-1.0287933349609375,-0.0609420583488889,-0.02581358173534321,-1.001886831113724
1789846665.913789,0.0246429443359375,-0.0552520751953125,-1.016448974609375,-0.04382505781192362,-0.03170128042733707,-1.0047992598128541
1789846666.013269,0.0326385498046875,-0.0901336669921875,-0.973297119140625,-0.028532336288601395,-0.043387757740307155,-0.9984988316784082
1789846666.112828,0.0469970703125,-0.072235107421875,-0.99176025390625,-0.013426454968381116,-0.04915722767662073,-0.9971511161239766
1789846666.2126122,0.025848388671875,-0.0662994384765625,-1.004119873046875,-0.005571486240329893,-0.05258566983660909,-0.9985448675085562
1789846666.312014,0.031524658203125,-0.0518341064453125,-0.9941558837890625,0.0018477426483610865,-0.05243535715834977,-0.9976670707646574
1789846666.411525,0.01123046875,-0.0697479248046875,-0.9833984375,0.0037242878686888697,-0.055897870687617326,-0.994813344111726
1789846666.510971,0.00909423828125,-0.069091796875,-1.001739501953125,0.004798277951201096,-0.05853665592509386,-0.9961985756800058
1789846666.610544,-0.0359649658203125,-0.0682220458984375,-0.97808837890625,-0.003354370803101623,-0.06047373391976259,-0.9925765363252547
1789846666.709883,-0.0575103759765625,-0.0703887939453125,-1.0081329345703125,-0.0141855718377938,-0.06245674592487257,-0.9956878159742664
1789846666.8094602,-0.07196044921875,-0.073944091796875,-1.0072174072265625,-0.025740547313985042,-0.06475421509927305,-0.9979937342247257
1789846666.909408,-0.0721435546875,-0.0649566650390625,-1.024627685546875,-0.035021148788688033,-0.06479470508723095,-1.0033205244891557
1789846667.008707,-0.0788421630859375,-0.0548858642578125,-0.99493408203125,-0.04378535164813793,-0.06281293692134726,-1.0016432359975747
1789846667.1081371,-0.10504150390625,-0.05694580078125,-1.0069580078125,-0.05603658209976035,-0.061639509693327814,-1.0027061903605596
1789846667.207879,-0.1407928466796875,-0.06011962890625,-0.9851226806640625,-0.07298783501574578,-0.06133553353591226,-0.9991894884212602
1789846667.307792,-0.174224853515625,-0.05828857421875,-0.9783172607421875,-0.09323523871572162,-0.060726141672479805,-0.9950150428854457
1789846667.406554,-0.18621826171875,-0.067779541015625,-0.9843902587890625,-0.1118318433163273,-0.06213682154110885,-0.9928900860661691
1789846667.5060868,-0.1932220458984375,-0.0709075927734375,-0.99365234375,-0.12810988383274935,-0.06389097578757458,-0.9930425376029354
1789846667.605819,-0.1964111328125,-0.0618438720703125,-0.9938812255859375,-0.14177013362869947,-0.06348155504412217,-0.9932102751995359
1789846667.7052689,-0.14080810546875,-0.0744171142578125,-0.978240966796875,-0.1415777279967096,-0.06566866688686024,-0.9902164135190037
1789846667.804744,-0.1218414306640625,-0.0677490234375,-0.9932403564453125,-0.13763046853018018,-0.0660847381969882,-0.9908212021042655
1789846667.904273,-0.081787109375,-0.01690673828125,-0.972137451171875,-0.12646179669914415,-0.056249138213840554,-0.9870844519177875
1789846668.003856,-0.092254638671875,-0.0323944091796875,-0.9947662353515625,-0.11962036509369033,-0.051478192407009946,-0.9886208086045425
1789846668.103325,-0.0798797607421875,-0.134185791015625,-0.9916229248046875,-0.11167224422338977,-0.06801971212873296,-0.9892212318445716
1789846668.202959,-0.072174072265625,-0.081451416015625,-0.9642181396484375,-0.10377260983183682,-0.07070605290611137,-0.9842206134053448
1789846668.3023062,-0.0463714599609375,-0.0811920166015625,-1.0315399169921875,-0.09229237985765697,-0.0728032456452016,-0.9936844741227134
1789846668.4020329,-0.0240478515625,-0.00775146484375,-1.0704498291015625,-0.07864347419862558,-0.05979288948491129,-1.0090375451184834
1789846668.501359,0.1551055908203125,-0.014007568359375,-1.0983428955078125,-0.03189366119483797,-0.05063582525980403,-1.0268986151963493
1789846668.600805,0.0828399658203125,-0.0477447509765625,-1.0175323486328125,-0.008946935791807876,-0.050057610403155726,-1.025025361883642
1789846668.700355,0.0823211669921875,-0.0870208740234375,-0.9296417236328125,0.009306684764991198,-0.05745026312721209,-1.005948634233476
1789846668.799837,0.0817718505859375,-0.0721435546875,-0.91448974609375,0.02379971792918046,-0.060388921439269674,-0.9876568566055309
1789846668.899369,0.076202392578125,-0.0370941162109375,-0.9407196044921875,0.03428025285896937,-0.05572996039360324,-0.9782694061828623
1789846668.998931,0.03363037109375,-0.0072174072265625,-0.966461181640625,0.0341502765059255,-0.04602744976019509,-0.9759077612744148
1789846669.098446,0.0265655517578125,0.004241943359375,-0.9881744384765625,0.03263333155630291,-0.03597357113628108,-0.9783610967148444
1789846669.207954,0.0277099609375,-0.048858642578125,-1.0045013427734375,0.03164865743254233,-0.03855058542464987,-0.9835891459265631
1789846669.3075619,0.02783203125,-0.0749359130859375,-1.0184326171875,0.030885332196033868,-0.0458276509569074,-0.9905578401787506
1789846669.407586,0.050750732421875,-0.0814056396484375,-1.0084686279296875,0.03485841224120209,-0.05294324869521342,-0.994139997728938
1789846669.5064092,0.0497894287109375,-0.0333709716796875,-1.01019287109375,0.03784461553514917,-0.04902879329210824,-0.9973505724019005
1789846669.60597,0.02728271484375,-0.042083740234375,-0.971343994140625,0.03573223539686934,-0.04763978268056159,-0.9921492567496454
1789846669.705544,0.0181427001953125,-0.04327392578125,-0.978363037109375,0.03221432835655797,-0.04676661130069927,-0.9893920128215913
1789846669.805047,0.015716552734375,-0.056182861328125,-0.9904022216796875,0.02891477323212138,-0.04864986130618442,-0.9895940545932106
1789846669.9045072,0.0177154541015625,-0.06707763671875,-1.0005340576171875,0.026674909406009605,-0.05233541638869754,-0.9917820551980061
1789846670.004072,0.021484375,-0.027374267578125,-1.0030517578125,0.025636802524807684,-0.04734318662658304,-0.9940359957209048
1789846670.103523,0.02813720703125,-0.043487548828125,-0.9969329833984375,0.026136883426096148,-0.046572059066891436,-0.9946153932564115
1789846670.2030768,0.044677734375,-0.039825439453125,-1.011932373046875,0.029845053615876922,-0.04522273514413815,-0.9980787892145042
1789846670.3027601,0.03759765625,-0.061065673828125,-0.9835052490234375,0.03139557414270154,-0.048391322880935526,-0.995164081176291
1789846670.402345,0.0400390625,-0.056793212890625,-1.0208282470703125,0.033124271814161235,-0.050071700882873424,-1.0002969143550953
1789846670.501924,0.0402984619140625,-0.044158935546875,-0.9857330322265625,0.03455910983414149,-0.048889147815673745,-0.9973841379293888
1789846670.601135,0.0502777099609375,-0.02618408203125,-1.008758544921875,0.03770282985950069,-0.04434813465878899,-0.9996590193278861
1789846670.70081,0.040985107421875,-0.0279998779296875,-0.9785614013671875,0.038359285371975554,-0.0410784833129687,-0.9954394957357464
1789846670.800209,0.04425048828125,-0.0523223876953125,-1.011077880859375,0.03953752595383045,-0.04332726418943746,-0.9985671727604722
1789846670.8996701,0.03924560546875,-0.051788330078125,-0.9833984375,0.039479141856814365,-0.04501947736717497,-0.9955334257083778
1789846670.999305,0.0187530517578125,-0.0532073974609375,-1.0062713623046875,0.035333923837013996,-0.046657061385927484,-0.9976810130276398
1789846671.098758,-0.0257110595703125,-0.0523834228515625,-0.97967529296875,0.0231249271555487,-0.04780233367905449,-0.9940798690158619
1789846671.198252,-0.039794921875,-0.0478057861328125,-1.0022735595703125,0.010540957349438959,-0.04780302416980609,-0.9957186071267521
1789846671.297865,-0.045166015625,-0.047607421875,-0.991302490234375,-0.0006004372454488319,-0.04776390371084488,-0.9948353837482766
1789846671.397306,-0.0563812255859375,-0.050750732421875,-1.007659912109375,-0.011756594913546565,-0.0483612694530509,-0.9974002894204963
1789846671.496804,-0.0608062744140625,-0.042388916015625,-0.999237060546875,-0.021566530813649752,-0.047166798765565725,-0.9977676436457721
1789846671.5963922,-0.06640625,-0.047088623046875,-0.995635986328125,-0.030534474650919803,-0.047151163621827585,-0.9973413121822428
1789846671.6961498,-0.0748291015625,-0.050262451171875,-0.99835205078125,-0.03939340003323585,-0.04777342113183707,-0.9975434599020442
1789846671.795399,-0.072784423828125,-0.0423431396484375,-0.987762451171875,-0.04607160479221368,-0.04668736483515716,-0.9955872581560105
1789846671.894944,-0.0575408935546875,-0.040924072265625,-1.000213623046875,-0.04836546254470844,-0.04553470632125073,-0.9965125311341834
1789846671.994561,-0.0694732666015625,-0.0436859130859375,-0.9833526611328125,-0.05258702335607925,-0.045164947674188084,-0.9938805571339092
1789846672.093966,-0.0664215087890625,-0.052825927734375,-1.007171630859375,-0.055353920442675904,-0.04669714368622547,-0.9965387718790024
1789846672.1934571,-0.066375732421875,-0.04034423828125,-0.981903076171875,-0.057558282838515724,-0.045426562605230376,-0.993611632737577
1789846672.293087,-0.0698394775390625,-0.0487213134765625,-1.0096893310546875,-0.06001452177862508,-0.0460855127794968,-0.9968271724009992
1789846672.392518,-0.0821685791015625,-0.0374603271484375,-0.993988037109375,-0.06444533324321257,-0.04436047565328494,-0.9962593453426744
1789846672.492165,-0.0547637939453125,-0.04412841796875,-1.0084228515625,-0.06250902538363255,-0.044314064116377956,-0.9986920465866395
1789846672.591511,-0.056060791015625,-0.0509490966796875,-0.9966278076171875,-0.06121937851003105,-0.04564107062903987,-0.9982791987927491
1789846672.691318,-0.058929443359375,-0.045196533203125,-1.0003509521484375,-0.06076139147989985,-0.0455521631438569,-0.9986935494638869
1789846672.7905722,-0.038665771484375,-0.028717041015625,-0.973236083984375,-0.056342267480794885,-0.04218513871821052,-0.9936020563679846
1789846672.889995,-0.050445556640625,-0.042999267578125,-0.994842529296875,-0.055162925312760916,-0.042347964490193415,-0.9938501509537627
1789846672.989781,-0.040252685546875,-0.0847625732421875,-0.9745025634765625,-0.05218087735958373,-0.05083088624059223,-0.9899806334583228
1789846673.089258,-0.038116455078125,-0.060699462890625,-1.00164794921875,-0.04936799290329199,-0.05280460157059879,-0.9923140966104083
1789846673.188664,-0.0418853759765625,-0.029327392578125,-1.033233642578125,-0.047871469517946096,-0.04810915977210404,-1.0004980058039517
1789846673.288177,-0.0377044677734375,-0.03790283203125,-1.0190277099609375,-0.045838069169044385,-0.04606789422393324,-1.004203946635349
1789846673.387589,-0.016204833984375,-0.0359039306640625,-0.994171142578125,-0.03991142213211051,-0.04403510151195909,-1.0021973858239042
1789846673.487488,-0.006805419921875,-0.0523529052734375,-1.0076446533203125,-0.03329022169006341,-0.04569866226425477,-1.0032868393231857
1789846673.588259,0.019805908203125,-0.0342254638671875,-1.011322021484375,-0.02267099571142573,-0.043404022584841315,-1.0048938757554238
1789846673.68628,0.0255126953125,-0.0142059326171875,-1.027496337890625,-0.013034257506640584,-0.03756440459131055,-1.009414368182464
1789846673.785675,0.0359344482421875,-0.0377197265625,-1.022735595703125,-0.0032405163568749677,-0.03759546898554844,-1.0120786136865962
1789846673.885184,0.002532958984375,-0.0348968505859375,-0.98577880859375,-0.0020858212886249745,-0.037055745305626255,-1.006818652668027
1789846673.984703,0.0411529541015625,-0.0833282470703125,-0.993621826171875,0.00656193378941252,-0.04631024565856351,-1.0041792873687967
1789846674.084193,0.0518035888671875,-0.0570220947265625,-1.048095703125,0.015610264804967517,-0.04845261547216331,-1.0129625705200374
1789846674.1837249,0.0458984375,-0.0428619384765625,-0.99615478515625,0.021667899343974013,-0.04733448007304315,-1.00960101344728
1789846674.283443,0.0462188720703125,-0.055419921875,-1.0140380859375,0.026578093889241712,-0.048951568433434525,-1.010488427945324
1789846674.382811,0.061553955078125,-0.0152587890625,-0.9752197265625,0.03357326612701837,-0.04221301255924762,-1.0034346876687592
1789846674.482356,0.0415191650390625,-0.0234832763671875,-0.9994964599609375,0.0351624459094272,-0.0384670653208356,-1.002647042127195
1789846674.58181,0.0417938232421875,-0.0575103759765625,-1.0084075927734375,0.03648872137597926,-0.042275727451980986,-1.0037991522564433
1789846674.681312,0.0416412353515625,-0.0348358154296875,-1.0109100341796875,0.03751922417109591,-0.04078774504752229,-1.0052213286410923
1789846674.7809691,0.027191162109375,-0.023956298828125,-1.00555419921875,0.03545361175875173,-0.03742145580364283,-1.0052879027566237
1789846674.880301,0.00177001953125,-0.043792724609375,-1.008270263671875,0.028716893313251387,-0.038695709564789266,-1.005884374939674
1789846674.979816,-0.00482177734375,-0.0807952880859375,-0.990142822265625,0.02200915918185111,-0.04711562526901891,-1.0027360644048642
1789846675.079467,-0.0235443115234375,-0.0626373291015625,-0.9969482421875,0.012898465040793389,-0.050219966035527634,-1.0015784999613915
1789846675.1788921,0.004150390625,-0.056365966796875,-1.000885009765625,0.011148850157634711,-0.051449166187797116,-1.0014398019222381
1789846675.2785559,-0.0042877197265625,-0.030914306640625,-1.0069427490234375,0.008061536180795269,-0.0473421942783627,-1.002540391342478
1789846675.377995,0.0171966552734375,-0.0467529296875,-1.02777099609375,0.009888559999323716,-0.047224341360190165,-1.0075865122927323
1789846675.4775681,0.0162506103515625,-0.065521240234375,-0.9999542236328125,0.011160970069771473,-0.050883721135027135,-1.0060600545607485
1789846675.576943,0.033294677734375,-0.073516845703125,-1.01507568359375,0.015587711602692178,-0.05541034604864671,-1.0078631803673488
1789846675.6764588,0.0071868896484375,-0.0394287109375,-0.9755401611328125,0.013907547211841243,-0.052214019026417376,-1.0013985765204416
1789846675.776139,-0.0368499755859375,-0.032318115234375,-0.9777679443359375,0.003756042652285496,-0.0482348382680089,-0.9966724500835409
1789846675.875593,-0.0476837158203125,-0.0330810546875,-0.9894561767578125,-0.006531909042234103,-0.045204081551907124,-0.9952291954183953
1789846675.9752789,-0.054168701171875,-0.0551605224609375,-1.0003662109375,-0.016059267468162282,-0.0471953697337132,-0.9962565985222163
1789846676.0748281,-0.05023193359375,-0.043975830078125,-1.009674072265625,-0.022893800693279828,-0.04655146180259557,-0.998940093270898
1789846676.1742392,-0.04742431640625,-0.0699920654296875,-0.984710693359375,-0.027799903835873864,-0.05123958252801396,-0.9960942132885935
1789846676.2738008,-0.029571533203125,-0.091461181640625,-0.9688720703125,-0.028154229709324095,-0.05928390235053617,-0.9906497846933748
1789846676.373042,-0.0247039794921875,-0.0288848876953125,-0.9864959716796875,-0.027464179665896777,-0.05320409941949144,-0.9898190220906373
1789846676.472805,-0.0299224853515625,-0.01318359375,-1.0182342529296875,-0.027955840803029923,-0.04519999828559316,-0.9955020682584474
1789846676.572429,-0.0519866943359375,-0.0781707763671875,-0.978790283203125,-0.032762011509611444,-0.05179415390191203,-0.992159711247383
1789846676.6717439,-0.0397186279296875,-0.111297607421875,-0.9962310791015625,-0.03415333479362666,-0.06369484460590463,-0.992973984818219
1789846676.7712421,-0.047943115234375,-0.09381103515625,-0.98040771484375,-0.03691129088177633,-0.06971808271597371,-0.9904607308233252
1789846676.870799,-0.05047607421875,-0.077423095703125,-1.008331298828125,-0.039624247549171064,-0.07125908531340397,-0.9940348444242852
1789846676.970295,-0.0302276611328125,-0.0103302001953125,-0.9874725341796875,-0.037744930265899354,-0.05907330828978568,-0.9927223823753657
1789846677.0698252,-0.0283050537109375,-0.0360107421875,-0.9827423095703125,-0.03585695495490698,-0.05446079506932855,-0.9907263678143551
1789846677.169399,-0.0408477783203125,-0.0162353515625,-0.9889678955078125,-0.03685511962798809,-0.046815706367962846,-0.9903746733530466
1789846677.2690349,-0.0466766357421875,-0.021728515625,-0.9903411865234375,-0.03881942285082798,-0.04179826821937028,-0.9903679759871248
1789846677.36831,-0.0274505615234375,0.0111846923828125,-0.990753173828125,-0.036545650585349886,-0.031201676098933727,-0.9904450155553248
1789846677.467772,-0.0743865966796875,0.01861572265625,-0.965576171875,-0.04411383980421741,-0.021238196347896983,-0.9854712468192599
1789846677.567478,-0.043121337890625,-0.026153564453125,-0.984832763671875,-0.04391533942149893,-0.022221269968942588,-0.985343550189783
1789846677.667077,-0.045501708984375,-0.01300048828125,-1.0088043212890625,-0.04423261333407415,-0.020377113631404074,-0.990035704409639
1789846677.7667341,-0.0046844482421875,-0.06365966796875,-1.029449462890625,-0.03632298031569682,-0.02903362449887326,-0.9979184561058363
1789846677.865865,-0.0236968994140625,-0.08172607421875,-0.9746856689453125,-0.03379776413536996,-0.03957211444284861,-0.9932718986737316
1789846677.965478,-0.0228118896484375,-0.0341949462890625,-0.9944305419921875,-0.031600589237983465,-0.038496680812091386,-0.9935036273374227
1789846678.064919,-0.064544677734375,-0.0242919921875,-0.9561920166015625,-0.03818940693726178,-0.03565574308717311,-0.9860413051902507
1789846678.164462,-0.0501251220703125,-0.022674560546875,-1.010833740234375,-0.04057654996387192,-0.03305950657911349,-0.9909997921990756
1789846678.263972,-0.0814056396484375,-0.0009613037109375,-0.9990234375,-0.04874236790078504,-0.02663986600547829,-0.9926045212592606
1789846678.363501,-0.0026397705078125,-0.0437469482421875,-1.0237274169921875,-0.03952184842219053,-0.03006128245282013,-0.998829100405846
1789846678.463131,-0.03839111328125,-0.107177734375,-0.92425537109375,-0.03929570139400243,-0.04548457283725611,-0.9839143545434269
1789846678.562809,-0.01910400390625,-0.071929931640625,-0.9952239990234375,-0.03525736189645195,-0.05077364459792989,-0.9861762834394291
1789846678.6621199,0.03082275390625,-0.0855865478515625,-0.9739837646484375,-0.02204133873591156,-0.05773622524865642,-0.9837377796812308
1789846678.7616491,-0.0314483642578125,0.0,-1.0359039306640625,-0.02392274384029175,-0.04618898019892514,-0.9941710098777972
1789846678.861254,-0.0138702392578125,0.0099029541015625,-1.0065765380859375,-0.0219122429237959,-0.034970593338827606,-0.9966521155194253
1789846678.96063,-0.024688720703125,-0.1182098388671875,-1.0244598388671875,-0.022467538479661722,-0.05161844244449959,-1.0022136601889777
1789846679.060175,0.009429931640625,-0.1839752197265625,-0.9673919677734375,-0.01608804445560438,-0.07808979790091217,-0.9952493217058698
1789846679.159647,-0.0563201904296875,-0.0955963134765625,-0.976318359375,-0.024134473650421005,-0.08159110101604224,-0.9914631292396959
1789846679.2592711,-0.010345458984375,-0.0685272216796875,-1.0443267822265625,-0.021376670717211804,-0.07897832514877129,-1.0020358598370693
1789846679.358889,-0.0069427490234375,-0.0585174560546875,-1.0275421142578125,-0.018489886378456943,-0.07488615132995453,-1.007137110721218
1789846679.4583058,-0.034210205078125,0.0023040771484375,-1.048004150390625,-0.021633950118390557,-0.05944810563427613,-1.0153105186550992
1789846679.55787,-0.04852294921875,-0.0151519775390625,-1.00091552734375,-0.027011749938462445,-0.05058888001523341,-1.0124315203928294
1789846679.657299,0.01348876953125,-0.0466461181640625,-1.0299224853515625,-0.018911646044519958,-0.04980032764499923,-1.0159297133845762
1789846679.7567291,0.0098419189453125,-0.04742431640625,-1.0863494873046875,-0.013160933046553467,-0.04932512539724939,-1.0300136681685985
1789846679.856543,-0.0050811767578125,0.0359649658203125,-1.0282135009765625,-0.011544981788805276,-0.03226710715373701,-1.0296536347301912
1789846679.9557738,-0.0020904541015625,0.02008056640625,-1.042755126953125,-0.009654076251356721,-0.02179757244173961,-1.0322739331747781
1789846680.0553951,0.0085296630859375,0.0208282470703125,-0.974578857421875,-0.006017328383897877,-0.013272408539329188,-1.0207349180241976
1789846680.154849,-0.000335693359375,-0.07623291015625,-1.03656005859375,-0.004881001378993301,-0.025864508862713353,-1.023899946138108
1789846680.254339,0.0102691650390625,-0.096710205078125,-1.0027618408203125,-0.0018509680953821416,-0.04003364810579568,-1.019672325074549
1789846680.353939,-0.02880859375,-0.1151123046875,-0.991058349609375,-0.007242493226305714,-0.05504937942213655,-1.0139495299815142
1789846680.453394,0.034393310546875,-0.0661163330078125,-1.02557373046875,0.001084667528330429,-0.057262770139271744,-1.0162743700789614
1789846680.55304,0.012939453125,-0.00079345703125,-1.0234375,0.0034556246476643436,-0.0459689075176674,-1.0177069960631693
1789846680.652523,-0.0028839111328125,-0.0074920654296875,-1.0027923583984375,0.002187717491568975,-0.03827353910007142,-1.014724068530223
1789846680.752178,0.01434326171875,0.0135498046875,-1.0071868896484375,0.00461882633700518,-0.027908870342557138,-1.013216632753866
1789846680.85156,0.0174713134765625,-0.09722900390625,-0.9840087890625,0.007189323764916645,-0.041772897055295716,-1.007375064015593
1789846680.950949,0.0319061279296875,-0.119720458984375,-0.9711151123046875,0.012132684597870817,-0.05736240944111158,-1.000123073673412
1789846681.0505738,0.05963134765625,-0.06060791015625,-1.0228271484375,0.021632417209546652,-0.05801150958413927,-1.0046638886262296
1789846681.150113,0.0040740966796875,-0.076751708984375,-0.95159912109375,0.018120753103574822,-0.061759549464186415,-0.9940509351197337
1789846681.249378,0.022735595703125,-0.0502166748046875,-0.9858551025390625,0.01904372162348486,-0.059450974532286635,-0.9924117686035996
1789846681.349001,0.0258331298828125,-0.053070068359375,-0.960052490234375,0.02040160327535039,-0.05817479329770431,-0.9859399129297547
1789846681.448526,0.02496337890625,-0.068756103515625,-1.0436553955078125,0.021313958401530313,-0.06029105534128845,-0.9974830094453663
1789846681.5480108,0.028228759765625,-0.0596923828125,-0.9697418212890625,0.02269691867434925,-0.06017132083553076,-0.9919347718141055
1789846681.64745,0.03741455078125,-0.0829010009765625,-1.003021240234375,0.0256404450957294,-0.06471725686373711,-0.9941520654981595
1789846681.7473578,0.007049560546875,-0.070556640625,-0.9793243408203125,0.021922268185958525,-0.06588513361598969,-0.99118652056259
1789846681.847083,-0.000274658203125,0.0128021240234375,-1.0036773681640625,0.01748288290814182,-0.05014768208810425,-0.9936846900828846
1789846681.9461122,-0.013671875,-0.0198974609375,-1.0236968994140625,0.011251931326513457,-0.04409763785798341,-0.9996871319491203
1789846682.0455651,-0.0295257568359375,-0.0032501220703125,-0.9705810546875,0.0030963936940232653,-0.03592813470044923,-0.9938659164967962
1789846682.145221,0.039886474609375,-0.0541229248046875,-1.0772705078125,0.010454409877093614,-0.03956709272129688,-1.010546834759937
1789846682.244707,0.032928466796875,-0.107879638671875,-0.9501190185546875,0.014949221261049892,-0.05322960191141251,-0.9984612715188871
1789846682.344267,0.064300537109375,-0.089019775390625,-0.9988250732421875,0.024819484430714918,-0.060387636607255005,-0.9985340318635473
1789846682.44366,0.03216552734375,-0.049041748046875,-0.9895782470703125,0.026288693013321936,-0.05811845889517901,-0.9967428749049003
1789846682.543295,0.014068603515625,-0.0038299560546875,-1.010284423828125,0.023844675113782552,-0.04726075832708071,-0.9994511846895453
1789846682.642901,-0.001220703125,-0.06756591796875,-0.965576171875,0.01883159946602604,-0.05132179025541457,-0.9926761821266363
1789846682.742275,-0.007537841796875,-0.068389892578125,-0.9894256591796875,0.013557711213445834,-0.05473541071995666,-0.9920260775372466
1789846682.842058,0.0339508056640625,0.0055084228515625,-0.98931884765625,0.017636330103569166,-0.042686644005652835,-0.9914846315610473
1789846682.941506,0.0299072265625,0.009979248046875,-1.0455474853515625,0.02009050939535533,-0.032153465595147264,-1.0022972023191503
1789846683.0410051,0.0144805908203125,-0.048187255859375,-0.9955902099609375,0.018968525680346765,-0.035360223647992815,-1.000955803847508
1789846683.1405292,0.0145416259765625,-0.0997772216796875,-1.0000152587890625,0.018083145739589912,-0.048243623254331756,-1.0007676948358188
1789846683.2399411,0.0195465087890625,-0.0768280029296875,-0.9525299072265625,0.01837581834948443,-0.053960499189402905,-0.9911201373139676
1789846683.339428,0.044647216796875,-0.0680694580078125,-1.0329132080078125,0.023630098038962544,-0.05678229095308483,-0.9994787514527367
1789846683.43896,0.0365753173828125,0.0105133056640625,-0.97802734375,0.026219141907732536,-0.04332317162965536,-0.9951884699121893
1789846683.5384011,0.0635833740234375,-0.0628509521484375,-1.03192138671875,0.03369198833087353,-0.047228727733411795,-1.0025350532735016
1789846683.638015,0.052520751953125,-0.0261688232421875,-0.983856201171875,0.037457741055323825,-0.04301674683516694,-0.9987992828531763
1789846683.737402,0.03582763671875,-0.1043853759765625,-1.0130462646484375,0.03713172018800906,-0.055290472663446055,-1.0016486792122286
1789846683.837047,0.0140228271484375,-0.0635528564453125,-1.005035400390625,0.03250994158009475,-0.056942949419819346,-1.0023260234479079
1789846683.936747,0.041107177734375,0.0020294189453125,-1.0612335205078125,0.034229388810950806,-0.04514847574679298,-1.0141075228598888
1789846684.036176,0.03387451171875,-0.0006103515625,-1.002197265625,0.03415841339251065,-0.03624085090993439,-1.0117254714129111
1789846684.135519,0.0458984375,-0.06488037109375,-1.0072021484375,0.03650641821400852,-0.041968754946697516,-1.010820806817829
1789846684.235079,0.0399932861328125,-0.0549468994140625,-1.018157958984375,0.037203791797769316,-0.044564383840170516,-1.0122882372511384
1789846684.334574,0.08544921875,-0.0753631591796875,-1.0021514892578125,0.04685287718821546,-0.05072413890807392,-1.0102608876524732
1789846684.4342089,0.0127105712890625,-0.0528106689453125,-0.996246337890625,0.04002441600838487,-0.05114144491552164,-1.0074579777001036
1789846684.533557,0.0039215087890625,-0.009124755859375,-1.00457763671875,0.0328038345645204,-0.042738107104292315,-1.0068819095038328
1789846684.6330829,-0.0083465576171875,-0.0079345703125,-0.9899139404296875,0.02457375612817882,-0.03577739974593385,-1.0034883156890038
1789846684.73258,-0.020172119140625,-0.0335235595703125,-0.9843597412109375,0.015624581074418057,-0.03532663171080958,-0.9996626007933906
1789846684.8320742,-0.0525665283203125,-0.05792236328125,-0.986328125,0.001986359195471946,-0.039845778024897666,-0.9969957056347125
1789846684.931694,-0.03564453125,-0.0445404052734375,-0.9923858642578125,-0.005539818893622444,-0.04078470347460564,-0.9960737373593326
1789846685.031536,-0.04351806640625,-0.019256591796875,-0.989898681640625,-0.013135468396147956,-0.03647908113905951,-0.9948387262155911
1789846685.1308908,-0.0417327880859375,-0.0498504638671875,-1.013275146484375,-0.018854932334105866,-0.039153357684685114,-0.9985260102693478
1789846685.2302241,-0.0491790771484375,-0.04193115234375,-1.0158538818359375,-0.024919761296972195,-0.03970891661649809,-1.0019915845826657
1789846685.329689,-0.05828857421875,-0.0563507080078125,-0.9508209228515625,-0.03159352388132776,-0.043037274894760974,-0.9917574522364451
1789846685.42945,-0.0613861083984375,-0.08270263671875,-0.9527587890625,-0.03755204078474971,-0.05097034725955878,-0.9839577196016561
1789846685.528823,-0.0496673583984375,-0.0582122802734375,-0.990203857421875,-0.03997510430748727,-0.05241873386233453,-0.9852069471657
1789846685.628325,-0.0335540771484375,-0.0482635498046875,-1.01544189453125,-0.03869089887567732,-0.051587697050805126,-0.99125393663881
1789846685.7277188,-0.05792236328125,-0.053375244140625,-1.0058135986328125,-0.04253719175679185,-0.0519452064687691,-0.9941658690376106
1789846685.827311,-0.052520751953125,-0.0401763916015625,-0.98760986328125,-0.04453390379605848,-0.049591443495327785,-0.9928546678863386
1789846685.927133,-0.0496826171875,-0.06903076171875,-0.994354248046875,-0.04556364647434678,-0.053479307140012235,-0.9931545839184459
1789846686.02672,-0.033355712890625,-0.0387115478515625,-1.035125732421875,-0.04312205975760243,-0.05052575528232229,-1.0015488136191317
1789846686.1262112,-0.019805908203125,-0.01300048828125,-1.0211639404296875,-0.03845882944670694,-0.04302070188210783,-1.005471838981243
1789846686.225529,-0.01214599609375,-0.04156494140625,-0.98345947265625,-0.03319626277611555,-0.04272954978693627,-1.0010693657162444
1789846686.324919,0.008514404296875,-0.0341644287109375,-0.981536865234375,-0.024854129361517444,-0.041016525571736524,-0.9971628656198706
1789846686.4246922,0.0003814697265625,-0.03082275390625,-0.987640380859375,-0.019807009543901456,-0.03897777123863922,-0.9952583686677714
1789846686.524053,0.010223388671875,-0.056671142578125,-1.001251220703125,-0.013800929900746165,-0.04251644550653638,-0.9964569390748421
1789846686.623467,0.0196380615234375,-0.050811767578125,-0.9943084716796875,-0.007113131615909432,-0.04417550992085411,-0.9960272455958112
1789846686.723007,0.0480194091796875,-0.0435638427734375,-1.0346221923828125,0.003913376543209956,-0.04405317649137079,-1.0037462349532116
1789846686.822645,0.053314208984375,-0.0701751708984375,-0.970794677734375,0.013793543031442966,-0.049277575372784134,-0.9971559235094444
1789846686.92207,0.0559234619140625,-0.0554046630859375,-0.973236083984375,0.022219526807966874,-0.05050299291541481,-0.9923719556044306
1789846687.02156,0.036712646484375,-0.0445709228515625,-0.9412841796875,0.0251181507432485,-0.04931657890264435,-0.9821544004210445
1789846687.1212568,0.0582122802734375,-0.0213775634765625,-1.01312255859375,0.031736976649286305,-0.04372877581742798,-0.9883480320555857
1789846687.2205749,0.0494232177734375,-0.0366363525390625,-0.997100830078125,0.03527422487411655,-0.04231029116175489,-0.9900985916600937
1789846687.320046,0.0054931640625,-0.0487823486328125,-1.00750732421875,0.02931801271179324,-0.043604702655966415,-0.993580338171825
1789846687.419774,-0.017608642578125,-0.038055419921875,-0.980255126953125,0.019932681653809594,-0.04249484610914814,-0.990915295928085
1789846687.519092,-0.0287628173828125,-0.0329437255859375,-1.008758544921875,0.010193581846485177,-0.040584622004506014,-0.9944839457268431
1789846687.618613,-0.0283050537109375,-0.0269317626953125,-0.9844512939453125,0.002493854735000642,-0.037854050142667316,-0.992477415370537
1789846687.718086,-0.0300445556640625,-0.0289306640625,-1.0107269287109375,-0.0040138273448119864,-0.036069372926633855,-0.9961273180386172
1789846687.817599,-0.0303955078125,-0.0406646728515625,-0.99420166015625,-0.00929016343834959,-0.03698843291161959,-0.9957421864621439
1789846687.917152,-0.046142578125,-0.0462188720703125,-0.9993743896484375,-0.016660646375679673,-0.03883452074335817,-0.9964686270994026
1789846688.016666,-0.0489959716796875,-0.0381317138671875,-1.0012664794921875,-0.02312771143648124,-0.03869395936812404,-0.9974281975779598
1789846688.116269,-0.055908203125,-0.0330657958984375,-0.993377685546875,-0.029683809774184992,-0.03756832667418673,-0.9966180951717428
1789846688.215697,-0.0460052490234375,-0.03466796875,-1.0034027099609375,-0.0329480976240355,-0.03698825508934939,-0.9979750181295819
1789846688.3152552,-0.057708740234375,-0.03594970703125,-0.9908905029296875,-0.0379002261461034,-0.03678054547772951,-0.9965581150896031
1789846688.41486,-0.050384521484375,-0.04296875,-1.0047607421875,-0.040397085213757726,-0.03801818638218361,-0.9981986405091825
1789846688.51413,-0.052764892578125,-0.0397186279296875,-0.9821624755859375,-0.04287064668663118,-0.03835827469168439,-0.9949914075245335
1789846688.613759,-0.045318603515625,-0.0411529541015625,-1.0215606689453125,-0.043360238052429945,-0.03891721057366001,-1.0003052598086895
1789846688.713438,-0.0423126220703125,-0.0253753662109375,-0.994476318359375,-0.04315071485600645,-0.03620884170111551,-0.9991394715188266
1789846688.812938,-0.0215911865234375,-0.036285400390625,-1.0123138427734375,-0.038838809189492667,-0.03622415343901741,-1.001774345769749
1789846688.912247,0.002288818359375,-0.0364227294921875,-0.9926605224609375,-0.030613283679719133,-0.03626386864965143,-0.9999515811079868
1789846689.011869,0.0159759521484375,-0.0340423583984375,-1.007537841796875,-0.021295436514087808,-0.035819566599408645,-1.0014688332457644
1789846689.1113238,0.0326995849609375,-0.0305023193359375,-0.9915313720703125,-0.010496432219082747,-0.03475611714671442,-0.999481341010674
1789846689.210906,0.0514678955078125,-0.0304718017578125,-0.9933624267578125,0.001896433326296302,-0.033899254068934036,-0.9982575581601016
1789846689.310385,0.074615478515625,-0.035308837890625,-0.9990997314453125,0.01644024236416204,-0.03418117083327223,-0.9984259928171438
1789846689.409954,0.0792388916015625,-0.0373992919921875,-0.9951629638671875,0.028999972211642137,-0.034824795065055286,-0.9977733870271527
1789846689.509651,0.089630126953125,-0.047882080078125,-1.0006866455078125,0.04112600315993871,-0.03743625206766923,-0.9983560387232846
1789846689.608907,0.0949554443359375,-0.03985595703125,-1.0041656494140625,0.05189189139513847,-0.03792019306038538,-0.9995179608614403
1789846689.70861,0.0920257568359375,-0.0419769287109375,-1.0060577392578125,0.05991866448329829,-0.03873154019049581,-1.0008259165407147
1789846689.8080258,0.0828094482421875,-0.03265380859375,-1.002960205078125,0.06449682123507613,-0.03751599387114665,-1.0012527742481967
1789846689.9076118,0.0861663818359375,-0.0305023193359375,-1.0009307861328125,0.06883073335524842,-0.036113258964104826,-1.00118837662512
1789846690.007509,0.083831787109375,-0.0233917236328125,-0.9920196533203125,0.07183094410607374,-0.03356895189784636,-0.9993546319641585
1789846690.106841,0.0467071533203125,-0.032928466796875,-1.0150146484375,0.0668061859489215,-0.03344085487765209,-1.0024866352588269
1789846690.20613,-0.0656890869140625,-0.02252197265625,-0.969635009765625,0.040307131376324704,-0.03125707843337167,-0.9959163101601864
1789846690.3055549,-0.0297393798828125,-0.034820556640625,-1.010009765625,0.026297829124497265,-0.03196977407482234,-0.9987350012531492
1789846690.405085,0.015625,-0.045135498046875,-1.0255279541015625,0.024163263299597813,-0.034602918869232877,-1.004093591822832
1789846690.504655,-0.024658203125,-0.035400390625,-0.9888763427734375,0.014398970014678252,-0.0347624132203863,-1.0010501420129532
1789846690.604226,-0.0258331298828125,-0.03070068359375,-0.9876251220703125,0.006352550035180102,-0.03395006729505904,-0.9983651380244251
1789846690.703865,0.001312255859375,-0.034027099609375,-1.01251220703125,0.005344491200019082,-0.033965473757922235,-1.00119455182579
1789846690.8032088,-0.01568603515625,-0.0408782958984375,-0.986236572265625,0.0011383859287652657,-0.03534803818602529,-0.9982029559137572
1789846690.902769,-0.017486572265625,-0.0401611328125,-1.004852294921875,-0.0025866057101127876,-0.036310657111320234,-0.9995328237153809
1789846691.002389,-0.0067138671875,-0.040618896484375,-0.99591064453125,-0.00341205800559023,-0.03717230498593119,-0.9988083878785547
1789846691.101787,-0.0096282958984375,-0.034515380859375,-0.993499755859375,-0.004655305584159684,-0.03664092016061995,-0.9977466614747188
1789846691.20126,-0.0201873779296875,-0.034942626953125,-1.00152587890625,-0.007761720053265248,-0.036301261519120956,-0.998502504961025
1789846691.300695,-0.0160064697265625,-0.0361175537109375,-1.0110931396484375,-0.009410669987924699,-0.03626451995748427,-1.0010206318985075
1789846691.400264,-0.0193328857421875,-0.0395660400390625,-1.00054931640625,-0.011395113138777259,-0.03692482397379992,-1.000926368800056
1789846691.499716,-0.0121612548828125,-0.0432586669921875,-0.995269775390625,-0.011548341487584306,-0.03819159257747744,-0.9997950501181698
1789846691.599329,-0.0116424560546875,-0.0401611328125,-0.9951019287109375,-0.011567164401004946,-0.038585500624481954,-0.9988564258367234
1789846691.6990361,-0.0074005126953125,-0.0450897216796875,-1.0021514892578125,-0.010733834059866457,-0.039886344835523065,-0.9995154385209413
1789846691.79838,-0.0142364501953125,-0.03863525390625,-1.0055999755859375,-0.011434357286955667,-0.03963612664966845,-1.0007323459339406
1789846691.897809,-0.0107269287109375,-0.0282745361328125,-1.0007171630859375,-0.011292871571752034,-0.03736380854629726,-1.0007293093643401
1789846691.9976249,-0.01947021484375,-0.0351104736328125,-1.0003204345703125,-0.012928340226151629,-0.036913141563600316,-1.0006475344055348
1789846692.096919,-0.0131378173828125,-0.038543701171875,-1.0010223388671875,-0.012970235657483804,-0.03723925348525525,-1.0007224952978655
1789846692.196408,-0.0137939453125,-0.0378875732421875,-0.98016357421875,-0.013134977588487043,-0.0373689174366417,-0.9966107110820424
1789846692.2960281,-0.01348876953125,-0.0354156494140625,-1.00238037109375,-0.013205735977039636,-0.036978263832125866,-0.997764643084384
1789846692.395496,-0.04254150390625,-0.0754852294921875,-0.9891815185546875,-0.01907288956288171,-0.0446796569641382,-0.9960480181784447
1789846692.49502,-0.0099029541015625,-0.0365142822265625,-0.9989776611328125,-0.017238902470617868,-0.04304658201662306,-0.9966339467693184
1789846692.594459,-0.0180816650390625,-0.03564453125,-0.9997406005859375,-0.017407454984306795,-0.041566171863298446,-0.9972552775326423
1789846692.6941772,-0.0078277587890625,-0.04302978515625,-1.0054473876953125,-0.015491515745257938,-0.041858894521888755,-0.9988936995651764
1789846692.79358,-0.0127105712890625,-0.0365447998046875,-0.99334716796875,-0.014935326854018851,-0.040796075578448505,-0.9977843932458912
1789846692.89299,-0.01226806640625,-0.036224365234375,-0.999298095703125,-0.01440187476446508,-0.03988173350963381,-0.998087133737338
1789846692.993048,-0.0152587890625,-0.0385589599609375,-1.000030517578125,-0.014573257624072064,-0.03961717879989455,-0.9984758105054955
1789846693.09215,-0.01336669921875,-0.0365447998046875,-0.9986114501953125,-0.014331945943007653,-0.039002703000853144,-0.9985029384434589
1789846693.191679,-0.016937255859375,-0.034881591796875,-1.0026702880859375,-0.014853007926281123,-0.03817848076005752,-0.9993364083719547
1789846693.2913,-0.015350341796875,-0.04022216796875,-1.001861572265625,-0.0149524747003999,-0.03858721820179602,-0.9998414411506887
1789846693.390993,-0.008148193359375,-0.0391082763671875,-0.995025634765625,-0.013591618432194922,-0.038691429834874315,-0.9988782798736761
1789846693.49018,-0.0120086669921875,-0.0376129150390625,-0.9821014404296875,-0.013275028144193438,-0.03847572687571195,-0.9955229119848784
1789846693.589622,-0.01678466796875,-0.0452728271484375,-0.98992919921875,-0.013976956109104752,-0.03983514693025706,-0.9944041694316528
1789846693.689196,-0.011749267578125,-0.039642333984375,-0.9978485107421875,-0.013531418402908802,-0.039796584341080646,-0.9950930376937598
1789846693.788866,-0.01312255859375,-0.0376739501953125,-0.9979400634765625,-0.013449646441077042,-0.039372057511927024,-0.9956624428503205
1789846693.8882952,-0.012847900390625,-0.0403900146484375,-1.004486083984375,-0.013329297230986635,-0.03957564893922912,-0.9974271710771314
1789846693.987866,-0.0102081298828125,-0.0438079833984375,-1.0065155029296875,-0.012705063761351807,-0.040422115831070804,-0.9992448374476427
1789846694.088681,-0.012420654296875,-0.035003662109375,-1.0070953369140625,-0.012648181868456447,-0.039338425086731646,-1.0008149373409267
1789846694.187099,-0.0140838623046875,-0.0375518798828125,-1.000457763671875,-0.01293531795570266,-0.038981116045947825,-1.0007435026071165
1789846694.286927,-0.014068603515625,-0.03857421875,-0.9992523193359375,-0.013161975067687128,-0.038899736586758264,-1.0004452659528806
1789846694.3858361,-0.0160980224609375,-0.0387115478515625,-0.9935760498046875,-0.013749184546337202,-0.03886209883971911,-0.999071422723242
1789846694.4852939,-0.0152740478515625,-0.036834716796875,-0.99481201171875,-0.014054157207382264,-0.03845662243115029,-0.9982195405223437
1789846694.584764,-0.0144805908203125,-0.0419921875,-0.994903564453125,-0.014139443929968312,-0.03916373544492024,-0.9975563453085
1789846694.684283,-0.0128631591796875,-0.037628173828125,-0.9997711181640625,-0.013884186979912151,-0.0388566231215612,-0.9979992998796126
1789846694.7838202,-0.01220703125,-0.039459228515625,-0.9974517822265625,-0.013548755833929721,-0.03897714420037396,-0.9978897963490027
1789846694.883354,-0.0089263916015625,-0.039093017578125,-0.997955322265625,-0.012624282987456277,-0.039000318875924166,-0.9979029015323272
1789846694.983038,-0.008819580078125,-0.0374603271484375,-1.0002899169921875,-0.011863342405590022,-0.03869232053042683,-0.9983803046242993
1789846695.082316,-0.013275146484375,-0.036102294921875,-0.9987030029296875,-0.012145703221347018,-0.038174315408716464,-0.998444844285377
1789846695.181769,-0.0151519775390625,-0.0377349853515625,-0.995635986328125,-0.012746958084890115,-0.03808644939728567,-0.9978830726939267
1789846695.281369,-0.013458251953125,-0.0371856689453125,-0.9989471435546875,-0.012889216858537092,-0.03790629330689104,-0.998095886866079
1789846695.3808699,-0.01116943359375,-0.03857421875,-1.0025634765625,-0.012545260205579674,-0.03803987839551284,-0.9989894048053632
1789846695.4803848,-0.0172119140625,-0.03924560546875,-1.001190185546875,-0.01347859097696374,-0.03828102381016027,-0.9994295609536656
1789846695.579937,-0.0131988525390625,-0.0406951904296875,-0.994842529296875,-0.013422643289383493,-0.038763857134065716,-0.9985121546223076
1789846695.679658,-0.010162353515625,-0.0409088134765625,-0.9995880126953125,-0.012770585334631795,-0.039192848402565074,-0.9987273262369086
1789846695.779042,-0.0097808837890625,-0.04058837890625,-0.995269775390625,-0.012172645025517938,-0.03947195450330206,-0.9980358160676519
1789846695.878518,-0.0136566162109375,-0.038909912109375,-0.997650146484375,-0.01246943926260185,-0.039359546024516655,-0.9979586821509966
1789846695.97819,-0.014373779296875,-0.0384521484375,-0.99603271484375,-0.012850307269456481,-0.03917806650711333,-0.9975734886895473
1789846696.077766,-0.011016845703125,-0.039215087890625,-1.001800537109375,-0.012483614956190185,-0.039185470783815665,-0.9984188983735129
1789846696.17712,-0.012939453125,-0.0422210693359375,-1.0010528564453125,-0.01257478258995215,-0.039792590494240034,-0.9989456899878729
1789846696.2768059,-0.01495361328125,-0.034942626953125,-0.9990997314453125,-0.01305054872821172,-0.03882259778601703,-0.9989764982793609
1789846696.376085,-0.0091094970703125,-0.0410614013671875,-0.992340087890625,-0.012262338396631876,-0.03927035850225112,-0.9976492162016137
1789846696.475624,-0.014129638671875,-0.0382537841796875,-0.994720458984375,-0.012635798451680502,-0.0390670436377384,-0.997063464758166
1789846696.575207,-0.0139617919921875,-0.0396728515625,-0.999542236328125,-0.012900997159781902,-0.039188205222690724,-0.9975592190721578
1789846696.674788,-0.02252197265625,-0.0339202880859375,-1.029144287109375,-0.014825192259075522,-0.03813462179534008,-1.0038762326796014
1789846696.774393,-0.015838623046875,-0.028228759765625,-1.0282745361328125,-0.015027878416635419,-0.03615344938939706,-1.0087558933702436
1789846696.8737988,-0.0120391845703125,-0.0331573486328125,-0.9926605224609375,-0.014430139647370836,-0.03555422923808015,-1.0055368191883824
1789846696.9733958,-0.012115478515625,-0.03802490234375,-1.0023193359375,-0.013967207421021668,-0.03604836385921412,-1.004893322538206
1789846697.073162,-0.018707275390625,-0.0362396240234375,-0.991973876953125,-0.014915221014942335,-0.036086615892058804,-1.00230943342119
1789846697.172324,-0.0118408203125,-0.04046630859375,-1.013916015625,-0.014300340874453869,-0.03696255443239704,-1.004630749861952
1789846697.271904,-0.0188446044921875,-0.0354156494140625,-0.984619140625,-0.015209193598000596,-0.03665317342873013,-1.0006284280145616
1789846697.371326,-0.0111541748046875,-0.037841796875,-1.010833740234375,-0.014398189839337978,-0.03689089811798411,-1.0026694904585243
1789846697.470842,-0.018463134765625,-0.037384033203125,-0.98345947265625,-0.015211178824595384,-0.03698952513501229,-0.9988274868980694
1789846697.570417,-0.0117645263671875,-0.0395965576171875,-1.010528564453125,-0.014521848333113808,-0.037510931631447336,-1.0011677024090806
1789846697.6699672,-0.009918212890625,-0.0371551513671875,-0.99163818359375,-0.013601121244616047,-0.037439775578595375,-0.9992617986460145
1789846697.769521,-0.01153564453125,-0.0398712158203125,-1.0134429931640625,-0.013188025901942839,-0.0379260636269388,-1.002098037549624
1789846697.8689651,-0.0137939453125,-0.036895751953125,-0.9864959716796875,-0.013309209784054272,-0.03772000129217604,-0.9989776243756368
1789846697.968472,-0.0117950439453125,-0.0390472412109375,-1.0064239501953125,-0.013006376616305918,-0.03798544927592834,-1.000466889539572
1789846698.0680141,-0.015625,-0.037750244140625,-0.9877777099609375,-0.013530101293044734,-0.037938408248867676,-0.9979290536238452
1789846698.167479,-0.021514892578125,-0.037445068359375,-0.9873809814453125,-0.015127059550060787,-0.03783974027096915,-0.9958194391881388
1789846698.2671862,-0.0117340087890625,-0.0405731201171875,-0.99725341796875,-0.014448449397861132,-0.03838641624021282,-0.9961062349442611
1789846698.3667312,-0.01556396484375,-0.0383758544921875,-0.9989166259765625,-0.014671552487038907,-0.03838430389060776,-0.9966683131507215
1789846698.466178,-0.010467529296875,-0.0384674072265625,-1.001678466796875,-0.013830747849006127,-0.03840092455779871,-0.9976703438799521
1789846698.565549,-0.017425537109375,-0.037139892578125,-0.990966796875,-0.014549705701079902,-0.03814871816186397,-0.9963296344789618
1789846698.665231,-0.0094757080078125,-0.0369873046875,-1.0097198486328125,-0.013534906162426422,-0.03791643546699118,-0.999007677309732
1789846698.764752,-0.0166015625,-0.03790283203125,-0.9883575439453125,-0.01414823742994114,-0.03791371477984295,-0.9968776506368481
1789846698.8641171,-0.0108184814453125,-0.0351409912109375,-1.00494384765625,-0.013482286233015412,-0.03735917006606186,-0.9984908900407286
1789846698.9636421,-0.01910400390625,-0.0391693115234375,-0.9905853271484375,-0.01460662976766233,-0.03772119835753699,-0.9969097774622704
1789846699.0632281,-0.010955810546875,-0.037445068359375,-1.0154266357421875,-0.013876465923504866,-0.037665972357904594,-1.0006131491182537
1789846699.162724,-0.0189208984375,-0.0392608642578125,-0.985595703125,-0.014885352426303892,-0.03798495073788618,-0.997609659919603
1789846699.262208,-0.012359619140625,-0.040863037109375,-1.01220703125,-0.014380205769168115,-0.038560568012183945,-1.0005291341856826
1789846699.361733,-0.0137939453125,-0.0436248779296875,-0.9696807861328125,-0.014262953677834492,-0.03957342999568466,-0.9943594645751086
1789846699.46121,-0.010040283203125,-0.0405426025390625,-0.9979095458984375,-0.013418419582892594,-0.03976726450436023,-0.9950694808397744
1789846699.56092,-0.014068603515625,-0.0460357666015625,-0.982086181640625,-0.013548456369439075,-0.04102096492380069,-0.9924728209999446
1789846699.660496,-0.0083160400390625,-0.0414886474609375,-1.002838134765625,-0.012501973103363762,-0.04111450143122806,-0.9945458837530807
1789846699.75984,-0.0142364501953125,-0.0396881103515625,-0.984954833984375,-0.01284886852175351,-0.040829223215294946,-0.9926276737993396
1789846699.859709,-0.01165771484375,-0.03570556640625,-1.0100250244140625,-0.012610637786152807,-0.03980449185348596,-0.9961071439222842
1789846699.959136,-0.018890380859375,-0.0381622314453125,-0.9998016357421875,-0.013866586400797246,-0.03947603977185127,-0.9968460422862648
1789846700.058593,-0.0137176513671875,-0.038970947265625,-0.9957275390625,-0.013836799394075297,-0.03937502127060602,-0.9966223416415119
1789846700.1579142,-0.01470947265625,-0.03460693359375,-0.988006591796875,-0.014011334046510237,-0.03842140373523482,-0.9948991916725846
1789846700.257626,-0.0123748779296875,-0.0323333740234375,-0.9998321533203125,-0.013684042823145691,-0.03720379779287536,-0.9958857840021302
1789846700.357054,-0.0233917236328125,-0.04144287109375,-0.990264892578125,-0.015625578985079054,-0.03805161245305029,-0.9947616057173292
1789846700.456514,-0.0173492431640625,-0.04132080078125,-1.0051422119140625,-0.015970311820875743,-0.038705450118690234,-0.9968377269566758
1789846700.5561152,-0.0153656005859375,-0.0357666015625,-0.993072509765625,-0.015849369573888095,-0.03811768040745219,-0.9960846835184657
1789846700.655566,-0.0123443603515625,-0.03778076171875,-1.0044097900390625,-0.015148367729422976,-0.038050296669711756,-0.9977497048225851
1789846700.755192,-0.011016845703125,-0.0398406982421875,-0.9872589111328125,-0.014322063324163381,-0.038408376984206904,-0.9956515460846307
1789846700.854659,-0.0068206787109375,-0.04510498046875,-1.000823974609375,-0.012821786401518206,-0.039747697681115524,-0.9966860317895796
1789846700.954318,-0.0119781494140625,-0.03509521484375,-0.9980926513671875,-0.012653059004027065,-0.03881720111364242,-0.9969673557051013
1789846701.053249,-0.0113067626953125,-0.043243408203125,-1.00360107421875,-0.012383799742284153,-0.039702442531538935,-0.9982940994078311
1789846701.15278,-0.0172882080078125,-0.0357513427734375,-0.99444580078125,-0.013364681395389823,-0.03891222257991865,-0.9975244396825149
1789846701.25243,-0.0140533447265625,-0.0340423583984375,-1.003814697265625,-0.01350241406162436,-0.03793824974362242,-0.998782491199137
1789846701.352138,-0.0117645263671875,-0.03436279296875,-1.003814697265625,-0.013154836522736989,-0.03722315838864794,-0.9997889324124347
1789846701.451634,-0.0129547119140625,-0.0369873046875,-1.0013885498046875,-0.013114811601002092,-0.037175987648418354,-1.0001088558908853
1789846701.550857,-0.0149383544921875,-0.0403289794921875,-0.99749755859375,-0.013479520179239174,-0.037806586017172183,-0.9995865964314583
1789846701.650439,-0.0143890380859375,-0.0400238037109375,-0.9893798828125,-0.01366142376057884,-0.03825002955592525,-0.9975452537076667
1789846701.7498012,-0.014862060546875,-0.034271240234375,-0.9957733154296875,-0.013901551117838074,-0.0374542716916152,-0.997190866052071
1789846701.8493562,-0.0173492431640625,-0.0399017333984375,-0.999755859375,-0.01459108952708296,-0.037943764032979665,-0.9977038647166568
1789846701.949067,-0.0134124755859375,-0.0411834716796875,-0.995849609375,-0.014355366738853868,-0.038591705562321235,-0.9973330136483256
1789846702.048495,-0.011322021484375,-0.037750244140625,-0.9925079345703125,-0.013748697687958096,-0.03842341327798199,-0.996367997832723
1789846702.1479468,-0.0150299072265625,-0.037200927734375,-0.9970703125,-0.014004939595678978,-0.03817891616926059,-0.9965084607661785
1789846702.247443,-0.013336181640625,-0.03936767578125,-0.99908447265625,-0.013871188004668182,-0.038416668091658474,-0.9970236631441929
1789846702.347264,-0.013671875,-0.0410308837890625,-0.9951019287109375,-0.013831325403734548,-0.038939511231139284,-0.9966393162575419
1789846702.447078,-0.0129852294921875,-0.0367431640625,-0.99676513671875,-0.013662106221425139,-0.038500241797411426,-0.9966644803497836
1789846702.5466208,-0.0133056640625,-0.0369415283203125,-0.998504638671875,-0.013590817789640112,-0.03818849910199164,-0.997032512014202
1789846702.6456208,-0.014617919921875,-0.0388031005859375,-0.99761962890625,-0.01379623821608709,-0.03831141939878081,-0.9971499353926117
1789846702.7451239,-0.012725830078125,-0.040924072265625,-0.996490478515625,-0.013582156588494671,-0.03883394997214965,-0.9970180440172143
1789846702.845027,-0.0149688720703125,-0.0377044677734375,-0.998291015625,-0.013859499684858239,-0.03860805353240722,-0.9972726383387716
1789846702.944406,-0.013275146484375,-0.036163330078125,-0.99798583984375,-0.013742629044761591,-0.03811910884155077,-0.9974152786397673
1789846703.04385,-0.0130462646484375,-0.0381011962890625,-0.99267578125,-0.013603356165496773,-0.03811552633105312,-0.9964673791618139
1789846703.1434069,-0.0153350830078125,-0.03839111328125,-0.9977264404296875,-0.01394970153395992,-0.038170643721092495,-0.9967191914153887
1789846703.243315,-0.0137176513671875,-0.0373992919921875,-0.9953765869140625,-0.013903291500605437,-0.038016373375311496,-0.9964506705151235
1789846703.3424191,-0.0130157470703125,-0.0384674072265625,-0.99920654296875,-0.013725782614546852,-0.0381065801455617,-0.9970018450058489
1789846703.442066,-0.01605224609375,-0.039337158203125,-0.9968414306640625,-0.014191075310387482,-0.03835269575707436,-0.9969697621374917
1789846703.541492,-0.0148468017578125,-0.03814697265625,-0.9984588623046875,-0.014322220599872487,-0.03831155113690949,-0.9972675821709309
1789846703.641016,-0.01434326171875,-0.0383758544921875,-0.9981231689453125,-0.01432642882364799,-0.03832441180796509,-0.9974386995258072
1789846703.7405229,-0.014373779296875,-0.038818359375,-0.9976348876953125,-0.014335898918293392,-0.03842320132137208,-0.9974779371597082
1789846703.8400168,-0.014251708984375,-0.03875732421875,-0.997955322265625,-0.014319060931509715,-0.038490025900847664,-0.9975734141808916
1789846703.939836,-0.0127105712890625,-0.039581298828125,-0.996826171875,-0.013997363003020272,-0.038708280486303134,-0.9974239657197134
1789846704.038986,-0.0165252685546875,-0.0282135009765625,-1.0035858154296875,-0.014502944113353719,-0.03660932458435501,-0.9986563356617082
1789846704.13862,-0.012176513671875,-0.0340118408203125,-0.9956512451171875,-0.014037658025057976,-0.03608982783154651,-0.9980553175528042
1789846704.2381659,-0.009796142578125,-0.0421905517578125,-0.9834136962890625,-0.013189354935671381,-0.037309972616799705,-0.9951269933000559
1789846704.337696,-0.0170745849609375,-0.0433807373046875,-0.997283935546875,-0.013966400940724606,-0.038524125554377266,-0.9955583817494198
1789846704.437323,-0.014434814453125,-0.0372314453125,-0.9981231689453125,-0.014060083643204687,-0.03826558950600181,-0.9960713391885984
1789846704.5365639,-0.01318359375,-0.0369110107421875,-0.998260498046875,-0.013884785664563751,-0.03799467375323895,-0.9965091709602537
1789846704.63618,-0.0148468017578125,-0.038604736328125,-0.9950408935546875,-0.014077188883213501,-0.03811668626821616,-0.9962155154791406
1789846704.735678,-0.015960693359375,-0.0391082763671875,-0.9961700439453125,-0.014453889778445802,-0.03831500428801043,-0.996206421172375
1789846704.835195,-0.01287841796875,-0.0386962890625,-0.9973297119140625,-0.01413879541650664,-0.03839126124290834,-0.9964310793207125
1789846704.9349232,-0.01373291015625,-0.0384674072265625,-0.9921417236328125,-0.014057618364455314,-0.038406490439639174,-0.9955732081831326
1789846705.0342278,-0.01397705078125,-0.04058837890625,-0.9981231689453125,-0.014041504847814253,-0.03884286813296134,-0.9960832003355685
1789846705.1337771,-0.0134124755859375,-0.0378875732421875,-0.993377685546875,-0.013915698995438902,-0.03865180915480657,-0.9955420973778298
1789846705.2334518,-0.0125579833984375,-0.0386505126953125,-1.001556396484375,-0.013644155876038623,-0.03865154986290776,-0.9967449571991389
1789846705.3328152,-0.0141448974609375,-0.0388336181640625,-0.997344970703125,-0.013744304193018399,-0.038687963523138705,-0.9968649598999362
1789846705.4323921,-0.015045166015625,-0.0386505126953125,-0.9971923828125,-0.014004476557539721,-0.038680473357573464,-0.996930444482449
1789846705.532032,-0.013641357421875,-0.0383148193359375,-0.997650146484375,-0.013931852730406778,-0.03860734255324627,-0.9970743848828343
1789846705.631572,-0.015289306640625,-0.0379638671875,-0.99755859375,-0.014203343512450423,-0.038478647480097015,-0.9971712266562676
1789846705.730916,-0.0142364501953125,-0.039886474609375,-0.9979400634765625,-0.014209964849022838,-0.038760212905952614,-0.9973249940203266
1789846705.830709,-0.014129638671875,-0.0381927490234375,-0.9981536865234375,-0.014193899613593273,-0.03864672012944959,-0.9974907325209488
1789846705.930334,-0.01617431640625,-0.0373992919921875,-1.002899169921875,-0.014589982972124618,-0.038397234501997175,-0.9985724200011341