Timestamp,Raw_X,Raw_Y,Raw_Z,Filtered_X,Filtered_Y,Filtered_Z
1789900054.4044728,-0.0378875732421875,-0.0010986328125,-0.992462158203125,-0.0075775146484375,-0.0002197265625,-0.19849243164062502
1789900054.500449,-0.0301666259765625,0.0,-0.9891204833984375,-0.012095336914062501,-0.00017578125000000002,-0.3566180419921875
1789900054.6001148,-0.025146484375,-0.00244140625,-0.9982147216796875,-0.014705566406250002,-0.00062890625,-0.4849373779296875
1789900054.7005482,-0.025634765625,-0.0039215087890625,-0.996795654296875,-0.016891406250000005,-0.0012874267578125002,-0.587309033203125
1789900054.799979,-0.02734375,-0.0048065185546875,-0.9951934814453125,-0.018981875000000006,-0.0019912451171875,-0.6688859228515625
1789900054.899712,-0.0274200439453125,-0.006927490234375,-0.99603271484375,-0.020669508789062506,-0.0029784941406250003,-0.73431528125
1789900054.99792,-0.0281982421875,-0.0077056884765625,-0.9971466064453125,-0.02217525546875001,-0.0039239330078125,-0.7868815462890626
1789900055.097187,-0.0286865234375,-0.0090484619140625,-0.9929046630859375,-0.02347750906250001,-0.0049488387890625,-0.8280861696484376
1789900055.1966748,-0.015167236328125,-0.0023651123046875,-1.000244140625,-0.02181545451562501,-0.0044320934921875,-0.8625177638437501
1789900055.2962031,-0.0242767333984375,-0.006195068359375,-1.00823974609375,-0.022307710292187508,-0.004784688465625,-0.8916621602937502
1789900055.395835,-0.0275421142578125,-0.00799560546875,-0.9991302490234375,-0.023354591085312508,-0.00542687186625,-0.9131557780396877
1789900055.495339,-0.027313232421875,7.62939453125e-05,-0.99298095703125,-0.02414631935262501,-0.004326238703937501,-0.9291208138380003
1789900055.594775,-0.0299072265625,-0.056182861328125,-0.9777069091796875,-0.02529850079460001,-0.014697563228775003,-0.9388380329063377
1789900055.6943378,-0.05316162109375,0.00885009765625,-0.97625732421875,-0.030871124854430013,-0.009988031051770003,-0.9463218911688203
1789900055.793744,-0.0431976318359375,-0.0041046142578125,-0.9879150390625,-0.03333642625073151,-0.008811347692978502,-0.9546405207475563
1789900055.893323,-0.0135650634765625,0.01800537109375,-1.00872802734375,-0.029382153695897705,-0.003448003935632802,-0.9654580220667951
1789900055.992835,-0.0269012451171875,-0.0186767578125,-0.9932861328125,-0.02888597198015567,-0.006493754711006242,-0.9710236442159361
1789900056.092803,-0.0373687744140625,-0.015380859375,-0.9972381591796875,-0.030582532466937037,-0.008271175643804994,-0.9762665472086864
1789900056.191894,-0.034393310546875,-0.003753662109375,-0.9940643310546875,-0.031344688082924635,-0.007367672936918995,-0.9798261039778867
1789900056.291315,-0.026763916015625,-0.007354736328125,-0.9907073974609375,-0.03042853366946471,-0.007365085615160196,-0.9820023626744969
1789900056.3909578,-0.0293121337890625,-0.0065155029296875,-0.993804931640625,-0.03020525369338427,-0.007195169078065658,-0.9843628764677226
1789900056.4903421,-0.0289764404296875,-0.01361083984375,-1.000396728515625,-0.02995949104064492,-0.008478303231202527,-0.9875696468773031
1789900056.589891,-0.0333709716796875,0.001190185546875,-1.0031585693359375,-0.03064178716845344,-0.006544605475587021,-0.99068743136903
1789900056.689488,-0.0254364013671875,-0.0064544677734375,-0.99359130859375,-0.029600710008200255,-0.006526577935157118,-0.991268206813974
1789900056.78895,0.0178985595703125,-0.010223388671875,-1.0095367431640625,-0.020100856092497704,-0.007265940082500695,-0.9949219140839918
1789900056.8884811,0.034698486328125,-0.0184173583984375,-0.9946136474609375,-0.009140987608373164,-0.009496223745688056,-0.9948602607593809
1789900056.98863,0.023681640625,-0.014739990234375,-0.9995880126953125,-0.002576461961698531,-0.010544977043425446,-0.9958058111465673
1789900057.087827,0.02496337890625,-0.0106964111328125,-0.997955322265625,0.0029315062118911756,-0.010575263861302859,-0.9962357133703789
1789900057.186979,0.0247344970703125,-0.0162200927734375,-0.9953765869140625,0.007292104383575441,-0.011704229643729788,-0.9960638880791156
1789900057.2865849,0.0309295654296875,-0.0190887451171875,-0.9966583251953125,0.012019596592797853,-0.013181132738421331,-0.996182775502355
1789900057.3862572,0.0321197509765625,-0.0106658935546875,-0.9977264404296875,0.01603962746955078,-0.012678084901674564,-0.9964915084878215
1789900057.485468,0.028533935546875,-0.0051727294921875,-0.9891815185546875,0.018538489085015625,-0.011177013819777152,-0.9950295105011948
1789900057.584861,0.0311126708984375,-0.021331787109375,-0.9947509765625,0.0210533254477,-0.013207968477696723,-0.9949738037134559
1789900057.684701,0.0396575927734375,-0.00885009765625,-0.9831390380859375,0.0247741789128475,-0.012336394313407379,-0.9926068505879522
1789900057.7844849,0.0384063720703125,-0.0149688720703125,-0.994384765625,0.0275006175443405,-0.012862889864788405,-0.9929624335953617
1789900057.883637,0.0373077392578125,-0.01678466796875,-0.998504638671875,0.0294620418870349,-0.013647245485580724,-0.9940708746106645
1789900057.983063,0.0236663818359375,-0.0193939208984375,-1.0040435791015625,0.028302909876815423,-0.014796580568152081,-0.9960654155088442
1789900058.082648,0.0133819580078125,-0.02532958984375,-1.011749267578125,0.02531871950301484,-0.016903182423271663,-0.9992021859227005
1789900058.182131,0.0201416015625,-0.019287109375,-1.008544921875,0.024283295914911875,-0.017379967813617333,-1.0010707331131605
1789900058.28168,0.0194244384765625,0.002471923828125,-1.0026092529296875,0.023311524427242,-0.013409589485268868,-1.001378437076466
1789900058.381271,0.025360107421875,0.0207366943359375,-0.9989776611328125,0.023721241026168603,-0.006580332721027596,-1.0008982818877354
1789900058.480826,0.0303192138671875,0.0300140380859375,-0.9990081787109375,0.025040835594372386,0.0007385414403654235,-1.0005202612523758
1789900058.5805469,0.02203369140625,-0.0009002685546875,-0.9872283935546875,0.024439406756747908,0.0004107794413548388,-0.9978618877128382
1789900058.680305,0.024810791015625,0.0313262939453125,-0.9937896728515625,0.024513683608523327,0.006593882342146372,-0.9970474447405832
1789900058.779207,0.027252197265625,0.009918212890625,-0.998443603515625,0.025061386339943665,0.007258748451842097,-0.9973266764955916
1789900058.87866,0.0263671875,0.00152587890625,-0.998992919921875,0.025322546571954936,0.006112174542723678,-0.9976599251808483
1789900058.9781299,0.016815185546875,0.013397216796875,-1.0063323974609375,0.02362107436693895,0.007569182993553943,-0.9993944196368663
1789900059.0776,-0.003082275390625,-0.00341796875,-0.9990692138671875,0.01828040441542616,0.005371752644843154,-0.9993293784829306
1789900059.1773381,0.0159912109375,0.0291900634765625,-1.0093841552734375,0.01782256571984093,0.010135414811187023,-1.001340333841032
1789900059.2766771,0.0060577392578125,0.05230712890625,-0.9853668212890625,0.015469600427435243,0.01856975763019962,-0.9981456313306382
1789900059.376408,0.020263671875,0.035400390625,-0.979034423828125,0.016428414716948198,0.021935884229159697,-0.9943233898301356
1789900059.4757938,0.0230560302734375,0.01495361328125,-0.975738525390625,0.01775393782824606,0.02053943003957776,-0.9906064169422335
1789900059.5752711,0.0287628173828125,0.031951904296875,-0.9882965087890625,0.019955713739159348,0.022821924891037206,-0.9901444353115993
1789900059.674742,-0.0004119873046875,0.0385894775390625,-1.0322265625,0.015882173530389978,0.025975435420642266,-0.9985608607492795
1789900059.7743359,0.016265869140625,0.106414794921875,-1.027252197265625,0.01595891265243698,0.04206330732088882,-1.0042991280525486
1789900059.87378,0.01470947265625,0.003082275390625,-0.9661712646484375,0.015709024653199587,0.03426710093483606,-0.9966735553717265
1789900059.973298,0.015167236328125,-0.033905029296875,-0.94683837890625,0.015600666988184669,0.020632674888493845,-0.9867065200786312
1789900060.072875,0.023040771484375,0.0248260498046875,-0.9713287353515625,0.017088687887422738,0.02147134987173258,-0.9836309631332175
1789900060.172359,0.0035552978515625,0.0156402587890625,-1.001495361328125,0.014382009880250691,0.020305131655198563,-0.9872038427721991
1789900060.2719622,-0.0079193115234375,0.0247344970703125,-1.0262603759765625,0.009921745599513053,0.02119100473822135,-0.9950151494130718
1789900060.371894,-0.0011138916015625,0.1067047119140625,-0.99371337890625,0.007714618159297942,0.038293746173389584,-0.9947547953117075
1789900060.470772,0.02606201171875,0.081024169921875,-1.0071258544921875,0.011384096871188354,0.04683983092308667,-0.9972290071478035
1789900060.570537,0.0489349365234375,0.1347503662109375,-0.97760009765625,0.018894264801638187,0.06442193798065683,-0.9933032252494928
1789900060.669985,0.001434326171875,0.036895751953125,-0.985931396484375,0.01540227707568555,0.05891670077515047,-0.9918288594964693
1789900060.769353,-0.018890380859375,0.01947021484375,-0.9957122802734375,0.00854374548867344,0.051027403588870375,-0.9926055436518629
1789900060.868856,0.0011444091796875,0.041961669921875,-0.96807861328125,0.007063878226876253,0.0492142568554713,-0.9877001575777404
1789900060.968786,0.02777099609375,0.128509521484375,-0.9947662353515625,0.011205301800251002,0.06507330978125205,-0.9891133731325049
1789900061.068188,-0.0121002197265625,0.01104736328125,-0.9808807373046875,0.006544197494888302,0.05426812048125164,-0.9874668459669415
1789900061.167764,-0.003326416015625,0.0590362548828125,-1.01385498046875,0.004570074792785641,0.055221747361563815,-0.9927444728673033
1789900061.267232,0.00042724609375,0.068084716796875,-1.0131378173828125,0.003741509052978513,0.057794341248626056,-0.9968231417704052
1789900061.366827,0.0042877197265625,0.042144775390625,-0.996185302734375,0.003850751187695311,0.05466442807702585,-0.9966955739631993
1789900061.466064,-0.0010833740234375,0.053985595703125,-0.989715576171875,0.002863926145468749,0.05452866160224568,-0.9952995744049346
1789900061.56549,-0.019927978515625,0.0905303955078125,-1.028076171875,-0.0016944547867500004,0.061729008383359055,-1.0018548938989478
1789900061.665221,-0.0432281494140625,0.0214080810546875,-0.981475830078125,-0.010001193712212501,0.05366482291762475,-0.9977790811347833
1789900061.764566,0.0155792236328125,0.128875732421875,-0.9868621826171875,-0.004885110243207501,0.0687070048184748,-0.9955957014312642
1789900061.864277,0.02227783203125,0.00567626953125,-0.95098876953125,0.000547478211683999,0.05610085776102985,-0.9866743150512615
1789900061.9637542,0.00128173828125,0.11187744140625,-1.0130767822265625,0.0006943302255971993,0.06725617449007387,-0.9919548084863217
1789900062.063266,-0.0187530517578125,0.0165557861328125,-0.9884490966796875,-0.003195146171084741,0.0571160968186216,-0.9912536661249949
1789900062.162592,-0.0069580078125,0.066131591796875,-0.97412109375,-0.003947718499367793,0.05891919581427228,-0.9878271516499959
1789900062.2621899,-0.0004730224609375,0.185394287109375,-1.0242462158203125,-0.0032527792916817342,0.08421421407329283,-0.9951109644840592
1789900062.36194,-0.02813720703125,0.1829986572265625,-0.9962615966796875,-0.008229664839595387,0.10397110270394677,-0.995341090923185
1789900062.461199,-0.0615234375,-0.049041748046875,-0.9743499755859375,-0.01888841937167631,0.07336853255378242,-0.9911428678557356
1789900062.5606241,0.017822265625,0.0850067138671875,-0.98651123046875,-0.01154628237234105,0.07569616881646345,-0.9902165403783385
1789900062.660552,0.0516510009765625,0.16961669921875,-1.0021514892578125,0.0010931742974396603,0.09448027489692076,-0.9926035301542334
1789900062.759738,-0.0053558349609375,0.0415191650390625,-1.0006103515625,-0.00019662755423577175,0.08388805292534911,-0.9942048944358868
1789900062.85926,-0.0354766845703125,0.0295257568359375,-1.015716552734375,-0.007252638957451117,0.07301559370746678,-0.9985072260955845
1789900062.958809,0.029815673828125,0.1879425048828125,-1.03228759765625,0.0001610235996641063,0.09600097594253593,-1.0052633004077176
1789900063.058567,0.046356201171875,0.1100921630859375,-1.0218048095703125,0.009400059114106286,0.09881921337121624,-1.0085716022402367
1789900063.157724,0.0267486572265625,-0.0279693603515625,-0.9465484619140625,0.01286977873659753,0.07346149862666049,-0.9961669741750019
1789900063.257392,0.0372772216796875,0.058074951171875,-0.9808197021484375,0.017751267325215522,0.07038418913570339,-0.9930975197696891
1789900063.357047,0.018829345703125,0.0912322998046875,-0.998046875,0.017966883000797417,0.07455381126950021,-0.9940873908157513
1789900063.4563031,-0.0109405517578125,0.028564453125,-1.02313232421875,0.012185396049075434,0.06535593964060017,-0.9998963774963511
1789900063.555896,-0.0108795166015625,-0.0240020751953125,-0.98760986328125,0.007572413518947848,0.04748433667341764,-0.9974390746533309
1789900063.655463,0.02154541015625,-0.014556884765625,-0.9609375,0.010367012846408279,0.03507609238560912,-0.9901387597226647
1789900063.754983,-0.0296173095703125,0.031524658203125,-0.9976348876953125,0.002370148363064123,0.0343658055491123,-0.9916379853171944
1789900063.8544831,-0.0351409912109375,-0.069091796875,-0.984619140625,-0.005132079551736202,0.013674285064289837,-0.9902342163787555
1789900063.9539862,-0.036865234375,-0.0845794677734375,-0.9790496826171875,-0.011478710516388962,-0.005976465503255632,-0.9879973096264419
1789900064.05378,0.0035552978515625,-0.03887939453125,-0.9325714111328125,-0.00847190884279867,-0.012557051308854506,-0.9769121299277161
1789900064.153034,0.007415771484375,0.0839691162109375,-0.99530029296875,-0.0052943727773639366,0.006748182195103897,-0.9805897625359229
1789900064.252671,-0.0078582763671875,0.0113067626953125,-0.9968109130859375,-0.005807153495328649,0.007659898295145618,-0.9838339926459259
1789900064.3522959,-0.0235595703125,-0.0259246826171875,-1.001739501953125,-0.009357636858762921,0.0009429821126789948,-0.9874150945073658
1789900064.45193,-0.0087127685546875,0.0740966796875,-0.944793701171875,-0.009228663197947837,0.015573721627643197,-0.9788908158402676
1789900064.551295,-0.035003662109375,-0.0552215576171875,-0.9460906982421875,-0.01438366298023327,0.0014146657786770576,-0.9723307923206516
1789900064.651196,0.035858154296875,0.08306884765625,-0.9744415283203125,-0.004335299524811617,0.017745502154191645,-0.9727529395205838
1789900064.750224,0.00567626953125,0.0072021484375,-0.9830474853515625,-0.0023329857135992935,0.015636831410853317,-0.9748118486867796
1789900064.8496099,-0.001983642578125,0.0244140625,-1.004852294921875,-0.002263117086504435,0.017392277628682652,-0.9808199379337987
1789900064.948915,-0.0315399169921875,0.0074462890625,-0.9909515380859375,-0.008118477067641048,0.015403079915446123,-0.9828462579642265
1789900065.04878,-0.0204925537109375,0.06927490234375,-1.037017822265625,-0.010593292396300339,0.0261774444011069,-0.9936805708245063
1789900065.1481009,-0.01373291015625,0.0460357666015625,-0.9590911865234375,-0.01122121594829027,0.030149108841198022,-0.9867626939642926
1789900065.2475739,-0.0093536376953125,-0.025543212890625,-0.983245849609375,-0.010847700297694718,0.01901064449483342,-0.9860593250933091
1789900065.347101,0.0142822265625,0.0442657470703125,-1.0097808837890625,-0.005821714925655775,0.024061665009929237,-0.9908036368324599
1789900065.446594,0.02423095703125,0.01458740234375,-1.0094451904296875,0.0001888194657253808,0.02216681247669339,-0.9945319475519054
1789900065.546107,-0.02008056640625,-0.023590087890625,-1.0152587890625,-0.0038650577086696953,0.013015432403229714,-0.9986773158540243
1789900065.645535,0.012237548828125,0.0677947998046875,-1.066253662109375,-0.0006445364013107561,0.023971305883521272,-1.0121925851050946
1789900065.74511,-0.0207672119140625,-0.003448486328125,-0.9943389892578125,-0.004669071503861105,0.018487347441192018,-1.008621865935638
1789900065.844584,0.0009002685546875,-0.043243408203125,-1.0037841796875,-0.003555203492151384,0.006141196312328614,-1.0076543286860105
1789900065.9440541,-0.0247650146484375,-0.07427978515625,-0.9564971923828125,-0.007797165723408607,-0.009942999981387108,-0.9974229014253709
1789900066.043699,-0.0254058837890625,-0.010345458984375,-0.9947967529296875,-0.011318909336539385,-0.010023491781984688,-0.9968976717262343
1789900066.143075,-0.0351409912109375,-0.0633544921875,-0.987823486328125,-0.01608332571141901,-0.02068969186308775,-0.9950828346466125
1789900066.242645,-0.0684051513671875,-0.090087890625,-0.999969482421875,-0.02654769084257271,-0.0345693316154702,-0.9960601642016651
1789900066.342266,-0.0358428955078125,-0.0195465087890625,-0.98016357421875,-0.028406731775620666,-0.03156476705018866,-0.9928808462050822
1789900066.441829,-0.0080413818359375,-0.039154052734375,-0.99676513671875,-0.024333661787684036,-0.03308262418702593,-0.9936577043078159
1789900066.5411649,-0.0633544921875,-0.171478271484375,-0.9815673828125,-0.03213782786764723,-0.06076175364649574,-0.9912396400087528
1789900066.6409159,-0.046234130859375,-0.10357666015625,-0.9877777099609375,-0.03495708846599278,-0.0693247349484466,-0.9905472539991897
1789900066.740576,-0.0165557861328125,-0.0373077392578125,-0.9991912841796875,-0.03127682799935673,-0.06292133581031978,-0.9922760600352893
1789900066.840115,-0.04010009765625,-0.085784912109375,-1.0084075927734375,-0.03304148193073538,-0.06749405107013082,-0.995502366582919
1789900066.939138,-0.01556396484375,-0.0316314697265625,-0.99761962890625,-0.029545978513338306,-0.06032153480141716,-0.9959258190475853
1789900067.038981,-0.053070068359375,-0.1175384521484375,-1.0101470947265625,-0.03425079648254565,-0.07176491827082124,-0.9987700741833807
1789900067.138612,-0.0012969970703125,-0.02301025390625,-1.0314178466796875,-0.02766003660009902,-0.06201398539790699,-1.005299628682642
1789900067.237863,-0.0284576416015625,-0.0769805908203125,-0.98944091796875,-0.027819557600391717,-0.06500730648238809,-1.0021278865398637
1789900067.337512,-0.050018310546875,-0.03204345703125,-0.94219970703125,-0.03225930818968838,-0.058414536592160476,-0.990142250638141
1789900067.437171,-0.02838134765625,0.021392822265625,-1.0498504638671875,-0.0314837160830007,-0.04245306482060338,-1.0020838932839504
1789900067.536849,-0.0683441162109375,-0.0343780517578125,-1.0038299560546875,-0.03885579610858806,-0.04083806220804521,-1.0024331058380977
1789900067.635814,-0.018280029296875,-0.08099365234375,-0.9995880126953125,-0.03474064274624545,-0.048869180235186174,-1.0018640872095408
1789900067.7352672,-0.05426025390625,-0.226409912109375,-0.9882049560546875,-0.038644564978246365,-0.08437732661002395,-0.9991322609785701
1789900067.8348532,-0.1078338623046875,-0.25543212890625,-1.0224151611328125,-0.0524824244435346,-0.11858828706926916,-1.0037888410094187
1789900067.93433,-0.0767364501953125,-0.1566009521484375,-1.03759765625,-0.057333229593890186,-0.12619082008510282,-1.010550604057535
1789900068.034332,-0.008819580078125,-0.0523834228515625,-1.064300537109375,-0.04763049969073715,-0.11142934063839477,-1.0213005906679031
1789900068.134159,-0.0665740966796875,-0.0497283935546875,-0.9413299560546875,-0.05141921908852722,-0.09908915122165332,-1.00530646374526
1789900068.233595,-0.0614013671875,-0.11456298828125,-1.0220489501953125,-0.053415648708321786,-0.10218391863357267,-1.0086549610352706
1789900068.332889,-0.13153076171875,-0.0148162841796875,-0.9461517333984375,-0.06903867131040743,-0.08471039174279564,-0.9961543155079041
1789900068.432221,-0.015411376953125,-0.328155517578125,-1.021728515625,-0.05831321243895095,-0.1333994169098615,-1.0012691555313233
1789900068.531579,-0.0977935791015625,-0.1511383056640625,-0.9815521240234375,-0.06620928577147327,-0.1369471946607017,-0.9973257492297463
1789900068.631206,-0.028472900390625,0.0040283203125,-0.9910736083984375,-0.05866200869530362,-0.10875209166606137,-0.9960753210634845
1789900068.730767,-0.077911376953125,0.086822509765625,-0.959442138671875,-0.0625118823468679,-0.0696371713797241,-0.9887486845851626
1789900068.830106,-0.0926666259765625,-0.130462646484375,-0.961761474609375,-0.06854283107280683,-0.08180226640065427,-0.9833512425900052
1789900068.929616,-0.05560302734375,-0.1370391845703125,-0.96209716796875,-0.06595487032699547,-0.09284965003458592,-0.9791004276657542
1789900069.0290852,-0.071044921875,-0.04107666015625,-1.032440185546875,-0.06697288063659639,-0.08249505205891873,-0.9897683792419785
1789900069.1287022,-0.101165771484375,-0.188873291015625,-1.0784149169921875,-0.07381145880615211,-0.10377069985026,-1.0074976867920205
1789900069.227979,-0.07379150390625,-0.177764892578125,-1.013580322265625,-0.07380746782617169,-0.11856953839583301,-1.0087142138867413
1789900069.327804,-0.072998046875,0.030670166015625,-0.942596435546875,-0.07364558363593736,-0.08872159751354142,-0.9954906582187681
1789900069.427048,-0.037689208984375,-0.00042724609375,-1.0272369384765625,-0.06645430870562488,-0.07106272722958314,-1.0018399142703271
1789900069.526857,-0.09014892578125,0.022186279296875,-1.05419921875,-0.0711932321207499,-0.05241292592429151,-1.0123117751662618
1789900069.6263309,-0.1004791259765625,-0.009918212890625,-0.9735870361328125,-0.07705041089191242,-0.04391398331755821,-1.004566827359572
1789900069.725554,-0.1552734375,-0.071990966796875,-1.03546142578125,-0.09269501621352993,-0.04952938001342157,-1.0107457470439076
1789900069.825097,-0.085784912109375,-0.1889801025390625,-1.0111846923828125,-0.09131299539269896,-0.07741952451854975,-1.0108335361116887
1789900069.9246511,-0.0922088623046875,-0.1739044189453125,-0.95458984375,-0.09149216877509668,-0.09671650340390231,-0.999584797639351
1789900070.02418,0.0320892333984375,0.152557373046875,-0.9661407470703125,-0.06677588834038985,-0.04686172811374685,-0.9928959875255434
1789900070.123523,0.0283203125,0.2263641357421875,-1.05120849609375,-0.047756648172311886,0.0077834446574400196,-1.0045584892391848
1789900070.224235,-0.0504608154296875,0.032501220703125,-1.0249481201171875,-0.04829748162378701,0.012726999866577016,-1.0086364154147853
1789900070.3226619,-0.1223297119140625,-0.04351806640625,-1.0012054443359375,-0.06310392768184211,0.0014779866120116138,-1.0071502211990158
1789900070.422203,-0.1002044677734375,-0.149169921875,-1.0719146728515625,-0.07052403570016119,-0.02865159508539071,-1.0201031115295252
1789900070.521774,-0.06121826171875,-0.0501556396484375,-0.9753875732421875,-0.06866288090387895,-0.03295240399800007,-1.0111600038720576
1789900070.621419,-0.047332763671875,0.085784912109375,-0.9838409423828125,-0.06439685745747817,-0.009204940776525054,-1.0056961915742086
1789900070.7208261,-0.0466461181640625,0.06201171875,-0.9139556884765625,-0.06084670959879504,0.005038391128779957,-0.9873480909546795
1789900070.820602,-0.0803985595703125,0.0304107666015625,-0.9910430908203125,-0.06475707959309854,0.010112866223336466,-0.9880870909278061
1789900070.9203792,-0.0291290283203125,-0.0413055419921875,-1.001220703125,-0.05763146933854134,-0.00017081541976832725,-0.9907138133672448
1789900071.019617,-0.115325927734375,-0.087005615234375,-1.0161895751953125,-0.06917036101770807,-0.017537775382689663,-0.9958089657328585
1789900071.119354,-0.0821533203125,-0.0774993896484375,-1.032989501953125,-0.07176695287666646,-0.029530098235839235,-1.0032450729769118
1789900071.218597,-0.083984375,-0.002960205078125,-1.0049896240234375,-0.07421043730133317,-0.02421611960429639,-1.003593983186217
1789900071.3178148,-0.0615081787109375,-0.015625,-0.9845123291015625,-0.07166998558325403,-0.022497895683437113,-0.9997776523692863
1789900071.417574,-0.056365966796875,-0.01116943359375,-0.958160400390625,-0.06860918182597824,-0.020232203265499692,-0.9914542019735542
1789900071.517313,-0.02935791015625,0.0478363037109375,-0.975311279296875,-0.06075892749203259,-0.006618501870212255,-0.9882256174382184
1789900071.616994,-0.0688629150390625,-0.01898193359375,-0.9907684326171875,-0.062379725001438575,-0.009091188214919804,-0.9887341804740122
1789900071.715805,-0.0451812744140625,-0.0219879150390625,-1.026885986328125,-0.05894003488396336,-0.011670533579748343,-0.9963645416448348
1789900071.815431,-0.0632476806640625,-0.0522308349609375,-1.0083465576171875,-0.05980156403998319,-0.019782593855986175,-0.9987609448393053
1789900071.914973,-0.093994140625,-0.0020294189453125,-1.022796630859375,-0.06664007935698656,-0.01623195887385144,-1.0035680820433193
1789900072.0144858,-0.050933837890625,0.00408935546875,-1.0130615234375,-0.06349883106371425,-0.012167696005331153,-1.0054667703221556
1789900072.1139178,-0.008544921875,-0.013916015625,-0.743377685546875,-0.0525080492259714,-0.012517359929264922,-0.9530489533670995
1789900072.2135139,-0.020782470703125,0.3590850830078125,-1.0233612060546875,-0.046162933521402126,0.06180312865815057,-0.9671114039046171
1789900072.3129358,-0.0367889404296875,-0.08538818359375,-1.03277587890625,-0.044288134903059204,0.03236486620777046,-0.9802442989049438
1789900072.412465,0.0014801025390625,-0.08837890625,-1.0857696533203125,-0.03513448741463486,0.008216111716216369,-1.0013493697880176
1789900072.511914,-0.0614166259765625,-0.077667236328125,-0.963897705078125,-0.040390915127020394,-0.008960557892651905,-0.9938590368460392
1789900072.6116052,-0.0738067626953125,0.0309295654296875,-0.9921875,-0.04707408464067882,-0.0009825332281840236,-0.9935247294768315
1789900072.710918,-0.0345458984375,0.0768280029296875,-1.026824951171875,-0.04456844740004306,0.01457957400339028,-1.0001847738158403
1789900072.810585,-0.070037841796875,0.0100860595703125,-1.0188140869140625,-0.04966232627940945,0.013680871116774726,-1.0039106364354848
1789900072.909987,-0.017486572265625,-0.0630340576171875,-1.0572052001953125,-0.04322717547665256,-0.0016621146300177195,-1.0145695491874505
1789900073.009512,-0.0016632080078125,0.03460693359375,-0.9878082275390625,-0.03491438198288455,0.005591695014735824,-1.009217284857773
1789900073.109122,-0.0066070556640625,-0.0023651123046875,-1.0357513427734375,-0.029252916719120142,0.00400033355085116,-1.014524096440906
1789900073.208449,-0.070831298828125,0.0304412841796875,-0.971466064453125,-0.03756859314092112,0.009288523676618428,-1.0059124900433498
1789900073.308096,-0.077911376953125,-0.08331298828125,-0.9443817138671875,-0.0456371499033619,-0.009231778714955258,-0.9936063348081174
1789900073.407588,-0.057952880859375,-0.0124359130859375,-1.030181884765625,-0.048100296094564524,-0.009872605589151706,-1.000921444799619
1789900073.506967,-0.0260162353515625,-0.0048065185546875,-1.016937255859375,-0.04368348394596412,-0.008859388182258865,-1.0041246070115704
1789900073.606676,-0.05645751953125,-0.150909423828125,-0.9808807373046875,-0.0462382910630213,-0.03726939531143209,-0.9994758330701938
1789900073.706204,-0.027069091796875,-0.0380096435546875,-0.9760894775390625,-0.04240445120979204,-0.037417444960083174,-0.9947985619639677
1789900073.805666,-0.065704345703125,0.0236053466796875,-1.027923583984375,-0.047064430108458635,-0.02521288663212904,-1.001423566368049
1789900073.905353,-0.0742950439453125,0.0775299072265625,-0.9853363037109375,-0.05251055287582941,-0.004664327860390734,-0.9982061138366268
1789900074.004452,-0.07470703125,-0.1000823974609375,-0.985687255859375,-0.056949848550663526,-0.02374794178050009,-0.9957023422411765
1789900074.1042671,-0.04541015625,-0.2255706787109375,-1.0075531005859375,-0.05464191009053082,-0.06411248916658757,-0.9980724939101286
1789900074.203763,-0.0309600830078125,0.021514892578125,-1.0276641845703125,-0.04990554467398716,-0.04698701281764506,-1.0039908320421655
1789900074.3035011,-0.0004119873046875,0.065277099609375,-0.972259521484375,-0.04000683320012723,-0.02453419033224105,-0.9976445699306075
1789900074.403115,-0.0188751220703125,0.0198974609375,-0.9665985107421875,-0.03578049097416429,-0.015647860078292844,-0.9914353580929235
1789900074.5022058,-0.0514678955078125,-0.01568603515625,-0.9911651611328125,-0.03891797188089393,-0.015655495093884274,-0.9913813187009014
1789900074.6017609,-0.0392608642578125,0.0369720458984375,-0.99945068359375,-0.03898655035627765,-0.00512998689541992,-0.9929951916794711
1789900074.701318,-0.038330078125,0.008880615234375,-1.0411529541015625,-0.03885525591002212,-0.0023278664694609363,-1.0026267441638894
1789900074.800899,-0.0447998046875,-0.0326385498046875,-1.00653076171875,-0.040044165665517696,-0.008390003136506249,-1.0034075476748616
1789900074.9006839,-0.0023651123046875,-0.0067291259765625,-1.0088348388671875,-0.03250835499335166,-0.0080578277045175,-1.0044930059133268
1789900075.000263,-0.036651611328125,-0.01348876953125,-0.9857940673828125,-0.03333700626030633,-0.009144016069864001,-1.0007532182072238
1789900075.099381,-0.0370330810546875,0.03826904296875,-0.9993743896484375,-0.034076221219182565,0.00033859573785879893,-1.0004774524954665
1789900075.199028,-0.0422515869140625,0.0381011962890625,-1.0125732421875,-0.035711294358158556,0.00789111584809954,-1.0028966104338732
1789900075.2985082,-0.1009063720703125,0.0281829833984375,-1.0380096435546875,-0.048750309900589345,0.011949489358167132,-1.009919217058036
1789900075.397989,-0.1207122802734375,-0.0362091064453125,-0.967864990234375,-0.06314270397515898,0.0023177701974712063,-1.001508371693304
1789900075.4974298,-0.14105224609375,-0.0113525390625,-0.990814208984375,-0.07872461239887718,-0.000416291654523035,-0.9993695391515183
1789900075.5969238,-0.1449127197265625,0.0206756591796875,-1.028961181640625,-0.09196223386441424,0.003802098512319072,-1.0052878676493398
1789900075.696478,-0.1190338134765625,-0.025054931640625,-0.96807861328125,-0.09737654978684389,-0.0019693075182697427,-0.9978460167757219
1789900075.795858,-0.111846923828125,-0.065826416015625,-0.9585418701171875,-0.10027062459510011,-0.014740729217740795,-0.9899851874440151
1789900075.895348,-0.0978851318359375,-0.0298919677734375,-0.9735870361328125,-0.09979352604326759,-0.017770976928880137,-0.9867055571817747
1789900075.9949741,-0.1179962158203125,-0.0275421142578125,-0.99334716796875,-0.10343406399867658,-0.019725204394666608,-0.9880338793391698
1789900076.0943909,-0.1806640625,0.0051727294921875,-1.028167724609375,-0.11888006369894127,-0.014745617617295786,-0.9960606483932108
1789900076.194088,-0.113983154296875,0.1380157470703125,-1.0849456787109375,-0.11790068181852803,0.01580665532022587,-1.0138376544567562
1789900076.293411,-0.153717041015625,-0.0535125732421875,-1.015899658203125,-0.12506395365794742,0.0019428096077431945,-1.01425005520603
1789900076.392974,-0.12445068359375,0.01910400390625,-0.9483642578125,-0.12494129964510794,0.005375048467444556,-1.001072895727324
1789900076.4924831,-0.0838165283203125,0.086822509765625,-0.9571990966796875,-0.11671634538014887,0.021664540727080645,-0.9922981359177967
1789900076.591954,-0.14312744140625,0.1037750244140625,-1.009857177734375,-0.1219985645853691,0.03808663746447702,-0.9958099442811125
1789900076.691663,-0.117218017578125,0.0149383544921875,-1.00335693359375,-0.12104245518392029,0.033456980870019117,-0.9973193421436399
1789900076.791003,-0.1359405517578125,0.0045623779296875,-0.9972686767578125,-0.12402207449869875,0.027678060281952795,-0.9973092090664745
1789900076.890594,-0.1670989990234375,-0.0080413818359375,-1.0146484375,-0.13263745940364652,0.020534171858374736,-1.0007770547531796
1789900076.9901052,-0.1332550048828125,-0.0360107421875,-0.9812469482421875,-0.13276096849947971,0.009225189049199788,-0.9968710334509813
1789900077.089635,-0.119110107421875,-0.0677642822265625,-0.9589385986328125,-0.13003079628395878,-0.0061727052059526695,-0.9892845464873475
1789900077.18925,-0.0915985107421875,-0.0021820068359375,-0.9621124267578125,-0.12234433917560453,-0.005374565531949637,-0.9838501225414406
1789900077.288562,-0.117523193359375,-0.02978515625,-1.0088043212890625,-0.12138011001235863,-0.01025668367555971,-0.988840962290965
1789900077.3881922,-0.081451416015625,-0.003021240234375,-1.017669677734375,-0.11339437121301191,-0.00880959498732277,-0.994606705379647
1789900077.487783,-0.09283447265625,-0.04095458984375,-0.9944305419921875,-0.10928239150165954,-0.015238593958608217,-0.9945714727021551
1789900077.5872278,-0.0970306396484375,-0.04595947265625,-0.9935455322265625,-0.10683204113101515,-0.021382769698136572,-0.9943662846070366
1789900077.686998,-0.080902099609375,-0.0326995849609375,-1.0042572021484375,-0.10164605282668712,-0.023646132750696762,-0.9963444681153169
1789900077.786308,-0.0842742919921875,-0.0082550048828125,-1.007293701171875,-0.09817170065978721,-0.020567907177119912,-0.9985343147266286
1789900077.8861299,-0.0699462890625,0.0155487060546875,-1.005950927734375,-0.09252661834032978,-0.01334458453075843,-1.000017637328178
1789900077.985095,-0.0849609375,-0.0171966552734375,-1.003936767578125,-0.09101348217226383,-0.014114998679294244,-1.0008014633781674
1789900078.084536,-0.087921142578125,-0.0047760009765625,-0.99615478515625,-0.09039501425343607,-0.012247199138747897,-0.9998721277337841
1789900078.184321,-0.0873565673828125,0.0004119873046875,-0.99658203125,-0.08978732487931136,-0.009715361850060819,-0.9992141084370273
1789900078.284165,-0.1072845458984375,-0.00115966796875,-0.9967803955078125,-0.09328676908313659,-0.008004223073798656,-0.9987273658511844
1789900078.383282,-0.1399688720703125,0.0009613037109375,-0.9947357177734375,-0.10262318968057178,-0.006211117716851425,-0.997929036235635
1789900078.482685,-0.1404876708984375,-0.01629638671875,-0.989593505859375,-0.11019608592414493,-0.008228171517231141,-0.9962619301603831
1789900078.582156,-0.128204345703125,-0.0256195068359375,-0.995697021484375,-0.11379773787994094,-0.011706438580972412,-0.9961489484251815
1789900078.68175,-0.129608154296875,-0.01800537109375,-1.0001220703125,-0.11695982116332776,-0.01296622508352793,-0.9969435728026453
1789900078.7813082,-0.1244964599609375,-0.0095977783203125,-0.9887542724609375,-0.11846714892284972,-0.012292535730884846,-0.9953057127343039
1789900078.880847,-0.1050262451171875,-0.004913330078125,-1.0022735595703125,-0.11577896816171729,-0.010816694600332877,-0.9966992821015057
1789900078.9803739,-0.114410400390625,-0.019866943359375,-1.0035400390625,-0.11550525460749884,-0.012626744352141301,-0.9980674334937046
1789900079.080169,-0.1128082275390625,-0.017333984375,-0.996734619140625,-0.11496584919381159,-0.013568192356713043,-0.9978008706230888
1789900079.179926,-0.0955963134765625,-0.00933837890625,-0.9976806640625,-0.11109194205036177,-0.012722229666620434,-0.9977768293109711
1789900079.2787771,-0.1028900146484375,-0.0101165771484375,-0.9996490478515625,-0.10945155656997693,-0.012201099162983849,-0.9981512730190895
1789900079.378306,-0.110565185546875,-0.012664794921875,-0.9920654296875,-0.10967428236535655,-0.012293838314762079,-0.9969341043527715
1789900079.4780111,-0.11077880859375,-0.0156097412109375,-0.9935302734375,-0.10989518761103524,-0.012957018893997163,-0.9962533381697173
1789900079.577352,-0.104827880859375,-0.021331787109375,-0.991851806640625,-0.1088817262607032,-0.014631972537072732,-0.9953730318638989
1789900079.676859,-0.10479736328125,-0.020599365234375,-0.9906005859375,-0.10806485366481257,-0.015825451076533187,-0.9944185426786192
1789900079.776342,-0.094696044921875,-0.017059326171875,-0.98626708984375,-0.10539109191622506,-0.01607222609560155,-0.9927882521116453
1789900079.875824,-0.07568359375,-0.01995849609375,-1.007781982421875,-0.09944959228298006,-0.01684948009523124,-0.9957869981736913
1789900079.9754891,-0.0116424560546875,-0.0369110107421875,-1.0077972412109375,-0.08188816503732156,-0.02086178622462249,-0.9981890467811406
1789900080.0748549,-0.0021820068359375,-0.0433349609375,-0.995574951171875,-0.06594693339704476,-0.025356421167197992,-0.9976662276592876
1789900080.1747432,-0.01123046875,-0.041595458984375,-0.9871978759765625,-0.055003640467635805,-0.028604228730633396,-0.9955725573227426
1789900080.273964,-0.028076171875,-0.033538818359375,-0.9841156005859375,-0.049618146749108645,-0.02959114665638172,-0.9932811659753816
1789900080.373516,-0.0315093994140625,-0.0242767333984375,-1.0020599365234375,-0.04599639728209942,-0.028528264004792876,-0.9950369200849929
1789900080.47299,-0.0555267333984375,-0.0205535888671875,-0.9945831298828125,-0.04790246450536704,-0.026933328977271805,-0.9949461620445568
1789900080.572554,-0.07763671875,-0.011199951171875,-0.9987335205078125,-0.05384931535429363,-0.023786653416192443,-0.9957036337372079
1789900080.672041,-0.0869903564453125,-0.017303466796875,-0.9947357177734375,-0.0604775235724974,-0.022490016092328955,-0.9955100505444539
1789900080.771374,-0.0845184326171875,-0.019012451171875,-0.997222900390625,-0.06528570538143542,-0.021794503108238165,-0.9958526205136882
1789900080.87095,-0.0785369873046875,-0.024505615234375,-0.9975128173828125,-0.06793596176608585,-0.022336725533465534,-0.996184659887513
1789900080.9703789,-0.0297088623046875,-0.03619384765625,-1.005889892578125,-0.06029054187380618,-0.02510814995802243,-0.9981257064256355
1789900081.069993,-0.0140838623046875,-0.027557373046875,-0.9969940185546875,-0.05104920595998245,-0.025597994575792943,-0.9978993688514459
1789900081.169705,-0.0056610107421875,-0.027313232421875,-0.990203857421875,-0.04197156691642346,-0.025941042145009356,-0.9963602665655318
1789900081.2690148,0.0330810546875,-0.0280303955078125,-1.0031585693359375,-0.026961042595638772,-0.02635891281756999,-0.997719927119613
1789900081.36866,0.0995941162109375,-0.0516204833984375,-1.0136260986328125,-0.0016500108343235169,-0.03141122693374349,-1.000901161422253
1789900081.4683518,0.1250762939453125,-0.0530548095703125,-0.997222900390625,0.023695250121603686,-0.0357399434610573,-1.0001655092159274
1789900081.567904,0.1440277099609375,-0.0523681640625,-0.996307373046875,0.047761742089470455,-0.039065587581345845,-0.999393881982117
1789900081.6671119,0.1491241455078125,-0.049346923828125,-0.9943389892578125,0.06803422277313886,-0.04112185483070168,-0.9983829034372561
1789900081.7666311,0.165069580078125,-0.038116455078125,-1.00225830078125,0.0874412942341361,-0.04052077488018634,-0.999157982906055
1789900081.866383,0.1720428466796875,-0.0573577880859375,-0.9968414306640625,0.10436160472324639,-0.04388817752133658,-0.9986946724576565
1789900081.965609,0.1501922607421875,-0.0755767822265625,-1.0059661865234375,0.11352773592703462,-0.05022589846238176,-1.0001489752708128
1789900082.065284,0.145416259765625,-0.08160400390625,-1.032562255859375,0.1199054406947527,-0.05650151955115541,-1.0066316313885253
1789900082.164935,0.15948486328125,-0.1026763916015625,-1.026458740234375,0.12782132521205217,-0.06573649396123683,-1.0105970531576953
1789900082.2642322,0.1467742919921875,-0.09521484375,-1.02008056640625,0.13161191856807924,-0.07163216391898947,-1.0124937558074063
1789900082.363796,0.161224365234375,-0.13275146484375,-1.00140380859375,0.13753440790133842,-0.08385602410394158,-1.010275766364675
1789900082.4633908,0.1553192138671875,-0.1647796630859375,-0.969329833984375,0.14109136909450826,-0.10004075190034077,-1.0020865798886152
1789900082.5627232,0.1676025390625,-0.14544677734375,-0.967926025390625,0.14639360308810662,-0.10912195698902263,-0.9952544689890173
1789900082.6624432,0.15594482421875,-0.151702880859375,-1.0041351318359375,0.1483038473142353,-0.11763814176309312,-0.9970306015584014
1789900082.761788,0.1311492919921875,-0.1736907958984375,-1.0349578857421875,0.14487293624982572,-0.128848672590162,-1.0046160583951587
1789900082.861346,0.161407470703125,-0.1859130859375,-1.01361083984375,0.14817984314048557,-0.1402615552596296,-1.006415014684877
1789900082.960647,0.16558837890625,-0.1302947998046875,-0.9982147216796875,0.15166155029363845,-0.1382682041686412,-1.004774956083839
1789900083.060329,0.19586181640625,-0.1514129638671875,-0.9511566162109375,0.16050160351616077,-0.14089715610835046,-0.9940512881092588
1789900083.1603231,0.15167236328125,-0.2267913818359375,-0.97637939453125,0.15873575546917862,-0.1580760012538679,-0.9905169093936571
1789900083.259686,0.1076507568359375,-0.2337646484375,-1.0457000732421875,0.1485187557425304,-0.17321373069059431,-1.0015535421633632
1789900083.3588061,0.1177520751953125,-0.265777587890625,-0.996429443359375,0.14236541963308683,-0.19172650213060047,-1.0005287224025656
1789900083.458523,0.13006591796875,-0.2472381591796875,-0.959320068359375,0.13990551930021947,-0.2028288335404179,-0.9922869915939275
1789900083.557924,0.132171630859375,-0.0988922119140625,-0.9054718017578125,0.13835874161205058,-0.18204150921514684,-0.9749239536267045
1789900083.6573172,0.1574554443359375,-0.1559295654296875,-0.97564697265625,0.14217808215682798,-0.17681912045805498,-0.9750685574326137
1789900083.7569342,0.1624603271484375,-0.1497344970703125,-1.00115966796875,0.1462345311551499,-0.1714021957805065,-0.980286779539841
1789900083.8564901,0.1295623779296875,-0.2266998291015625,-1.018768310546875,0.14290010051005742,-0.1824617224447177,-0.9879830857412479
1789900083.955801,0.0886383056640625,-0.2669677734375,-1.0440521240234375,0.13204774154085844,-0.19936293264327418,-0.9991968933976859
1789900084.055357,0.099456787109375,-0.2974395751953125,-0.9789581298828125,0.12552955065456176,-0.21897826115368185,-0.9951491406947113
1789900084.154953,0.1035614013671875,-0.23931884765625,-0.988372802734375,0.1211359207970869,-0.2230463784541955,-0.9937938731026441
1789900084.254431,0.112274169921875,-0.2439117431640625,-0.941253662109375,0.11936357062204453,-0.22721945139616892,-0.9832858309039902
1789900084.354043,0.1182708740234375,-0.256561279296875,-0.996429443359375,0.11914503130232312,-0.23308781697631015,-0.9859145533950673
1789900084.453906,0.1050872802734375,-0.2897491455078125,-1.0052490234375,0.11633348109654601,-0.24442008268261062,-0.9897814474035539
1789900084.5532799,0.1158599853515625,-0.2452392578125,-1.00054931640625,0.11623878194754932,-0.2445839177085885,-0.9919350212040932
1789900084.6527991,0.1383209228515625,-0.1562957763671875,-0.978973388671875,0.12065521012835195,-0.22692628944030832,-0.9893426946976496
1789900084.752862,0.14788818359375,-0.093414306640625,-1.007720947265625,0.12610180482143157,-0.20022389288037165,-0.9930183452112448
1789900084.851516,0.12933349609375,-0.092529296875,-0.9687652587890625,0.12674814307589527,-0.1786849736792973,-0.9881677279268084
1789900084.9514198,0.134857177734375,-0.14398193359375,-0.988067626953125,0.12836995000759122,-0.17174436566218787,-0.9881477077320718
1789900085.0512428,0.1160430908203125,-0.095458984375,-1.0058135986328125,0.12590457817013548,-0.15648728940475032,-0.99168088591222
1789900085.150176,0.1224517822265625,-0.0913543701171875,-0.962738037109375,0.12521401898142087,-0.14346070554723775,-0.9858923161516511
1789900085.24968,0.127838134765625,-0.1223297119140625,-0.9994354248046875,0.1257388421382617,-0.1392345068206027,-0.9886009378822584
1789900085.3491511,0.135284423828125,-0.134735107421875,-0.999053955078125,0.12764795847623436,-0.13833462694085719,-0.9906915413214319
1789900085.448756,0.145416259765625,-0.02685546875,-1.007781982421875,0.1312016187341125,-0.11603879530268575,-0.9941096295415206
1789900085.548057,0.1363983154296875,-0.0206146240234375,-0.993438720703125,0.1322409580732275,-0.09695396104683611,-0.9939754477738416
1789900085.647729,0.167388916015625,-0.0118408203125,-1.02777099609375,0.139270549661707,-0.07993133289996888,-1.0007345574378232
1789900085.7473922,0.129608154296875,-0.035400390625,-0.9946441650390625,0.1373380705887406,-0.07102514444497511,-0.9995164789580712
1789900085.846724,0.125946044921875,-0.0649566650390625,-0.965850830078125,0.13505966545536746,-0.0698114485637926,-0.992783349182082
1789900085.9462008,0.1157379150390625,-0.0651092529296875,-0.982757568359375,0.1311953153721065,-0.06887100943697158,-0.9907781930175406
1789900086.04566,0.1229705810546875,-0.019561767578125,-1.00164794921875,0.1295503685086227,-0.05900916106520227,-0.9929521442577826
1789900086.145193,0.13348388671875,-0.017730712890625,-0.9875335693359375,0.13033707215064816,-0.05075347143028682,-0.9918684292734137
1789900086.24474,0.128997802734375,-0.018280029296875,-1.03411865234375,0.13006921826739354,-0.04425878300360446,-1.0003184738874809
1789900086.3441238,0.1266632080078125,-0.003753662109375,-0.9969482421875,0.12938801621547735,-0.036157758824758565,-0.9996444275474847
1789900086.44385,0.1080169677734375,-0.081146240234375,-1.0209197998046875,0.12511380652706938,-0.045155455106681855,-1.0038995019989252
1789900086.543246,0.1227569580078125,-0.040740966796875,-1.0051727294921875,0.12464243682321802,-0.04427255744472049,-1.0041541474975777
1789900086.642654,0.10662841796875,0.0029754638671875,-1.004791259765625,0.12103963305232443,-0.03482295318233889,-1.0042815699511873
1789900086.742157,0.096832275390625,-0.04229736328125,-0.98944091796875,0.11619816151998455,-0.03631783520212111,-1.0013134395546999
1789900086.841778,0.0797119140625,0.02557373046875,-1.05816650390625,0.10890091202848765,-0.02393952206794689,-1.01268405242501
1789900086.941247,0.09564208984375,0.03558349609375,-0.9388427734375,0.10624914759154012,-0.01203491843560751,-0.9979157966275081
1789900087.0407472,0.0912628173828125,0.06787109375,-1.016876220703125,0.1032518815497946,0.003946284001513992,-1.0017078814426315
1789900087.1402612,0.1306915283203125,-0.0565948486328125,-1.0120697021484375,0.10873981090389818,-0.008161942525351308,-1.0037802455837928
1789900087.2401838,0.085174560546875,-0.0221099853515625,-1.0088958740234375,0.10402676083249354,-0.010951551090593547,-1.0048033712717217
1789900087.339776,0.136627197265625,-0.0176544189453125,-1.0169525146484375,0.11054684811911984,-0.012292124661537337,-1.007233199947065
1789900087.4390779,0.078704833984375,-0.0487823486328125,-0.9853973388671875,0.10417844529217088,-0.019590169455792374,-1.0028660277310895
1789900087.538405,0.100250244140625,-0.0034637451171875,-1.0047454833984375,0.10339280506186171,-0.0163648845880714,-1.0032419188645592
1789900087.638054,0.0894012451171875,-0.0084686279296875,-0.981658935546875,0.10059449307292688,-0.01478563325639462,-0.9989253222010224
1789900087.737387,0.10675048828125,-0.00189208984375,-1.00079345703125,0.10182569211459151,-0.012206924573865695,-0.999298949167068
1789900087.836841,0.0723724365234375,-0.0344085693359375,-1.0037994384765625,0.09593504099636072,-0.016647253526280055,-1.0001990470289668
1789900087.936372,0.0843353271484375,-0.0074462890625,-1.0083770751953125,0.09361509822677608,-0.014807060633524044,-1.001834652662236
1789900088.035707,0.098052978515625,-0.02142333984375,-0.9965362548828125,0.09450267428454587,-0.016130316475569235,-1.0007749731063513
1789900088.1354098,0.072784423828125,-0.0214691162109375,-1.0050048828125,0.0901590241932617,-0.01719807642264289,-1.0016209550475812
1789900088.234764,0.088348388671875,-6.103515625e-05,-0.98870849609375,0.08979689708898436,-0.01377066816936431,-0.999038463256815
1789900088.334583,0.09857177734375,0.030242919921875,-1.010498046875,0.0915518731399375,-0.004967950551116449,-1.001330379980452
1789900088.434196,0.0871734619140625,0.009185791015625,-1.0208282470703125,0.0906761908947625,-0.0021372022377681593,-1.0052299533984241
1789900088.533509,0.08172607421875,-0.0475311279296875,-1.0035858154296875,0.08888616755956,-0.011215987376152028,-1.004901125804677
1789900088.632966,0.0760345458984375,-0.0129852294921875,-1.012481689453125,0.0863158432273355,-0.011569835799359123,-1.0064172385343666
1789900088.7326531,0.09136962890625,-0.040802001953125,-0.9802093505859375,0.08732660036311841,-0.0174162690301123,-1.001175660944681
1789900088.831953,0.0854949951171875,-0.002410888671875,-1.014434814453125,0.08696027931393224,-0.01441519295846484,-1.0038274916463696
1789900088.9315748,0.077667236328125,0.0077972412109375,-0.9804534912109375,0.0851016707167708,-0.009972706124584372,-0.9991526915592832
1789900089.031053,0.07745361328125,0.0008392333984375,-1.0080718994140625,0.08357205922966664,-0.007810318219979998,-1.0009365331302391
1789900089.130539,0.0927886962890625,0.03460693359375,-0.9935302734375,0.08541538664154581,0.000673132142766002,-0.9994552811916914
1789900089.2300491,0.077728271484375,0.0009002685546875,-1.018798828125,0.08387796361011166,0.0007185594251503016,-1.003323990578353
1789900089.329424,0.07464599609375,-0.024627685546875,-1.02239990234375,0.08203157010683934,-0.004350689569254759,-1.0071391729314325
1789900089.429247,0.0924072265625,0.015045166015625,-1.0293121337890625,0.08410670139797147,-0.0004715184522788075,-1.0115737651029586
1789900089.528645,0.0918426513671875,-0.019317626953125,-1.0241851806640625,0.08565389139181467,-0.004240740152448046,-1.0140960482151795
1789900089.628024,0.0754547119140625,-0.0122528076171875,-0.9618682861328125,0.08361405549626424,-0.0058431536453959374,-1.003650495798706
1789900089.7275581,0.0727996826171875,-0.0013427734375,-0.969757080078125,0.0814511809204489,-0.004943077603816751,-0.9968718126545899
1789900089.826927,0.073150634765625,0.0108489990234375,-0.9783782958984375,0.07979107168948413,-0.0017846622783659004,-0.9931731093033596
1789900089.926581,0.087677001953125,0.06793212890625,-0.9957122802734375,0.0813682577422123,0.012158695958557281,-0.9936809434973752
1789900090.026181,0.084716796875,0.0122222900390625,-0.9774627685546875,0.08203796556876986,0.012171414774658326,-0.9904373085088378
1789900090.125879,0.0694122314453125,-0.004364013671875,-1.01666259765625,0.0795128187440784,0.00886432908535166,-0.9956823663383203
1789900090.225194,0.0695953369140625,0.0411224365234375,-1.03302001953125,0.07752932237807522,0.015315950572968829,-1.0031498969769062
1789900090.3248181,0.0717926025390625,0.0058135986328125,-1.0138092041015625,0.07638197841027268,0.013415480184937564,-1.0052817584018374
1789900090.424166,0.0403594970703125,0.0110015869140625,-0.9793243408203125,0.06917748214228064,0.012932701530762553,-1.0000902748855325
1789900090.523701,0.077362060546875,0.0496063232421875,-0.983551025390625,0.07081439782319951,0.020267425873047543,-0.996782424986551
1789900090.623167,0.05450439453125,-0.064239501953125,-0.999176025390625,0.06755239716480961,0.003366040307813036,-0.9972611450673659
1789900090.723371,0.0509796142578125,-0.0477752685546875,-1.0261993408203125,0.06423784058341019,-0.006862221464687072,-1.0030487842179552
1789900090.822225,0.0536041259765625,-0.0224456787109375,-1.0377044677734375,0.06211109766204065,-0.009978912913937158,-1.0099799209290516
1789900090.921646,0.066253662109375,-0.0065155029296875,-1.0030364990234375,0.06293961055150751,-0.009286230917087227,-1.0085912365479288
1789900091.021298,0.0582122802734375,-0.020172119140625,-0.9969329833984375,0.061994144495893515,-0.011463408561794782,-1.0062595859180306
1789900091.120769,0.0583648681640625,-0.0215301513671875,-0.99639892578125,0.06126828922952732,-0.013476757122873325,-1.0042874538906745
1789900091.220286,0.07061767578125,-0.04052734375,-0.9682464599609375,0.06313816653987187,-0.01888687444829866,-0.9970792551047272
1789900091.3201919,0.0824737548828125,-0.0219268798828125,-0.9695281982421875,0.06700528420846,-0.01949487553520143,-0.9915690437322193
1789900091.419907,0.078125,-0.02508544921875,-0.9752044677734375,0.06922922736676801,-0.020612990271911144,-0.988296128540463
1789900091.519185,0.0689849853515625,-0.0053253173828125,-1.00958251953125,0.0691803789637269,-0.017555455694091414,-0.9925534067386205
1789900091.6184921,0.05755615234375,-0.0149078369140625,-1.0038909912109375,0.06685553363973153,-0.01702593193808563,-0.9948209236330838
1789900091.7178268,0.068634033203125,-0.019287109375,-1.05438232421875,0.06721123355241022,-0.017478167425468507,-1.0067332037502172
1789900091.8172898,0.0492401123046875,-0.0101470947265625,-1.0126953125,0.06361700930286568,-0.016011952885687304,-1.0079256255001738
1789900091.917115,0.0691986083984375,0.027191162109375,-1.0203857421875,0.06473332912198004,-0.007371329886674843,-1.010417648837639
1789900092.016399,0.0461273193359375,0.0254058837890625,-1.00714111328125,0.061012127164771536,-0.0008158871515273752,-1.0097623417263613
1789900092.116047,0.06085205078125,0.027008056640625,-0.9841766357421875,0.06098011188806723,0.0047489016069031,-1.0046452005295265
1789900092.215352,0.041107177734375,0.0295562744140625,-0.984130859375,0.05700552505732879,0.009710376168334981,-1.0005423322986213
1789900092.314806,0.0326385498046875,0.035614013671875,-0.981475830078125,0.05213213000680054,0.014891103669042985,-0.9967290318545221
1789900092.414585,0.0557098388671875,0.0290679931640625,-1.0159759521484375,0.05284767177887793,0.01772648156804689,-1.0005784159133053
1789900092.514015,0.052001953125,0.0336761474609375,-1.0107879638671875,0.05267852804810235,0.020916414746625013,-1.0026203255040818
1789900092.613435,0.0739593505859375,0.0435333251953125,-1.0122528076171875,0.05693469255566939,0.025439796836362515,-1.0045468219267029
1789900092.7130032,0.050323486328125,0.0011444091796875,-1.0218658447265625,0.05561245131016051,0.020580719305027514,-1.0080106264866748
1789900092.812377,0.048492431640625,0.0128631591796875,-0.9585723876953125,0.05418844737625341,0.019037207279959514,-0.9981229787284025
1789900092.912005,0.043609619140625,0.0360107421875,-0.9985809326171875,0.05207268172912773,0.022431914261467612,-0.9982145695061595
1789900093.011585,0.03631591796875,0.0041656494140625,-0.9691925048828125,0.04892132897705219,0.01877866129198659,-0.9924101565814901
1789900093.111003,0.040252685546875,0.05523681640625,-0.9969940185546875,0.047187600291016756,0.026070292314839275,-0.9933269289761297
1789900093.210525,0.0362548828125,0.0290985107421875,-0.963653564453125,0.04500105679531341,0.026675936000308924,-0.9873922560715289
1789900093.3100228,0.032379150390625,-0.0030975341796875,-0.9673309326171875,0.04247667551437573,0.02072124196430964,-0.9833799913806607
1789900093.4097261,0.063934326171875,-0.009857177734375,-1.01202392578125,0.04676820564587558,0.014605558024572713,-0.9891087782607786
1789900093.508992,0.0284576416015625,-0.060333251953125,-1.0034942626953125,0.043106092837012965,-0.0003822039709668306,-0.9919858751476854
1789900093.608495,0.0232391357421875,-0.001678466796875,-0.9594573974609375,0.03913270141804787,-0.0006414565361484645,-0.985480179610336
1789900093.70836,0.02081298828125,0.042205810546875,-0.998077392578125,0.0354687587906883,0.007927996880456228,-0.9879996222038938
1789900093.807746,-0.015594482421875,0.0237884521484375,-0.9929962158203125,0.025256110548175642,0.011100087934052483,-0.9889989409271777
1789900093.907209,-0.029205322265625,0.0107421875,-0.9998779296875,0.014363823985415514,0.011028507847241988,-0.9911747386792421
1789900094.006598,-0.043487548828125,0.0048828125,-1.0320892333984375,0.002793549422707412,0.009799368777793591,-0.9993576376230813
1789900094.1062021,-0.0648040771484375,0.0509185791015625,-0.9915618896484375,-0.010725975891521572,0.018023210842547377,-0.9977984880281525
1789900094.2055979,-0.0841064453125,0.032318115234375,-0.9727325439453125,-0.02540206977571726,0.0208821917209129,-0.9927852992115846
1789900094.305149,-0.070220947265625,0.041778564453125,-1.0149078369140625,-0.03436584527369881,0.025061466267355323,-0.9972098067520803
1789900094.404649,-0.0874481201171875,0.0028076171875,-1.0215606689453125,-0.04498230024239655,0.020610696451384258,-1.0020799791907267
1789900094.504002,-0.08203125,0.0175018310546875,-1.011993408203125,-0.052392090193917246,0.019988923372044907,-1.0040626649932065
1789900094.6036282,-0.0465850830078125,0.0828857421875,-1.0388336181640625,-0.0512306887566963,0.03256828713513593,-1.0110168556273778
1789900094.703433,-0.0458221435546875,0.04229736328125,-0.9903564453125,-0.05014897971629454,0.03451410236435875,-1.0068847735644022
1789900094.803244,-0.0510406494140625,-0.023162841796875,-1.0081939697265625,-0.05032731365584814,0.022978713532111998,-1.0071466127968343
1789900094.9020371,-0.073272705078125,0.002960205078125,-0.9984130859375,-0.05491639194030352,0.018975011841314598,-1.0053999074249673
1789900095.001642,-0.087066650390625,-0.002410888671875,-1.0254364013671875,-0.061346443630367814,0.014697831738676679,-1.0094072062134114
1789900095.101131,-0.07952880859375,-0.0195465087890625,-0.9912567138671875,-0.06498291662304426,0.007848963633128845,-1.0057771077441666
1789900095.200622,-0.04425048828125,0.00799560546875,-0.9813385009765625,-0.06083643095468541,0.007878292000253077,-1.0008893863906458
1789900095.3002958,-0.0359649658203125,0.05816650390625,-0.97674560546875,-0.055862137927810834,0.017935934381452464,-0.9960606302062668
1789900095.400172,-0.04931640625,0.0098724365234375,-0.9784698486328125,-0.05455299159224867,0.01632323480984947,-0.992542473891576
1789900095.499724,-0.0645751953125,-0.0061798095703125,-0.9868316650390625,-0.05655743233629894,0.011822625933817077,-0.9914003121210734
1789900095.598896,-0.0774078369140625,-0.0030975341796875,-1.02093505859375,-0.060727513251851654,0.008838593911116162,-0.9973072614156088
1789900095.698547,-0.0572357177734375,0.0151214599609375,-1.019866943359375,-0.06002915415616883,0.01009516712108043,-1.001819197804362
1789900095.797813,-0.0715484619140625,0.000518798828125,-0.984222412109375,-0.06233301570774757,0.008179893462489344,-0.9982998406653647
1789900095.897331,-0.055877685546875,0.0055694580078125,-0.980224609375,-0.06104194967557306,0.007657806371553976,-0.9946847944072919
1789900095.9971008,-0.045440673828125,-0.0011749267578125,-0.9676361083984375,-0.05792169450608345,0.0058912597456806815,-0.989275057205521
1789900096.0964708,-0.0488433837890625,0.0348968505859375,-0.9956817626953125,-0.05610603236267926,0.011692377913732045,-0.9905563983034793
1789900096.195884,-0.040191650390625,0.03997802734375,-0.99578857421875,-0.052923155968268416,0.01734950779973564,-0.9916028334865334
1789900096.295459,-0.038482666015625,0.0301666259765625,-1.0146636962890625,-0.05003505797773974,0.019912931435101013,-0.9962150060470393
1789900096.395134,-0.03143310546875,0.00213623046875,-1.000274658203125,-0.04631466747594179,0.01635759124183081,-0.9970269364782565
1789900096.4944382,-0.035552978515625,0.03778076171875,-0.997833251953125,-0.04416232968387843,0.02064222533721465,-0.9971881995732302
1789900096.593958,-0.055572509765625,0.004669189453125,-1.007049560546875,-0.04644436570022775,0.017447618160396722,-0.9991604717679592
1789900096.6933951,-0.0551300048828125,0.01605224609375,-0.9882965087890625,-0.0481814935367447,0.017168543747067378,-0.9969876791721799
1789900096.792859,-0.0357208251953125,0.01043701171875,-1.0050048828125,-0.04568935986845826,0.015822237341403905,-0.998591119900244
1789900096.892631,-0.0625762939453125,-0.018707275390625,-0.9473724365234375,-0.04906674668382911,0.008916334794998124,-0.9883473832248827
1789900096.9919639,-0.0618896484375,0.0149993896484375,-0.96148681640625,-0.05163132703456329,0.010132945765686,-0.9829752698611562
1789900097.091522,-0.07501220703125,0.01287841796875,-0.973052978515625,-0.05630750303390063,0.010682040206298801,-0.98099081159205
1789900097.1909971,-0.07269287109375,0.0068511962890625,-0.987701416015625,-0.05958457664587051,0.009915871422851542,-0.9823329324767651
1789900097.290283,-0.0705413818359375,0.0043487548828125,-0.9987335205078125,-0.06177593768388391,0.008802448114843734,-0.9856130500829746
1789900097.390233,-0.059234619140625,0.014190673828125,-0.988861083984375,-0.06126767397523213,0.009880093257499988,-0.9862626568632546
1789900097.489541,-0.0570831298828125,0.01324462890625,-1.001922607421875,-0.06043076515674821,0.01055300038724999,-0.9893946469749788
1789900097.588958,-0.06298828125,0.0301513671875,-0.9998931884765625,-0.06094226837539857,0.014472673747299993,-0.9914943552752956
1789900097.6886811,-0.062286376953125,0.01055908203125,-0.9800567626953125,-0.06121109009094386,0.013689955404089994,-0.9892068367592991
1789900097.787953,-0.0727081298828125,0.0173492431640625,-0.992218017578125,-0.06351049804931759,0.014421812956084495,-0.9898090729230644
1789900097.887434,-0.07720947265625,-0.0234375,-0.972137451171875,-0.06625029297070407,0.006849950364867597,-0.9862747485728266
1789900097.9870958,-0.0631866455078125,0.0031890869140625,-1.0147552490234375,-0.06563756347812576,0.0061177776747065775,-0.9919708486629488
1789900098.086596,-0.0820465087890625,0.0032196044921875,-1.0013580322265625,-0.06891935254031312,0.005538143038202762,-0.9938482853756716
1789900098.186706,-0.073455810546875,0.02490234375,-0.9890289306640625,-0.0698266441416255,0.00941098318056221,-0.9928844144333498
1789900098.28579,-0.072265625,-0.004180908203125,-1.0134124755859375,-0.0703144403133004,0.006692604903824769,-0.9969900266638674
1789900098.384985,-0.0902252197265625,-0.074554443359375,-1.0146484375,-0.07429659619595283,-0.009556804748815186,-1.000521708831094
1789900098.4847798,-0.088653564453125,-0.0149078369140625,-0.9882354736328125,-0.07716798984738726,-0.010627011181864649,-0.9980644617914378
1789900098.5842261,-0.1017303466796875,-0.0252532958984375,-1.00946044921875,-0.08208046121384732,-0.013552268125179219,-1.0003436592769004
1789900098.6839929,-0.109283447265625,-0.0093994140625,-0.97222900390625,-0.08752105842420285,-0.012721697312643377,-0.9947207282027704
1789900098.783413,-0.1226959228515625,-0.004974365234375,-0.9776611328125,-0.09455603130967478,-0.011172230896989703,-0.9913088091247163
1789900098.882731,-0.1338958740234375,-0.048980712890625,-0.98004150390625,-0.10242399985242734,-0.01873392729571676,-0.989055348081023
1789900098.982466,-0.0825042724609375,0.051239013671875,-0.9757843017578125,-0.09844005437412937,-0.00473933910219841,-0.986401138816381
1789900099.0816488,-0.1057586669921875,0.0311431884765625,-1.0517425537109375,-0.09990377689774099,0.0024371664135537725,-0.9994694217952924
1789900099.1811628,-0.0843963623046875,0.1197357177734375,-1.011749267578125,-0.0968022939791303,0.02589687668553052,-1.001925390951859
1789900099.280684,-0.1184844970703125,-0.0619659423828125,-0.9652862548828125,-0.10113873459736675,0.008324312871861916,-0.9945975637380498
1789900099.380187,-0.1110382080078125,0.038330078125,-0.9770050048828125,-0.10311862927945589,0.014325465922489535,-0.9910790519670024
1789900099.479846,-0.15240478515625,0.0633392333984375,-1.038482666015625,-0.11297586045481472,0.02412821941767913,-1.000559774776727
1789900099.579715,-0.1010589599609375,0.10589599609375,-1.015167236328125,-0.11059248035603929,0.0404817747528933,-1.0034812670870066
1789900099.679194,-0.103973388671875,0.12445068359375,-0.9956512451171875,-0.10926866201920644,0.05727555652106464,-1.0019152626930428
1789900099.77813,-0.0997314453125,0.2170257568359375,-1.0132293701171875,-0.10736121867786516,0.08922559658403922,-1.0041780841778718
1789900099.8776531,-0.111846923828125,0.213287353515625,-0.9695892333984375,-0.10825835970791714,0.1140379479703564,-0.997260314021985
1789900099.97719,-0.118499755859375,0.2416229248046875,-0.9989166259765625,-0.11030663893820872,0.13955494333722263,-0.9975915764129005
1789900100.076755,-0.16387939453125,0.189605712890625,-0.97271728515625,-0.12102119005681698,0.14956509724790312,-0.9926167181615705
1789900100.176272,-0.12835693359375,0.2264556884765625,-1.0137176513671875,-0.12248833876420359,0.164943215493635,-0.9968369048026939
1789900100.275711,-0.1182403564453125,0.264801025390625,-1.007415771484375,-0.12163874230042539,0.18491477747303303,-0.9989526781390302
1789900100.375221,-0.0974884033203125,0.261871337890625,-1.012420654296875,-0.11680867450440281,0.20030608955655144,-1.001646273370599
1789900100.474906,-0.0535430908203125,0.286651611328125,-1.003204345703125,-0.10415555776758476,0.21757519391086616,-1.0019578878371043
1789900100.574316,-0.0282440185546875,0.3204193115234375,-0.9894561767578125,-0.08897324992500531,0.23814401743338043,-0.999457545621246
1789900100.6743279,-0.0396270751953125,0.2983551025390625,-0.9800262451171875,-0.07910401497906674,0.2501862344545168,-0.9955712855204344
1789900100.7734761,-0.0319671630859375,0.3603057861328125,-1.0106658935546875,-0.0696766446004409,0.27221014479017597,-0.9985902071272851
1789900100.872916,-0.0363616943359375,0.32806396484375,-1.0009307861328125,-0.06301365454754022,0.2833809088008908,-0.9990583229283906
1789900100.9725919,-0.034332275390625,0.3141326904296875,-1.0154876708984375,-0.05727737871615718,0.2895312651266502,-1.0023441925224
1789900101.0720282,-0.0401763916015625,0.326812744140625,-1.0208587646484375,-0.05385718129323824,0.2969875609294451,-1.0060471069476076
1789900101.171433,-0.0405426025390625,0.3170928955078125,-1.00946044921875,-0.0511942655424031,0.3010086278451186,-1.006729775401836
1789900101.270901,-0.020904541015625,0.3327789306640625,-1.0025482177734375,-0.04513632063704748,0.3073626884089074,-1.0058934638761565
1789900101.370565,-0.0395050048828125,0.302642822265625,-0.9810333251953125,-0.04401005748620049,0.30641871518025093,-1.0009214361399879
1789900101.46986,-0.0399322509765625,0.3292236328125,-0.96356201171875,-0.043194496184272894,0.3109796987067008,-0.9934495512557403
1789900101.5692,-0.021484375,0.3525848388671875,-0.9726104736328125,-0.03885247194741832,0.31930072673879817,-0.9892817357311547
1789900101.669248,-0.0363922119140625,0.3617095947265625,-0.945953369140625,-0.038360419940747154,0.32778250033635103,-0.9806160624130489
1789900101.7683148,-0.02032470703125,0.3443603515625,-1.0105133056640625,-0.03475327735884772,0.3310980705815808,-0.9865955110632516
1789900101.868087,-0.0317840576171875,0.3149566650390625,-0.9974365234375,-0.03415943341051568,0.32786978947307716,-0.9887637135381013
1789900101.9677,-0.0188446044921875,0.3143157958984375,-0.97613525390625,-0.031096467626850047,0.32515899075814925,-0.9862380216117311
1789900102.067155,-0.0552978515625,0.330352783203125,-1.0106201171875,-0.03593674441398004,0.3261977492471444,-0.9911144407268849
1789900102.166483,-0.0519256591796875,0.330352783203125,-1.0260467529296875,-0.03913452736712153,0.32702875603834053,-0.9981009031674455
1789900102.266324,-0.038055419921875,0.322662353515625,-0.9761962890625,-0.03891870587807223,0.3261554755337974,-0.9937199803464565
1789900102.365512,-0.0075225830078125,0.2702789306640625,-0.9254913330078125,-0.032639481304020286,0.3149801665598505,-0.9800742508787277
1789900102.4651341,-0.0092620849609375,0.2223052978515625,-0.9453582763671875,-0.02796400203540373,0.2964451928181929,-0.9731310559764197
1789900102.564538,-0.027496337890625,0.2467193603515625,-0.9894256591796875,-0.027870469206447986,0.2865000263248669,-0.9763899766170733
1789900102.6641111,-0.0623626708984375,0.2136077880859375,-0.9244384765625,-0.03476890954484589,0.271921578677081,-0.9659996766061587
1789900102.763589,-0.0316619873046875,0.179962158203125,-0.8753814697265625,-0.034147525096814214,0.2535296945822898,-0.9478760352302396
1789900102.863342,-0.015106201171875,0.2807769775390625,-1.02850341796875,-0.030339260311826374,0.25897915117364434,-0.9640015117779417
1789900102.962527,-0.0283050537109375,0.3502655029296875,-1.0446624755859375,-0.0299324189916486,0.27723642152485295,-0.9801337045395409
1789900103.062243,-0.001220703125,0.313446044921875,-1.1347503662109375,-0.02419007581831888,0.2844783462042574,-1.01105703687382
1789900103.161613,0.005035400390625,0.2534332275390625,-1.041046142578125,-0.018344980576530105,0.27826932247121844,-1.0170548580146812
1789900103.261386,0.055328369140625,0.3085784912109375,-1.0012359619140625,-0.003610310633099084,0.2843311562191623,-1.0138910787945576
1789900103.360558,0.0498046875,0.2985992431640625,-0.9998321533203125,0.007072688993520733,0.2871847736081423,-1.0110792936997086
1789900103.4600658,0.0234527587890625,0.28607177734375,-1.016448974609375,0.010348702952629088,0.28696217435526383,-1.012153229881642
1789900103.559695,0.0212860107421875,0.2451934814453125,-0.9306488037109375,0.01253616451054077,0.2786084357732736,-0.9958523446475012
1789900103.659559,0.012542724609375,0.3326873779296875,-1.064544677734375,0.012537476530307616,0.2894242242045564,-1.009590811264876
1789900103.758648,0.0498199462890625,0.4180755615234375,-1.01483154296875,0.019993970482058594,0.3151544916683326,-1.010638957605651
1789900103.858132,0.0371551513671875,0.3007049560546875,-1.017120361328125,0.023426206659084375,0.31226458454560363,-1.0119352383501459
1789900103.957855,0.0130157470703125,0.256317138671875,-0.9863739013671875,0.02134411474133,0.3010750953708579,-1.0068229709535543
1789900104.05744,-0.023529052734375,0.285003662109375,-0.97705078125,0.012369481246189001,0.29786080871856135,-1.0008685330128435
1789900104.156816,0.0233001708984375,0.3094024658203125,-0.96826171875,0.014555619176638702,0.3001691401389116,-0.9943471701602749
1789900104.256408,0.02288818359375,0.3346405029296875,-0.9878387451171875,0.016222132060060963,0.3070634126970668,-0.9930454851516575
1789900104.355803,0.0179595947265625,0.3031005859375,-1.0077056884765625,0.01656962459336127,0.3062708473451534,-0.9959775258166386
1789900104.455409,0.02264404296875,0.31585693359375,-1.0013885498046875,0.01778450826843902,0.30818806459487275,-0.9970597306142485
1789900104.555042,0.0373687744140625,0.318145751953125,-1.016937255859375,0.021701361497563715,0.3101796020665232,-1.001035235663274
1789900104.6542969,0.0170745849609375,0.307281494140625,-0.9933013916015625,0.02077600619023847,0.3095999804813435,-0.9994884668509317
1789900104.753992,0.0238189697265625,0.29364013671875,-0.9744110107421875,0.021384598897503278,0.3064080117288248,-0.994472975629183
1789900104.853533,0.0419921875,0.3157806396484375,-1.0164642333984375,0.025506116618002624,0.30828253731274735,-0.998871227183034
1789900104.952954,0.019622802734375,0.2937774658203125,-1.001190185546875,0.0243294538412771,0.30538152301426036,-0.9993350188558023
1789900105.052861,0.024139404296875,0.322509765625,-1.024688720703125,0.024291443932396684,0.3088071715364083,-1.0044057592252669
1789900105.151957,0.0446624755859375,0.32080078125,-0.9761199951171875,0.02836565026310485,0.31120589347912664,-0.998748606403651
1789900105.25144,0.0260772705078125,0.3191375732421875,-1.0032958984375,0.02790797431204638,0.3127922294317388,-0.9996580648104209
1789900105.3508449,0.0523681640625,0.3667144775390625,-1.0190277099609375,0.03280001226213711,0.32357667905320353,-1.0035319938405243
1789900105.4504771,0.0251922607421875,0.2893829345703125,-0.9122161865234375,0.03127846195814719,0.3167379301566253,-0.9852688323771069
1789900105.550239,0.016571044921875,0.246551513671875,-0.9621734619140625,0.02833697855089275,0.30270064685967524,-0.9806497582844981
1789900105.649656,0.040985107421875,0.263580322265625,-0.9737548828125,0.0308666043250892,0.2948765819408652,-0.9792707831900984
1789900105.748972,0.020660400390625,0.2475433349609375,-0.9955291748046875,0.028825363538196362,0.2854099325448797,-0.9825224615130163
1789900105.848429,0.015716552734375,0.23480224609375,-1.014801025390625,0.026203601377432093,0.27528839525465376,-0.988978174288538
1789900105.947907,0.0462188720703125,0.28826904296875,-1.0578460693359375,0.03020665551600818,0.27788452479747305,-1.002751753298018
1789900106.047426,0.003265380859375,0.2185821533203125,-1.0202789306640625,0.024818400584681544,0.2660240505020409,-1.0062571887712268
1789900106.1470861,0.006011962890625,0.1744537353515625,-1.0411224365234375,0.021057113045870237,0.24770998747194525,-1.013230238321669
1789900106.246496,0.038604736328125,0.17279052734375,-1.0330963134765625,0.02456663770232119,0.23272609544630624,-1.0172034533526477
1789900106.345958,0.0265655517578125,0.11920166015625,-0.9971160888671875,0.024966420513419452,0.210021208388295,-1.0131859804555559
1789900106.44554,0.031829833984375,0.120452880859375,-0.9757080078125,0.026339103207610563,0.19210754288251103,-1.0056903859269448
1789900106.545107,0.003570556640625,0.0748291015625,-1.063262939453125,0.02178539389421345,0.16865185461850882,-1.017204896632181
1789900106.644521,0.022216796875,0.0854644775390625,-1.022613525390625,0.021871674490370762,0.15201437920261957,-1.0182866223838698
1789900106.7439818,0.0149078369140625,0.0508880615234375,-1.0041046142578125,0.020478906975109113,0.13178911566678314,-1.0154502207586584
1789900106.843511,0.0089874267578125,0.0764007568359375,-1.0518951416015625,0.018180610931649792,0.12071144390061403,-1.0227392049272392
1789900106.942991,0.0301513671875,0.1052093505859375,-1.0022735595703125,0.020574762182819836,0.11761102523767873,-1.018646075855854
1789900107.042447,0.0585479736328125,0.01641845703125,-0.9323272705078125,0.02816940447281837,0.09737251159639299,-1.0013823147862457
1789900107.1420321,0.1131744384765625,0.077056884765625,-0.956329345703125,0.0451704112735672,0.09330938623023939,-0.9923717209696217
1789900107.241506,0.02960205078125,-0.0510406494140625,-1.077667236328125,0.04205673917510376,0.06443937910137902,-1.0094308240413223
1789900107.3410091,0.0117034912109375,0.00286865234375,-1.0104217529296875,0.03598608958227051,0.05212523374985322,-1.0096290098189955
1789900107.440553,0.013824462890625,0.043548583984375,-1.0818328857421875,0.03155376424394141,0.05040990379675758,-1.024069785003634
1789900107.540267,0.083465576171875,-0.04266357421875,-1.0406036376953125,0.04193612662952813,0.03179520819365607,-1.0273765555419696
1789900107.639602,0.0730133056640625,-0.0592041015625,-0.9962615966796875,0.048151562436435,0.013595346242424856,-1.0211535637695133
1789900107.739495,0.0362396240234375,-0.0931396484375,-0.9807586669921875,0.045769174753835504,-0.007751652693560113,-1.0130745844140483
1789900107.838595,-0.00897216796875,-0.0500640869140625,-1.0051727294921875,0.03482090620931841,-0.016214139537660592,-1.011494213429676
1789900107.938171,0.01446533203125,-0.0483551025390625,-1.01422119140625,0.030749791373704725,-0.022642332137940976,-1.012039609024991
1789900108.037822,0.0435943603515625,0.0377044677734375,-1.0341949462890625,0.033318705169276285,-0.01057297215566528,-1.0164706764778053
1789900108.137148,0.04827880859375,0.0496368408203125,-0.977935791015625,0.03631072585417103,0.0014689904395302766,-1.0087636993853693
1789900108.2367492,0.054046630859375,-0.022216796875,-0.9535064697265625,0.039857906855211823,-0.0032681670233757785,-0.997712253453608
1789900108.336083,0.0286712646484375,-0.0363311767578125,-0.9645538330078125,0.037620578413856964,-0.009880768970263123,-0.991080569364449
1789900108.4356441,0.041778564453125,0.0160980224609375,-0.9923553466796875,0.03845217562171057,-0.004685010684023,-0.9913355248274968
1789900108.5355,0.028167724609375,-0.0556793212890625,-0.9898223876953125,0.03639528541924346,-0.0148838728050309,-0.99103289740106
1789900108.634758,0.0184326171875,0.0249786376953125,-1.0442962646484375,0.03280275177289477,-0.006911370704962221,-1.0016855708505357
1789900108.734458,0.0359344482421875,0.0360260009765625,-1.0387725830078125,0.03342909106675332,0.0016761036313427229,-1.009102973281991
1789900108.833843,0.038330078125,-0.0110321044921875,-0.9804840087890625,0.034409288478402654,-0.0008655379933633215,-1.0033791803834053
1789900108.9332561,0.0428314208984375,-0.0239715576171875,-0.98663330078125,0.03609371496240962,-0.005486741918128158,-1.0000300044629742
1789900109.032782,0.0565338134765625,0.053375244140625,-0.99676513671875,0.0401817346652402,0.006285655293622474,-0.9993770309141294
1789900109.132543,0.0347747802734375,0.0665435791015625,-1.005767822265625,0.03910034378687966,0.01833724005521048,-1.0006551891844286
1789900109.232018,0.0109710693359375,-0.04827880859375,-0.9881744384765625,0.03347448889669123,0.005014030325418384,-0.9981590390428554
1789900109.331246,0.02362060546875,0.018463134765625,-1.005126953125,0.031503712211102985,0.007703851213459708,-0.9995526218592844
1789900109.4308472,0.0157928466796875,-0.033233642578125,-0.9991302490234375,0.02836153910481989,-0.0004836475448572342,-0.9994681472921151
1789900109.530593,0.0129241943359375,0.0009918212890625,-1.0007781982421875,0.025274070151043417,-0.00018855377807328738,-0.9997301574821297
1789900109.630056,0.0471954345703125,0.001373291015625,-1.004608154296875,0.029658343034897235,0.0001238151806663701,-1.0007057568450788
1789900109.729498,-0.0010528564453125,0.00360107421875,-1.0052947998046875,0.02351610313885529,0.0008192669882830961,-1.0016235654370007
1789900109.82905,0.001007080078125,0.0602569580078125,-0.9999542236328125,0.019014298526709234,0.012706805192188978,-1.001289697076163
1789900109.928493,-0.0079803466796875,0.0673980712890625,-1.0036773681640625,0.013615369485429888,0.023645058411563682,-1.001767231293743
1789900110.027889,0.019287109375,0.0474090576171875,-1.0070648193359375,0.01474971746334391,0.028397858252688448,-1.0028267489021818
1789900110.127255,-0.0324554443359375,0.030059814453125,-0.9835052490234375,0.0053086851034876295,0.02873024949277576,-0.998962448926433
1789900110.227047,0.0159454345703125,0.0629119873046875,-1.0020599365234375,0.007436034996852604,0.03556659705515811,-0.999581946445834
1789900110.326309,0.010009765625,0.0614166259765625,-1.0015716552734375,0.007950781122482084,0.04073660283943899,-0.9999798882113548
1789900110.426039,-0.033172607421875,0.0358734130859375,-1.0084686279296875,-0.00027389658638933296,0.03976396488873869,-1.0016776361550213
1789900110.525675,0.0087432861328125,-0.0251617431640625,-1.0136871337890625,0.0015295399574510337,0.026778823278178456,-1.0040795356818295
1789900110.6250029,-0.024871826171875,-0.0445556640625,-0.99444580078125,-0.003750733268414173,0.012511925810042766,-1.0021527887017136
1789900110.7243729,-0.0164794921875,0.0360870361328125,-1.00823974609375,-0.006296485052231338,0.017226947874596714,-1.003370180180121
1789900110.8241382,-0.0001220703125,0.0634918212890625,-0.977020263671875,-0.005061602104285071,0.026479922557489873,-0.9981001968784717
1789900110.923554,-0.0345916748046875,-0.027313232421875,-0.971923828125,-0.010967616644365557,0.0157212915616169,-0.9928649231277775
1789900111.0231,-0.0427093505859375,-0.0613555908203125,-0.983306884765625,-0.017315963432679948,0.0003059150852310205,-0.990953315455347
1789900111.12256,-0.0137786865234375,0.049468994140625,-0.984588623046875,-0.016608508050831458,0.010138530896309818,-0.9896803769736526
1789900111.223073,0.0183868408203125,0.0361328125,-1.0259552001953125,-0.009609438276602668,0.015337387217047855,-0.9969353416179847
1789900111.321704,-0.0139312744140625,0.057037353515625,-1.0171356201171875,-0.010473805504094635,0.023677380476763286,-1.0009753973178253
1789900111.421243,-0.008880615234375,0.091064453125,-1.0225372314453125,-0.010155167450150708,0.03715479500641063,-1.0052877641433229
1789900111.52074,-0.011932373046875,0.0455322265625,-0.9794158935546875,-0.010510608569495566,0.03883028131762851,-1.0001133900255958
1789900111.6202679,0.0178375244140625,0.031585693359375,-1.0225372314453125,-0.004840981972783953,0.037381363725977806,-1.0045981583095394
1789900111.719585,-0.022979736328125,-0.0305633544921875,-1.004058837890625,-0.008468732843852161,0.023792420082344744,-1.0044902942257565
1789900111.8197289,-0.0190887451171875,0.0625762939453125,-1.0020599365234375,-0.010592735298519229,0.031549194854938296,-1.0040042226852928
1789900111.918655,-0.009613037109375,0.01300048828125,-0.9775848388671875,-0.010396795660690383,0.02783945354020064,-0.9987203459216718
1789900112.0184832,-0.0196380615234375,0.0524749755859375,-1.0057525634765625,-0.012245048833239808,0.03276655794934802,-1.00012678943265
1789900112.117671,-0.0085601806640625,0.065185546875,-1.0240325927734375,-0.011508075199404348,0.039250355734478416,-1.0049079501008076
1789900112.217371,-0.0100860595703125,0.065185546875,-1.0266571044921875,-0.01122367207358598,0.044437393962582734,-1.0092577809790837
1789900112.3169088,0.016998291015625,0.038543701171875,-1.037078857421875,-0.005579279455743783,0.043258655404441196,-1.014821996267642
1789900112.416161,-0.0282440185546875,0.0678863525390625,-0.9829864501953125,-0.010112227275532529,0.04818419483136546,-1.008454887053176
1789900112.515876,-0.0500335693359375,-0.0019989013671875,-0.99993896484375,-0.018096495687613526,0.038147575591654874,-1.0067517026112909
1789900112.615227,-0.0342559814453125,-0.006927490234375,-0.9697265625,-0.02132839283915332,0.0291325624264489,-0.9993466745890328
1789900112.7146149,0.0012664794921875,0.0048065185546875,-0.9879913330078125,-0.01680941837288516,0.02426735365209662,-0.9970756062727888
1789900112.8144379,0.00335693359375,0.0442657470703125,-0.9937591552734375,-0.012776147979558129,0.028267032335739798,-0.9964123160729186
1789900112.913892,0.0016632080078125,0.03533935546875,-1.0109710693359375,-0.009888276782084005,0.02968149696234184,-0.9993240667255224
1789900113.013266,-0.0442657470703125,-0.0355224609375,-1.0260162353515625,-0.016763770839729707,0.016640705382373472,-1.0046625004507306
1789900113.112773,-0.0168914794921875,0.0586395263671875,-1.046905517578125,-0.016789312570221267,0.025040469579336276,-1.0131111038762095
1789900113.212336,-0.0218505859375,0.033050537109375,-1.014495849609375,-0.017801567243677013,0.02664248308534402,-1.0133880530228427
1789900113.311809,-0.0500030517578125,-0.0522003173828125,-0.967681884765625,-0.024241864146504113,0.010873922991712717,-1.0042468193713994
1789900113.411223,0.0013275146484375,0.0150604248046875,-0.961090087890625,-0.01912798838751579,0.011711223354307673,-0.9956154730752445
1789900113.510822,-0.0118255615234375,-0.0254669189453125,-0.95220947265625,-0.01766750301470013,0.004275594894383638,-0.9869342729914456
1789900113.610172,-0.0175933837890625,0.014801025390625,-0.9756317138671875,-0.017652679169572603,0.006380680993631911,-0.9846737611665941
1789900113.7098289,0.0091705322265625,0.0557098388671875,-0.9970703125,-0.012288036890345582,0.01624651256834303,-0.9871530714332754
1789900113.8095012,0.013946533203125,0.05487060546875,-1.0128021240234375,-0.007041122871651466,0.023971331148424424,-0.9922828819513079
1789900113.9088302,-0.0264434814453125,-0.003662109375,-0.9855499267578125,-0.010921594586383674,0.01844464304373954,-0.9909362909126089
1789900114.008287,-0.000396728515625,0.0535888671875,-0.9651336669921875,-0.00881662137223194,0.025473487872491634,-0.9857757661285247
1789900114.107872,-0.00726318359375,0.0563812255859375,-0.9671630859375,-0.008505933816535553,0.031655035415180804,-0.9820532300903199
1789900114.2073689,-0.0149078369140625,0.02056884765625,-0.980621337890625,-0.009786314436040942,0.029437797863394642,-0.981766851650381
1789900114.306812,-0.02197265625,0.00543212890625,-0.9907073974609375,-0.012223582798832754,0.024636664071965717,-0.9835549608124924
1789900114.406491,-0.0158843994140625,0.0435028076171875,-0.9983673095703125,-0.012955746121878704,0.028409892781010075,-0.9865174305640565
1789900114.506184,-0.0106964111328125,0.003204345703125,-0.9887237548828125,-0.012503879124065465,0.023368783365433063,-0.9869586954278078
1789900114.605339,-0.00799560546875,0.045928955078125,-1.006317138671875,-0.011602224393002371,0.02788081770797145,-0.9908303840766213
1789900114.704856,-0.0192413330078125,0.0831146240234375,-0.99664306640625,-0.013130046115964399,0.038927578971064664,-0.9919929205425471
1789900114.804673,-0.052490234375,-0.073974609375,-0.94873046875,-0.021002083767771518,0.016347141301851734,-0.9833404301840376
1789900114.904022,-0.0114593505859375,-0.0006561279296875,-0.936279296875,-0.019093537131404714,0.012946487455543887,-0.9739282035222301
1789900115.003506,-0.022125244140625,-0.0391845703125,-0.96929931640625,-0.019699878533248772,0.0025202759019351106,-0.9730024260990342
1789900115.103108,-0.0006103515625,0.0177459716796875,-0.9597625732421875,-0.015881973139099018,0.005565415057485589,-0.970354455527665
1789900115.202653,0.0133819580078125,0.052215576171875,-0.9704742431640625,-0.010029186909716716,0.014895447280363473,-0.9703784130549444
1789900115.3033562,-0.039031982421875,0.0026092529296875,-0.9781646728515625,-0.01582974601214837,0.01243820841022828,-0.9719356650142681
1789900115.401537,-0.014312744140625,0.0241546630859375,-1.0003204345703125,-0.015526345637843698,0.014781499345370125,-0.977612618925477
1789900115.500896,-0.048370361328125,-0.00567626953125,-1.0304412841796875,-0.022095148775899957,0.010689945570046102,-0.9881783519763192
1789900115.600401,-0.03302001953125,-0.0136566162109375,-0.9920501708984375,-0.024280122926969967,0.005820633213849381,-0.988952715760743
1789900115.6999989,-0.00775146484375,0.0196990966796875,-1.0037841796875,-0.020974391310325975,0.008596325907017005,-0.9919190085460945
1789900115.799892,0.0005645751953125,0.013946533203125,-1.0029296875,-0.01666659800919828,0.009666367366238604,-0.9941211443368756
1789900115.899634,0.01739501953125,0.0862579345703125,-1.0089263916015625,-0.009854274501108623,0.024984680807053385,-0.9970821937898131
1789900115.9986,-0.0299530029296875,0.025360107421875,-0.9776611328125,-0.013874020186824399,0.02505976613001771,-0.9931979815943506
1789900116.098517,-0.0082855224609375,0.0424346923828125,-0.994140625,-0.01275632064164702,0.028534751380576668,-0.9933865102754805
1789900116.197742,-0.025543212890625,-0.055328369140625,-0.9848480224609375,-0.015313699091442617,0.011762127276336336,-0.991678812712572
1789900116.297258,-0.01007080078125,0.037506103515625,-0.991302490234375,-0.014265119429404095,0.016910922524194072,-0.9916035482169325
1789900116.396696,-0.036895751953125,0.0577545166015625,-0.980438232421875,-0.018791245934148278,0.02507964133966776,-0.9893704850579211
1789900116.496235,-0.033111572265625,0.0610504150390625,-1.0279998779296875,-0.021655311200443624,0.03227379607954671,-0.9970963636322745
1789900116.595717,-0.0864715576171875,0.0652008056640625,-1.0015411376953125,-0.0346185604837924,0.03885919799644987,-0.9979853184448821
1789900116.695343,-0.090087890625,0.02264404296875,-0.972076416015625,-0.04571242651203392,0.0356161669909099,-0.9928035379590308
1789900116.79499,-0.075042724609375,0.0625457763671875,-1.02532958984375,-0.051578486131502135,0.04100208886616542,-0.9993087483359746
1789900116.89416,-0.0714874267578125,0.04034423828125,-0.997772216796875,-0.055560274256764214,0.04087051874918234,-0.9990014420281548
1789900116.9937139,-0.0798492431640625,0.00054931640625,-1.006378173828125,-0.060418068038223874,0.032806278280595874,-1.000476788388149
1789900117.093174,-0.07891845703125,0.0074615478515625,-1.011932373046875,-0.0641181458368291,0.0277373321947892,-1.0027679053198941
1789900117.19277,-0.0571136474609375,0.0377655029296875,-1.0014801025390625,-0.06271724616165078,0.02974296634176886,-1.0025103447637278
1789900117.292309,-0.0625457763671875,0.023223876953125,-0.96868896484375,-0.06268295220275813,0.02843914846404009,-0.9957460687797324
1789900117.392055,-0.0726470947265625,-0.0477142333984375,-0.994232177734375,-0.064675780707519,0.01320847209154457,-0.9954432905706609
1789900117.491226,-0.069366455078125,0.0524749755859375,-1.0470123291015625,-0.0656139155816402,0.021061772790423157,-1.0057570982768413
1789900117.5907888,-0.0723724365234375,-0.0013275146484375,-0.9869842529296875,-0.06696561976999967,0.016583915302651023,-1.0020025292074106
1789900117.690393,-0.075103759765625,0.0829925537109375,-0.976226806640625,-0.06859324776912473,0.02986564298430832,-0.9968473846940535
1789900117.7901511,-0.0479888916015625,0.099853515625,-0.9681854248046875,-0.06447237653561229,0.043863217512446664,-0.9911149927161804
1789900117.889241,-0.0947723388671875,0.0259857177734375,-0.980926513671875,-0.07053236900192733,0.04028771756464483,-0.9890772969073194
1789900117.988824,-0.0800628662109375,0.0687255859375,-1.001617431640625,-0.07243846844372936,0.04597529123921587,-0.9915853238539806
1789900118.0887032,-0.0782012939453125,0.0708160400390625,-0.97900390625,-0.073591033544046,0.0509434409991852,-0.9890690403331845
1789900118.18779,-0.1138763427734375,0.0975494384765625,-0.941680908203125,-0.0816480953899243,0.06026464049466067,-0.9795914139071727
1789900118.2873058,-0.096649169921875,0.064666748046875,-1.0059356689453125,-0.08464831029631445,0.061145062005103536,-0.9848602649148007
1789900118.387294,-0.0846710205078125,0.0665740966796875,-1.033111572265625,-0.08465285233861407,0.06223086894002033,-0.9945105263849656
1789900118.486407,-0.0822601318359375,0.042327880859375,-1.0015869140625,-0.08417430823807875,0.05825027132389127,-0.9959258039204726
1789900118.586029,-0.07598876953125,0.094940185546875,-0.97796630859375,-0.08253720049671301,0.06558825416848801,-0.9923339048551282
1789900118.6856241,-0.0860595703125,0.0670013427734375,-0.94476318359375,-0.08324167445987041,0.06587087188947792,-0.9828197606028526
1789900118.7850819,-0.0680389404296875,0.034515380859375,-0.9914398193359375,-0.08020112765383383,0.05959977368345734,-0.9845437723494697
1789900118.88434,-0.1103515625,-0.043487548828125,-0.976837158203125,-0.08623121462306707,0.03898230918114087,-0.9830024495202008
1789900118.9839659,-0.083984375,0.012908935546875,-0.9977569580078125,-0.08578184669845366,0.033767634454287696,-0.9859533512177232
1789900119.0836802,-0.1068878173828125,0.0504608154296875,-0.9848480224609375,-0.09000304083532544,0.03710627064936766,-0.985732285466366
1789900119.183144,-0.0727386474609375,0.047027587890625,-0.998016357421875,-0.08655016216044786,0.03909053409761913,-0.9881890998574678
1789900119.282553,-0.1001129150390625,0.052764892578125,-1.002685546875,-0.08926271273617079,0.04182540579372031,-0.9910883892609743
1789900119.382117,-0.0813140869140625,0.0023345947265625,-0.989593505859375,-0.08767298757174913,0.03392724358028874,-0.9907894125806546
1789900119.4814348,-0.073883056640625,0.0119781494140625,-0.9752960205078125,-0.0849150013855243,0.029537424747043496,-0.9876907341660862
1789900119.5810552,-0.094635009765625,-0.0458831787109375,-0.9873046875,-0.08685900306154445,0.014453304055447298,-0.987613524832869
1789900119.680567,-0.1128082275390625,-0.030059814453125,-0.9750518798828125,-0.09204884795704807,0.005550680353732839,-0.9851011958428577
1789900119.779969,-0.127410888671875,-0.0532073974609375,-0.9862060546875,-0.09912125610001346,-0.00620093520920123,-0.9853221676117863
1789900119.879509,-0.0938262939453125,0.0045623779296875,-0.9997406005859375,-0.09806226366907328,-0.004048272581423484,-0.9882058542066166
1789900119.979457,-0.0646209716796875,-0.0056610107421875,-1.011505126953125,-0.09137400527119613,-0.004370820213576288,-0.9928657087559183
1789900120.0790648,-0.1023101806640625,-0.0497283935546875,-0.9845733642578125,-0.09356124034976941,-0.013442334881798532,-0.9912072398562972
1789900120.1778932,-0.063079833984375,-0.017791748046875,-0.9458160400390625,-0.08746495907669054,-0.014312217514813827,-0.9821289998928503
1789900120.277816,-0.0487213134765625,-0.0276641845703125,-1.020782470703125,-0.07971622995666494,-0.016982610925913563,-0.9898596940549053
1789900120.377157,-0.0228118896484375,-0.0380859375,-0.9832763671875,-0.06833536189501946,-0.021203276240730852,-0.9885430286814243
1789900120.476513,-0.08209228515625,0.0040130615234375,-0.984222412109375,-0.07108674654726557,-0.016160008687897184,-0.9876789053670145
1789900120.5761209,-0.0691680908203125,0.0719146728515625,-0.990936279296875,-0.07070301540187496,0.0014549276199947534,-0.9883303801529867
1789900120.675589,-0.0548248291015625,-0.00421142578125,-0.97821044921875,-0.06752737814181248,0.0003216569397458027,-0.9863063939661394
1789900120.775137,-0.0633392333984375,0.00262451171875,-0.9705047607421875,-0.06668974919313748,0.0007822278955466422,-0.983146067321349
1789900120.874763,-0.0792083740234375,-0.000274658203125,-0.9893951416015625,-0.0691934741591975,0.0005708506758123138,-0.9843958821773917
1789900120.974207,-0.0773162841796875,0.0166015625,-0.9970855712890625,-0.07081803616329549,0.0037769930406498513,-0.986933819999726
1789900121.0737228,-0.063140869140625,0.049560546875,-0.980194091796875,-0.0692826027587614,0.012933703807519882,-0.9855858743591558
1789900121.1732311,-0.0830078125,0.0109710693359375,-0.9827880859375,-0.07202764470700912,0.012541176913203406,-0.9850263166748247
1789900121.272735,-0.0579071044921875,0.008331298828125,-0.99298095703125,-0.0692035366640448,0.011699201296187726,-0.9866172447461097
1789900121.372437,-0.038177490234375,-0.005859375,-0.982330322265625,-0.06299832737811084,0.00818748603695018,-0.9857598602500127
1789900121.471564,-0.06097412109375,-0.02593994140625,-0.98150634765625,-0.06259348612123868,0.0013620005483101442,-0.9849091577312603
1789900121.570998,-0.0845489501953125,-0.036773681640625,-1.0107269287109375,-0.06698457893605345,-0.006265135889476884,-0.9900727119271958
1789900121.670733,-0.0494537353515625,0.0301513671875,-0.9967193603515625,-0.06347841021915526,0.001018164725918493,-0.9914020416120692
1789900121.7702432,-0.0466156005859375,0.0913543701171875,-1.00006103515625,-0.06010584829251171,0.019085405804172294,-0.9931338403209055
1789900121.869801,-0.041839599609375,0.0700531005859375,-0.959808349609375,-0.05645259855588437,0.02927894476052534,-0.9864687421785995
1789900121.9693232,-0.0316009521484375,-0.0065155029296875,-0.994171142578125,-0.051482269274395004,0.02212005522248277,-0.9880092222585046
1789900122.0687408,-0.0536346435546875,0.0601959228515625,-0.9940643310546875,-0.051912744130453506,0.029735228748298717,-0.9892202440177412
1789900122.1685638,-0.070892333984375,0.000946044921875,-0.9904937744140625,-0.0557086621012378,0.023977391983013976,-0.9894749500970055
1789900122.2676969,-0.073944091796875,-0.0372772216796875,-1.021270751953125,-0.05935574804036524,0.011726469250473682,-0.9958341104682294
1789900122.367383,-0.03533935546875,-0.0192108154296875,-1.029693603515625,-0.05455246952604219,0.005539012314441445,-1.0026060090777085
1789900122.466959,-0.0402069091796875,-0.0864715576171875,-0.9658050537109375,-0.05168335745677125,-0.012863101671884345,-0.9952458180043543
1789900122.5665112,-0.04266357421875,0.0179901123046875,-0.988739013671875,-0.049879400809167,-0.006692458876569977,-0.9939444571378585
1789900122.666109,-0.03192138671875,4.57763671875e-05,-1.01171875,-0.0462877979910836,-0.005344811827818482,-0.9974993157102869
1789900122.7656,-0.0276336669921875,0.0809173583984375,-0.9776763916015625,-0.04255697179130438,0.011907622217432717,-0.993534730888542
1789900122.8649411,-0.053436279296875,0.0122833251953125,-1.02618408203125,-0.044732833292418506,0.011982762813008675,-1.0000646011170837
1789900122.964524,-0.0392913818359375,0.008544921875,-1.009490966796875,-0.043644543001122305,0.011295194625406941,-1.0019498742530422
1789900123.064055,-0.03118896484375,0.0776214599609375,-1.0074310302734375,-0.041153427369647846,0.024560447692513053,-1.0030461054571214
1789900123.163523,-0.03533935546875,0.0042724609375,-1.0173797607421875,-0.03999061298946828,0.020502850341510444,-1.0059128365141348
1789900123.263207,-0.0380401611328125,0.1056976318359375,-0.981231689453125,-0.039600522618137124,0.03754180664039586,-1.0009766071019328
1789900123.362571,-0.0472564697265625,0.0594482421875,-0.985565185546875,-0.0411317120398222,0.04192309374981669,-0.9978943227909213
1789900123.46204,-0.0511016845703125,0.0350341796875,-0.972198486328125,-0.04312570654592027,0.04054531093735335,-0.9927551554983621
1789900123.561579,-0.03973388671875,-0.0135345458984375,-1.0179901123046875,-0.04244734258048622,0.029729339570195176,-0.9978021468596272
1789900123.660924,-0.0483856201171875,-0.013397216796875,-1.018035888671875,-0.043634998087826476,0.021104028296781145,-1.0018488952220768
1789900123.760449,-0.015228271484375,0.004608154296875,-1.0277557373046875,-0.03795365276713618,0.01780485349679992,-1.0070302636385988
1789900123.859859,0.0077667236328125,0.0869140625,-0.98651123046875,-0.028809577487146444,0.03162669529743994,-1.0029264570046292
1789900123.959494,-0.0202789306640625,0.0341033935546875,-0.9650115966796875,-0.027103448122529655,0.03212203494888945,-0.9953434849396409
1789900124.059217,-0.007080078125,-0.01348876953125,-0.9558868408203125,-0.023098774123023726,0.02299987405286156,-0.9874521561157752
1789900124.1588268,-0.0538330078125,-0.0720062255859375,-0.9770050048828125,-0.029245620860918982,0.0039986541251017475,-0.9853627258691827
1789900124.257911,-0.038726806640625,-0.0310516357421875,-0.9884185791015625,-0.03114185801686019,-0.0030114038483561017,-0.9859738965156587
1789900124.3576589,-0.0045013427734375,0.004730224609375,-1.03955078125,-0.025813754968175652,-0.0014630781568098815,-0.996689273462527
1789900124.4569821,-0.044952392578125,0.032379150390625,-0.95574951171875,-0.029641482490165523,0.005305367552677095,-0.9885013211137716
1789900124.5564609,-0.0428009033203125,-0.01690673828125,-0.9754638671875,-0.032273366656194916,0.0008629463858916761,-0.9858938303285173
1789900124.656039,-0.04547119140625,-0.0443572998046875,-1.0028228759765625,-0.034912931606205934,-0.008181102852224158,-0.9892796394581265
1789900124.755515,-0.0482025146484375,-0.0303955078125,-1.0041046142578125,-0.03757084821465225,-0.012623983844279329,-0.9922446344180638
1789900124.855036,-0.054046630859375,0.01422119140625,-1.003021240234375,-0.04086600474359681,-0.007254948794173464,-0.9943999555813261
1789900124.954658,-0.0411224365234375,-0.028289794921875,-0.986846923828125,-0.04091729109956495,-0.01146191801971377,-0.992889349230686
1789900125.0540261,-0.0488128662109375,-0.0243072509765625,-0.9897613525390625,-0.04249640612183946,-0.014030984611083517,-0.9922637498923613
1789900125.153698,-0.03314208984375,0.01104736328125,-0.998046875,-0.040625542866221574,-0.009015315032616815,-0.9934203749138891
1789900125.253169,-0.0343017578125,-0.0167083740234375,-0.994476318359375,-0.03936078585547726,-0.010553926830780953,-0.9936315636029864
1789900125.352927,-0.0260162353515625,0.04925537109375,-0.979248046875,-0.03669187575469431,0.0014079327541252386,-0.9907548602573892
1789900125.452096,-0.03497314453125,-0.02545166015625,-0.9680328369140625,-0.036348129510005454,-0.003963985827949809,-0.9862104555887239
1789900125.551497,-0.03228759765625,-0.0468292236328125,-0.9821319580078125,-0.035536023139254365,-0.012537033388922349,-0.9853947560725417
1789900125.65164,-0.0374755859375,-0.0606842041015625,-1.0177764892578125,-0.035923935698903495,-0.02216646753145038,-0.9918711027095959
1789900125.750814,-0.0539093017578125,-0.024322509765625,-1.0000152587890625,-0.039521008910685294,-0.022597675978285305,-0.9934999339254893
1789900125.8503199,-0.009429931640625,-0.03277587890625,-1.0077667236328125,-0.03350279345667324,-0.024633316563878245,-0.996353291866954
1789900125.949932,-0.0465087890625,0.062103271484375,-1.0126495361328125,-0.03610399257783859,-0.007285998954227598,-0.9996125407201257
1789900126.0493789,-0.01519775390625,0.068359375,-1.0030517578125,-0.031922744843520874,0.007843075836617922,-1.0003003841386007
1789900126.14889,-0.05035400390625,0.0206451416015625,-1.011444091796875,-0.035608996656066705,0.010403488989606838,-1.0025291256702555
1789900126.248416,-0.0374603271484375,-0.046295166015625,-1.0026092529296875,-0.035979262754540865,-0.0009362420114395302,-1.002545151122142
1789900126.348,-0.036773681640625,-0.0035247802734375,-0.9990386962890625,-0.03613814653175769,-0.0014539496638391242,-1.0018438601555262
1789900126.447299,-0.0527496337890625,-0.023468017578125,-1.001678466796875,-0.03946044398321866,-0.0058567632466963,-1.001810781483796
1789900126.54677,-0.01507568359375,0.0308380126953125,-1.0360107421875,-0.03458349190532493,0.001482191941705461,-1.008650773624537
1789900126.646323,-0.0388641357421875,0.0823822021484375,-0.990234375,-0.035439620672697444,0.01766219398305187,-1.0049674938996296
1789900126.745761,-0.043426513671875,0.0398712158203125,-1.0119476318359375,-0.037036999272532956,0.022103998350503994,-1.0063635214868911
1789900126.845335,-0.0225677490234375,0.05096435546875,-0.998138427734375,-0.034143149222713866,0.027876069774153196,-1.0047185027363879
1789900126.9448771,-0.021484375,0.0667266845703125,-0.986572265625,-0.03161139437817109,0.03564619273338506,-1.0010892553141104
1789900127.044568,-0.000152587890625,0.0699462890625,-0.9580535888671875,-0.025319633080661874,0.04250621199920805,-0.9924821220247259
1789900127.143919,-0.0379638671875,-0.0065460205078125,-1.01605224609375,-0.027848479902029502,0.03269576549780394,-0.9971961468385308
1789900127.2432508,-0.0383758544921875,0.025115966796875,-1.0155792236328125,-0.029953954820061104,0.031179805757618154,-1.0008727621973872
1789900127.34305,-0.0731353759765625,-0.00665283203125,-0.99420166015625,-0.038590239051361386,0.023613278199844524,-0.9995385417891598
1789900127.4424,-0.04901123046875,-0.0255279541015625,-1.0229339599609375,-0.04067443733483911,0.01378503173956312,-1.0042176254235153
1789900127.541923,-0.0457000732421875,0.0385894775390625,-1.0100250244140625,-0.04167956451630879,0.018745920899462996,-1.0053791052216248
1789900127.641449,-0.036041259765625,0.0857391357421875,-1.0419464111328125,-0.04055190356617203,0.032144563868007896,-1.0126925664038624
1789900127.741153,-0.03662109375,0.0630645751953125,-1.0298309326171875,-0.03976574160293763,0.03832856613346882,-1.0161202396465274
1789900127.8404841,-0.0589599609375,0.01751708984375,-1.0323028564453125,-0.04360458546985011,0.03416627087552506,-1.0193567630062845
1789900127.940176,-0.0179290771484375,0.0577850341796875,-0.9936981201171875,-0.03846948380556759,0.03889002353635755,-1.0142250344284651
1789900128.039904,-0.0306396484375,0.0736846923828125,-1.0446929931640625,-0.03690351673195407,0.045848957305648544,-1.0203186261755848
1789900128.1394792,-0.036285400390625,0.007171630859375,-1.0345458984375,-0.036779893463688255,0.038113492016393836,-1.0231640806279678
1789900128.238881,-0.0759124755859375,-0.02117919921875,-0.9483184814453125,-0.044606409888138104,0.02625495376936507,-1.008194960791437
1789900128.338052,-0.041595458984375,-0.01934814453125,-1.0160980224609375,-0.04400421970738548,0.017134334109242054,-1.009775573125337
1789900128.437496,-0.051483154296875,-0.0271759033203125,-1.0085601806640625,-0.04550000662528339,0.008272286623331144,-1.0095324946330821
1789900128.537067,-0.04571533203125,-0.0367279052734375,-0.9835968017578125,-0.045543071706476715,-0.0007277517560225853,-1.0043453560580282
1789900128.6368709,-0.024383544921875,0.014556884765625,-1.0122833251953125,-0.04131116634955637,0.002329175548306932,-1.0059329498854852
1789900128.736188,-0.018829345703125,0.0605316162109375,-0.996490478515625,-0.0368148022202701,0.013969663680833046,-1.0040444556115131
1789900128.835774,-0.015777587890625,0.0162353515625,-0.9757843017578125,-0.03260735935434109,0.014422801257166436,-0.9983924248407731
1789900128.9355202,-0.017669677734375,0.0317230224609375,-0.974273681640625,-0.029619823030347874,0.01788284549792065,-0.9935686762007435
1789900129.0345411,-0.0238494873046875,0.079742431640625,-0.9788665771484375,-0.0284657558852158,0.03025476272646152,-0.9906282563902824
1789900129.134163,-0.0221405029296875,0.088531494140625,-1.022705078125,-0.02720070529411014,0.04191010900929422,-0.997043620737226
1789900129.233618,-0.03125,0.0601806640625,-1.0024261474609375,-0.028010564235288117,0.04556422001993538,-0.9981201260819683
1789900129.333274,-0.0233001708984375,-0.0019073486328125,-0.998748779296875,-0.027068485567917997,0.036069906289385806,-0.9982458567249497
1789900129.433017,-0.015716552734375,0.0310821533203125,-1.000457763671875,-0.024798099001209398,0.03507235569557115,-0.9986882381143347
1789900129.5324159,-0.0221405029296875,0.0030670166015625,-0.9648895263671875,-0.02426657978690502,0.02867128787676942,-0.9919284957649053
1789900129.6321921,-0.0410919189453125,0.0145111083984375,-1.0071563720703125,-0.027631647618586518,0.02583925198110304,-0.9949740710259868
1789900129.7312431,-0.05035400390625,0.0164031982421875,-1.010650634765625,-0.032176118876119215,0.023952041233319933,-0.9981093837739146
1789900129.830776,-0.0371856689453125,0.0212860107421875,-1.0248260498046875,-0.033178028889957877,0.02341883513509345,-1.0034527169800693
1789900129.9302402,-0.0412750244140625,0.030364990234375,-1.0093994140625,-0.03479742799477881,0.02480806615494976,-1.0046420563965555
1789900130.029984,-0.0225372314453125,0.0218505859375,-0.9694061279296875,-0.03234538868488555,0.024216570111459813,-0.9975948707031819
1789900130.129291,-0.0365753173828125,-0.0196685791015625,-0.9821319580078125,-0.03319137442447094,0.015439540268855353,-0.994502288164108
1789900130.2287989,-0.0594329833984375,0.0043487548828125,-0.978302001953125,-0.038439696219264255,0.013221383191646783,-0.9912622309219115
1789900130.328246,-0.0291900634765625,0.0523834228515625,-1.0244903564453125,-0.03658976967072391,0.021053791123629928,-0.9979078560265917
1789900130.4278111,-0.00115966796875,0.044281005859375,-1.00537109375,-0.029503749330329128,0.02569923407077894,-0.9994005035712734
1789900130.527462,-0.0452117919921875,-0.0084686279296875,-1.0186767578125,-0.032645357862700806,0.01886566167068565,-1.0032557544195186
1789900130.6267462,-0.0211181640625,0.0630950927734375,-0.984771728515625,-0.030339919102660647,0.027711547891236022,-0.9995589492387399
1789900130.726218,-0.036041259765625,-0.0250396728515625,-1.02728271484375,-0.03148018723525352,0.01716130374267632,-1.005103702359742
1789900130.8257442,-0.0037078857421875,0.0604248046875,-1.0260467529296875,-0.025925726936640314,0.025814003931641058,-1.0092923124737312
1789900130.925627,-0.0287017822265625,0.07598876953125,-1.003204345703125,-0.026480937994624754,0.03584895705156285,-1.00807471911961
1789900131.025135,-0.0209808349609375,0.024627685546875,-1.0166015625,-0.025380917387887305,0.033604702750625284,-1.009780087795688
1789900131.12435,-0.0192718505859375,0.0448760986328125,-1.0110626220703125,-0.024159104027497345,0.03585898192706273,-1.010036594650613
1789900131.2238522,-0.034088134765625,0.0412445068359375,-1.0137786865234375,-0.02614491017512288,0.036936086908837686,-1.0107850130251779
1789900131.3234239,-0.0561981201171875,-0.0404510498046875,-0.968292236328125,-0.03215555216353581,0.02145865956613265,-1.0022864576857673
1789900131.4227881,-0.03778076171875,0.033172607421875,-1.0242767333984375,-0.033280594074578645,0.02380144913728112,-1.0066845128283015
1789900131.5224562,-0.0514678955078125,0.0230865478515625,-1.020751953125,-0.036918054361225416,0.023658468880137395,-1.0094980008876413
1789900131.621886,-0.0152130126953125,-0.007171630859375,-0.9654541015625,-0.03257704602804284,0.01749244893223492,-1.000689221022613
1789900131.722412,-0.0082244873046875,0.0275115966796875,-0.9970245361328125,-0.027706534283371772,0.019496278481725436,-0.999956284044653
1789900131.820957,-0.039581298828125,-0.0093994140625,-0.9746551513671875,-0.03008148719232242,0.013717139972880349,-0.9948960575091599
1789900131.92067,-0.057098388671875,-0.0406341552734375,-1.01409912109375,-0.035484867488232937,0.00284688092361678,-0.9987366702260779
1789900132.019954,-0.0061187744140625,0.04510498046875,-1.05914306640625,-0.02961164887339885,0.011298500832643424,-1.0108179494621123
1789900132.1198878,-0.070556640625,-0.00604248046875,-1.0159454345703125,-0.037800647223719085,0.007830304572364739,-1.0118434464837525
1789900132.219524,-0.04888916015625,-0.029541015625,-1.000518798828125,-0.04001834981022527,0.00035604053289179077,-1.009578516952627
1789900132.318847,-0.020172119140625,0.062774658203125,-1.0290679931640625,-0.03604910367630522,0.012839764066938434,-1.0134764121949142
1789900132.418303,-0.0229339599609375,-0.03033447265625,-0.9727783203125,-0.03342607493323168,0.004204916722300748,-1.0053367938184314
1789900132.5175838,-0.040863037109375,0.0459442138671875,-1.00604248046875,-0.03491346736846034,0.0125527761512781,-1.0054779311484952
1789900132.617155,-0.0367889404296875,0.0322265625,-0.993255615234375,-0.03528856198070578,0.01648753342102248,-1.0030334679656712
1789900132.716666,-0.010528564453125,-0.000579833984375,-0.9807891845703125,-0.03033656247518962,0.013074059939942984,-0.9985846112865995
1789900132.816308,-0.0365447998046875,0.0496978759765625,-1.0009002685546875,-0.0315782099410892,0.02039882314726689,-0.9990477427402171
1789900132.91576,-0.050750732421875,-0.0108642578125,-0.9956207275390625,-0.03541271443724636,0.014146206955313512,-0.9983623396999863
1789900133.01509,-0.0147705078125,0.0348052978515625,-1.000091552734375,-0.03128427311229709,0.01827802513456331,-0.9987081823068641
1789900133.1147308,-0.0461273193359375,0.0522003173828125,-1.0079193115234375,-0.03425288235702517,0.02506248358421315,-1.0005504081501788
1789900133.214417,-0.026641845703125,0.013275146484375,-0.9716339111328125,-0.03273067502624514,0.02270501616424552,-0.9947671087467056
1789900133.3136802,-0.0135345458984375,-0.0010833740234375,-1.034698486328125,-0.028891449200683615,0.017947338126708918,-1.0027533842629897
1789900133.4131598,-0.0211334228515625,0.0182647705078125,-1.014129638671875,-0.027339843930859392,0.018010824602929635,-1.0050286351447668
1789900133.513025,-0.0311431884765625,-0.0055389404296875,-1.03271484375,-0.028100512840000015,0.013300871596406208,-1.0105658768658135
1789900133.6122031,-0.028717041015625,0.01025390625,-1.0059814453125,-0.028223818475125013,0.012691478527124966,-1.009648990555151
1789900133.711982,-0.0227203369140625,0.074127197265625,-0.961029052734375,-0.027123122162912513,0.024978622274824974,-0.9999250029909957
1789900133.811059,-0.029052734375,-0.016754150390625,-0.9933624267578125,-0.02750904460533001,0.01663206774173498,-0.9986124877443592
1789900133.910806,-0.03839111328125,0.020599365234375,-0.9921112060546875,-0.02968545834051401,0.017425527240262986,-0.9973122314064249
1789900134.010281,0.000274658203125,0.0580596923828125,-1.0653228759765625,-0.02369343503178621,0.02555236026877289,-1.0109143603204525
1789900134.1096392,-0.0341796875,0.02606201171875,-0.97540283203125,-0.025790685525428972,0.025654290558768313,-1.003812054662612
1789900134.209508,-0.020965576171875,0.08807373046875,-1.0016632080078125,-0.024825663654718177,0.03813817854076465,-1.003382285331652
1789900134.3090549,-0.0504150390625,-0.006683349609375,-0.9531097412109375,-0.029943538736274547,0.029173872910736722,-0.9933277765075091
1789900134.408452,-0.0602874755859375,-0.0078887939453125,-0.96026611328125,-0.03601232610620714,0.02176133953952688,-0.9867154438622574
1789900134.507894,-0.0589447021484375,-0.023284912109375,-0.9630889892578125,-0.04059880131465321,0.012752089209746503,-0.9819901529413685
1789900134.6072922,-0.064239501953125,-0.0467071533203125,-0.9844512939453125,-0.04532694144234757,0.0008602407037347024,-0.9824823811421574
1789900134.706873,-0.0271148681640625,0.018890380859375,-1.025482177734375,-0.04168452678669056,0.0044662687348627625,-0.9910823404606008
1789900134.806412,-0.0550079345703125,-0.029754638671875,-1.0443878173828125,-0.04434920834341495,-0.00237791274648479,-1.0017434358450432
1789900134.9062672,-0.0231475830078125,-0.009490966796875,-1.037841796875,-0.040108883276294464,-0.0038005235565628324,-1.0089631080510346
1789900135.005348,-0.031341552734375,0.044342041015625,-0.9750518798828125,-0.03835541716791058,0.005827989357874735,-1.0021808624173902
1789900135.104945,-0.044586181640625,0.02642822265625,-0.988311767578125,-0.03960157006245346,0.009948036017549788,-0.9994070434495372
1789900135.204441,-0.0489654541015625,0.0522308349609375,-1.06982421875,-0.04147434687027527,0.01840459580622733,-1.0134904785096297
1789900135.303937,-0.037567138671875,0.0586090087890625,-0.8814239501953125,-0.04069290523059522,0.026445478402794365,-0.9870771728467663
1789900135.403506,-0.0334320068359375,0.0901031494140625,-1.04913330078125,-0.03924072555166368,0.039177012605047995,-0.9994883984336631
1789900135.5029988,-0.0243988037109375,0.0196075439453125,-1.0657196044921875,-0.03627234118351844,0.0352631188731009,-1.012734639645368
1789900135.602417,-0.057586669921875,0.017547607421875,-1.01556396484375,-0.040535206931189754,0.031720016582855726,-1.0133005046850445
1789900135.7018309,-0.059173583984375,-0.0197906494140625,-1.008575439453125,-0.044262882341826806,0.02141788338347208,-1.0123554916386608
1789900135.801684,-0.023101806640625,0.0234527587890625,-1.014862060546875,-0.04003066720158645,0.021824858464590164,-1.0128568054203035
1789900135.900969,-0.0299835205078125,0.0446319580078125,-1.01019287109375,-0.03802123786283166,0.026386278373234633,-1.0123240185549929
1789900136.00054,-0.031524658203125,0.0228271484375,-0.98797607421875,-0.03672192193089033,0.025674452386087707,-1.0074544296877443
1789900136.1000218,-0.035980224609375,0.035369873046875,-1.0214996337890625,-0.03657358246658726,0.02761353651824517,-1.010263470508008
1789900136.199593,-0.03289794921875,-0.0229949951171875,-1.0000152587890625,-0.03583845581701981,0.017491830191158637,-1.008213828164219
1789900136.2990332,-0.0441131591796875,0.0549774169921875,-0.9795074462890625,-0.037493396489553354,0.02498894755136441,-1.0024725517891877
1789900136.398857,-0.0460205078125,0.0399017333984375,-1.011962890625,-0.03919881875414269,0.027971504720779028,-1.0043706195563502
1789900136.498176,-0.0355224609375,0.0158538818359375,-0.9660186767578125,-0.03846354719081415,0.02554798014381072,-0.9967002309966427
1789900136.597878,-0.026763916015625,-0.022735595703125,-0.90838623046875,-0.03612362095577632,0.01589126497442358,-0.9790374308910642
1789900136.697346,-0.0317840576171875,0.02008056640625,-0.9394073486328125,-0.03525570828805856,0.016729125260788864,-0.971111414439414
1789900136.796732,-0.0189361572265625,0.090911865234375,-1.007354736328125,-0.031991798075759345,0.03156567325550609,-0.9783600788171561
1789900136.896306,-0.03466796875,0.0173187255859375,-1.0238494873046875,-0.03252703221060748,0.028716283721592375,-0.9874579605146625
1789900136.9959002,-0.0753631591796875,-0.03875732421875,-1.04620361328125,-0.041094257604423486,0.015221562133523901,-0.9992070910679801
1789900137.095257,-0.0403594970703125,0.0097808837890625,-0.9962005615234375,-0.04094730549760129,0.014133426464631622,-0.9986057851590716
1789900137.1947742,-0.037200927734375,0.0223388671875,-0.978759765625,-0.04019802994495603,0.015774514609205297,-0.9946365812522574
1789900137.294271,-0.0396575927734375,0.0438232421875,-0.9820709228515625,-0.04008994251065233,0.02138426012486424,-0.9921234495721185
1789900137.393692,-0.0120697021484375,0.068603515625,-1.010589599609375,-0.03448589443820936,0.030828111224891392,-0.9958166795795699
1789900137.493365,-0.006439208984375,0.0772857666015625,-0.9841461181640625,-0.028876557347442492,0.04011964230022562,-0.9934825672964684
1789900137.592566,-0.03936767578125,0.0592041015625,-1.038238525390625,-0.030974781034203994,0.0439365341526805,-1.0024337589152998
1789900137.6924949,-0.047149658203125,0.0940704345703125,-0.9875335693359375,-0.0342097564679882,0.0539633142362069,-0.9994537209994274
1789900137.791851,-0.0276336669921875,0.0868988037109375,-0.9856109619140625,-0.032894538572828064,0.060550412131153024,-0.9966851691823545
1789900137.891329,-0.0290985107421875,0.0841217041015625,-0.9814300537109375,-0.032135333006699955,0.06526467052523492,-0.9936341460880712
1789900137.99083,-0.0287017822265625,0.1635589599609375,-0.9810333251953125,-0.031448622850672465,0.08492352841237544,-0.9911139819095195
1789900138.090451,-0.0380859375,0.0648040771484375,-0.961181640625,-0.03277608578053798,0.08089963815958787,-0.9851275136526156
1789900138.190167,-0.0205078125,0.1048583984375,-0.985015869140625,-0.030322431124430383,0.0856913902151703,-0.9851051847502176
1789900138.289357,-0.031524658203125,0.089324951171875,-1.00909423828125,-0.030562876540169308,0.08641810240651125,-0.9899029954564241
1789900138.388826,-0.0037078857421875,0.119903564453125,-1.0213165283203125,-0.025191878380572946,0.09311519481583401,-0.9961857020292019
1789900138.488525,-0.0465240478515625,0.101959228515625,-1.0251922607421875,-0.02945831227477086,0.09488400155579221,-1.001987013771799
1789900138.5879722,-0.0031280517578125,0.135101318359375,-1.0083465576171875,-0.02419226017137919,0.10292746491650878,-1.0032589225408768
1789900138.6875172,-0.0234222412109375,0.1582183837890625,-1.02398681640625,-0.024038256379290853,0.11398564869101953,-1.0074045013139514
1789900138.7871041,-0.016326904296875,0.0823211669921875,-1.0011138916015625,-0.022495985962807684,0.10765275235125313,-1.0061463793714738
1789900138.886626,-0.0322418212890625,0.1141815185546875,-0.996307373046875,-0.02444515302805865,0.10895850559194001,-1.004178578106554
1789900138.986053,-0.0335845947265625,0.15167236328125,-1.0130157470703125,-0.02627304136775942,0.11750127712980202,-1.0059460118993058
1789900139.085458,-0.0350341796875,0.10467529296875,-1.03424072265625,-0.028025269031707538,0.11493608029759161,-1.0116049540506946
1789900139.185159,-0.01263427734375,0.1734466552734375,-1.0166473388671875,-0.02494707069411603,0.1266381952927608,-1.0126134310139934
1789900139.284682,-0.014373779296875,0.1848602294921875,-1.0032958984375,-0.022832412414667828,0.13828260213264615,-1.0107499244986946
1789900139.384007,-0.0218048095703125,0.144775390625,-0.966583251953125,-0.022626891845796762,0.13958115983111694,-1.0019165899895808
1789900139.4835281,-0.00726318359375,0.21551513671875,-0.960174560546875,-0.01955415019538741,0.15476795520864356,-0.9935681841010398
1789900139.5830631,9.1552734375e-05,0.2000732421875,-0.9469757080078125,-0.01562500960943493,0.16382901260441485,-0.9842496888823944
1789900139.682934,0.00408935546875,0.1634979248046875,-0.9842681884765625,-0.011682136593797942,0.1637627950444694,-0.984253388801228
1789900139.7821069,-0.0529937744140625,0.1367340087890625,-0.998870849609375,-0.019944464157850852,0.15835703779338803,-0.9871768809628575
1789900139.8816419,-0.0028076171875,0.1909027099609375,-1.0540008544921875,-0.01651709476378068,0.16486617222689795,-1.0005416756687235
1789900139.9809818,-0.022491455078125,0.1604156494140625,-1.0592498779296875,-0.017711966826649547,0.16397606766433087,-1.0122833161209164
1789900140.0806398,-0.01727294921875,0.1663818359375,-0.97552490234375,-0.017624163305069638,0.16445722131896473,-1.0049316333654832
1789900140.1804528,0.0019989013671875,0.233795166015625,-0.9850006103515625,-0.013699550370618211,0.17832481025829677,-1.000945428762699
1789900140.279563,-0.0392608642578125,0.1413726806640625,-0.9600372314453125,-0.01881181314805707,0.17093438433944994,-0.9927637892992218
1789900140.379187,-0.0328369140625,0.1679840087890625,-1.023712158203125,-0.021616833330945658,0.17034430922937244,-0.9989534630800025
1789900140.479144,-0.032806396484375,0.12957763671875,-1.045806884765625,-0.023854745961631528,0.16219097472724794,-1.0083241474171272
1789900140.578567,-0.031341552734375,0.0901947021484375,-1.0578765869140625,-0.025352107316180223,0.14779172021148587,-1.0182346353165144
1789900140.677742,-0.0209808349609375,0.196319580078125,-1.0025177001953125,-0.02447785284513168,0.1574972921848137,-1.015091248292274
1789900140.777235,-0.0114288330078125,0.1170654296875,-0.9462738037109375,-0.021868048877667846,0.14941091968535097,-1.0013277593760068
1789900140.8767018,-0.052703857421875,0.066314697265625,-0.932952880859375,-0.028035210586509277,0.13279167520140578,-0.9876527836726805
1789900140.976344,-0.0258636474609375,0.0908660888671875,-0.9748687744140625,-0.02760089796139492,0.12440655793456212,-0.985095981820957
1789900141.0758538,-0.05096435546875,0.0262603759765625,-1.0241851806640625,-0.03227358946286594,0.1047773215429622,-0.9929138215895781
1789900141.175381,-0.027130126953125,0.0642852783203125,-1.0412445068359375,-0.03124489696091775,0.09667891289843226,-1.00257995863885
1789900141.274622,-0.0182342529296875,0.0729522705078125,-1.0121612548828125,-0.0286427681546717,0.09193358442030831,-1.0044962178876427
1789900141.374295,-0.0285186767578125,0.048614501953125,-0.986175537109375,-0.02861794987529986,0.08326976792687166,-1.0008320817319891
1789900141.474045,-0.0317840576171875,0.055023193359375,-0.9846038818359375,-0.02925117142367739,0.07762045301337232,-0.9975864417527789
1789900141.573241,-0.0407562255859375,0.06427001953125,-0.9662322998046875,-0.031552182256129414,0.07495036631694786,-0.9913156133631607
1789900141.67272,-0.034088134765625,0.00726318359375,-0.971710205078125,-0.03205937275802853,0.06141292977230829,-0.9873945317061535
1789900141.7722812,-0.0381011962890625,0.0262603759765625,-0.996124267578125,-0.03326773746423533,0.05438241901315914,-0.9891404788805479
1789900141.871918,-0.0366668701171875,0.036773681640625,-0.9999542236328125,-0.033947563994825763,0.05086067153865231,-0.9913032278310009
1789900141.971441,-0.043060302734375,-0.028076171875,-1.038055419921875,-0.03577011174273561,0.035073302855921855,-1.0006536662491756
1789900142.070709,-0.00128173828125,0.0364532470703125,-1.0279388427734375,-0.028872437050438488,0.03534929169879999,-1.006110701554028
1789900142.1702452,-0.019561767578125,0.0555267333984375,-0.9850006103515625,-0.027010303155975794,0.039384780038727495,-1.001888683313535
1789900142.269971,-0.0233917236328125,0.057342529296875,-0.9316864013671875,-0.026286587251343134,0.042976329890357,-0.9878482269242655
1789900142.369446,-0.0282745361328125,0.0154571533203125,-0.9377899169921875,-0.026684177027637007,0.037472494576348096,-0.97783656493785
1789900142.469099,-0.03857421875,0.0327301025390625,-0.98431396484375,-0.029062185372109604,0.03652401616889098,-0.97913204491903
1789900142.568671,-0.0365753173828125,0.0178375244140625,-1.0068359375,-0.030564811774250186,0.03278671781792528,-0.9846728234352241
1789900142.668289,-0.0482330322265625,-0.0069732666015625,-1.0337371826171875,-0.03409845586471265,0.024834720934027728,-0.9944856952716169
1789900142.7672691,-0.0223388671875,0.0284881591796875,-1.04205322265625,-0.03174653812927012,0.025565408583159685,-1.0039992007485434
1789900142.867175,-0.02862548828125,0.000579833984375,-1.034576416015625,-0.031122328159666098,0.020568293663402747,-1.01011464380196
1789900142.9665198,-0.0339202880859375,0.0261993408203125,-0.976531982421875,-0.03168192014492038,0.0216945030947847,-1.003398111525943
1789900143.066148,-0.0023345947265625,0.0559234619140625,-1.0112457275390625,-0.025812455061248803,0.02854029485864026,-1.004967634728567
1789900143.165885,-0.0374298095703125,0.0553741455078125,-0.981903076171875,-0.028135925963061546,0.03390706498847471,-1.0003547230172285
1789900143.264997,-0.0050811767578125,-0.001739501953125,-1.0112152099609375,-0.023524976122011737,0.026777751600154772,-1.0025268204059703
1789900143.3645802,-0.0280914306640625,0.0051727294921875,-0.9614715576171875,-0.02443826703042189,0.022456747178561318,-0.9943157678482137
1789900143.4641929,-0.01611328125,0.025238037109375,-1.0063934326171875,-0.022773269874337514,0.023013005164724053,-0.9967313008020086
1789900143.563678,-0.0355072021484375,-0.006683349609375,-0.9871826171875,-0.025320056329157514,0.017073734209904243,-0.9948215640791069
1789900143.663209,-0.0058746337890625,0.0521087646484375,-0.99554443359375,-0.02143097182113851,0.024080740297610898,-0.9949661379820356
1789900143.762858,-0.014404296875,0.0054473876953125,-1.013153076171875,-0.02002563683191081,0.02035406977715122,-0.9986035256200035
1789900143.862284,-0.02276611328125,-0.011260986328125,-1.014556884765625,-0.02057373212177865,0.014031058556095976,-1.001794197449128
1789900143.9617438,-0.0277557373046875,0.0350494384765625,-0.972381591796875,-0.02201013315836042,0.01823473454018928,-0.9959116763186775
1789900144.0614471,-0.033111572265625,-0.0580291748046875,-0.9843597412109375,-0.024230420979813337,0.002981952671213926,-0.9936012892971295
1789900144.160686,-0.0185699462890625,0.0256195068359375,-0.997314453125,-0.023098326041663172,0.007509463504158641,-0.9943439220627037
1789900144.2601461,-0.030609130859375,0.0503997802734375,-1.0177154541015625,-0.024600487005205538,0.016087526858014414,-0.9990182284704755
1789900144.359566,-0.0341644287109375,-0.04046630859375,-0.99664306640625,-0.026513275346351933,0.004776759767661532,-0.9985431960576305
1789900144.459259,0.0019683837890625,-0.00323486328125,-0.9916534423828125,-0.02081694351926905,0.0031744351578792255,-0.997165245322667
1789900144.5588799,-0.02020263671875,-0.0113067626953125,-0.981414794921875,-0.02069408215916524,0.00027819558724088023,-0.9940151552425086
1789900144.658467,-0.031463623046875,-0.0352630615234375,-1.0003662109375,-0.022847990336707192,-0.006830055834894796,-0.9952853663815069
1789900144.757694,-0.0077056884765625,0.0446929931640625,-1.006072998046875,-0.019819529964678253,0.0034745539648966635,-0.9974428927145806
1789900144.857311,-0.02716064453125,-0.0181732177734375,-1.0322265625,-0.021287752877992602,-0.0008550003827701692,-1.0043996266716646
1789900144.9568748,-0.0300445556640625,-0.0355682373046875,-1.016082763671875,-0.023039113435206583,-0.007797647767153636,-1.0067362540717069
1789900145.056481,-0.025115966796875,0.030364990234375,-0.9998931884765625,-0.023454484107540266,-0.00016512016684790912,-1.005367640952678
1789900145.155793,-0.0413970947265625,-0.0293121337890625,-0.9844207763671875,-0.027043006231344716,-0.005994522891290828,-1.0011782680355799
1789900145.255375,-0.024261474609375,0.045257568359375,-1.0045013427734375,-0.026486699906950774,0.004255895358842338,-1.0018428829831514
1789900145.354604,-0.0482177734375,-0.0170135498046875,-0.9698944091796875,-0.03083291461306062,2.0063261363702234e-06,-0.9954531882224587
1789900145.45453,-0.0321807861328125,-0.048065185546875,-1.009124755859375,-0.031102488917010996,-0.009611432048465905,-0.998187501749842
1789900145.553811,-0.0275421142578125,-0.0251007080078125,-0.99090576171875,-0.030390413985171297,-0.012709287240335224,-0.9967311537436236
1789900145.653435,-0.02191162109375,-0.0054168701171875,-1.001312255859375,-0.02869465540688704,-0.01125080381570568,-0.997647374166774
1789900145.7529101,-0.0416717529296875,0.029693603515625,-1.006317138671875,-0.031290074911447134,-0.003061922349439543,-0.9993813270677943
1789900145.8524961,-0.0128173828125,0.045684814453125,-0.9882659912109375,-0.027595536491657708,0.0066874250110733665,-0.9971582598964229
1789900145.9521089,-0.02410888671875,-0.03582763671875,-0.997711181640625,-0.02689820653707617,-0.001815587334891307,-0.9972688442452633
1789900146.0515718,-0.028778076171875,-0.0068511962890625,-0.976898193359375,-0.027274180464035937,-0.002822709125725546,-0.9931947140680857
1789900146.1511521,-0.0300140380859375,-0.0220184326171875,-0.981964111328125,-0.02782215198841625,-0.006661853824017938,-0.9909485935200937
1789900146.2504148,-0.0369873046875,-0.00604248046875,-0.9909515380859375,-0.029655182528233,-0.006537979152964351,-0.9909491824332625
1789900146.3499231,-0.0238189697265625,0.01629638671875,-1.0445404052734375,-0.028487939967898904,-0.0019711059786214806,-1.0016674270012975
1789900146.449748,-0.027801513671875,-0.0593719482421875,-1.01678466796875,-0.028350654708694127,-0.013451274431334686,-1.004690875194788
1789900146.549231,-0.0240325927734375,0.0334625244140625,-1.0525970458984375,-0.027487042321642802,-0.004068514662255249,-1.014272109335518
1789900146.648789,-0.0302886962890625,0.0280609130859375,-1.0474090576171875,-0.028047373115126742,0.0023573708873833006,-1.020899498991852
1789900146.747999,-0.0212554931640625,0.0572509765625,-1.0090789794921875,-0.026688997124913898,0.013336092022406642,-1.0185353950919191
1789900146.8475928,-0.0272369384765625,0.0263824462890625,-1.0053558349609375,-0.02679858539524362,0.015945362875737813,-1.0158994830657229
1789900146.947192,-0.0434722900390625,0.0365753173828125,-0.960723876953125,-0.0301333263240074,0.020071353777152752,-1.0048643618432034
1789900147.0466042,0.012908935546875,0.0291748046875,-0.9553680419921875,-0.02152487394983092,0.021892043959222205,-0.9949650978730002
1789900147.1462998,-0.00103759765625,0.020477294921875,-0.92266845703125,-0.017427418691114735,0.021609094151752765,-0.9805057697046502
1789900147.2456,-0.030792236328125,0.0445709228515625,-1.0216522216796875,-0.020100382218516788,0.026201459891714712,-0.9887350600996577
1789900147.34523,-0.0114898681640625,-0.0005340576171875,-1.0098724365234375,-0.01837827940762593,0.02085435638993427,-0.9929625353844137
1789900147.444652,-0.0168304443359375,0.0329132080078125,-1.022796630859375,-0.018068712393288243,0.02326612671350992,-0.998929354479406
1789900147.544128,-0.024322509765625,0.04559326171875,-1.0176239013671875,-0.019319471867755594,0.02773155371455794,-1.0026682638569624
1789900147.643587,-0.03106689453125,-0.0444793701171875,-0.989776611328125,-0.021668956400454478,0.013289368948208855,-1.000089933351195
1789900147.743164,-0.0021514892578125,0.0554656982421875,-0.9892425537109375,-0.017765462971926084,0.021724634807004584,-0.9979204574231435
1789900147.84269,-0.0169525146484375,0.0196685791015625,-0.99951171875,-0.01760287330722837,0.021313423665916167,-0.9982387096885149
1789900147.942171,-0.0176849365234375,0.0350494384765625,-0.987030029296875,-0.017619285950470197,0.024060626628045437,-0.995996973610187
1789900148.041829,-0.017730712890625,0.0176849365234375,-0.980987548828125,-0.01764157133850116,0.02278548860712385,-0.9929950886537746
1789900148.1412,0.004241943359375,0.02227783203125,-0.998382568359375,-0.013264868398925928,0.02268395729194908,-0.9940725845948948
1789900148.240778,-0.01611328125,0.0420074462890625,-1.0426483154296875,-0.013834550969140744,0.02654865509137177,-1.0037877307618535
1789900148.340186,-0.042694091796875,-0.0623779296875,-1.0219268798828125,-0.019606459134687594,0.008763338135597416,-1.0074155605860453
1789900148.439886,-0.0295562744140625,0.0118408203125,-0.985382080078125,-0.021596422190562577,0.009378834570977934,-1.0030088644844612
1789900148.5390348,-0.0241851806640625,0.028076171875,-1.0411376953125,-0.022114173885262562,0.013118302031782348,-1.010634630650069
1789900148.638928,-0.064300537109375,0.0194854736328125,-1.0233612060546875,-0.030551446530085048,0.014391736351988378,-1.0131799457309927
1789900148.73861,-0.06842041015625,-0.175262451171875,-1.032440185546875,-0.03812523925531804,-0.0235391011527843,-1.0170319936941692
1789900148.8376641,0.0048370361328125,0.0672149658203125,-1.0667266845703125,-0.029532784177691934,-0.005388287758164939,-1.0269709318693978
1789900148.937302,0.028472900390625,0.07720947265625,-1.0240936279296875,-0.017931647264028548,0.01113126432471805,-1.0263954710814558
1789900149.036845,0.007904052734375,0.0421600341796875,-0.939239501953125,-0.012764507264347838,0.01733701829571194,-1.0089642772557896
1789900149.136396,-0.059326171875,-0.0213775634765625,-0.9298553466796875,-0.02207684018647827,0.009594101941257052,-0.9931424911405693
1789900149.235929,-0.02874755859375,0.0171966552734375,-0.97454833984375,-0.023410983867932618,0.011114612607693142,-0.9894236608812055
1789900149.335202,-0.0281829833984375,0.007965087890625,-0.9846954345703125,-0.024365383774033595,0.010484707664279513,-0.9884780156190269
1789900149.435324,0.0086669921875,0.04974365234375,-1.023681640625,-0.01775890858172688,0.018336496600173613,-0.9955187406202216
1789900149.53461,-0.01348876953125,0.0411376953125,-0.9766387939453125,-0.016904880771631502,0.02289673634263889,-0.9917427512852398
1789900149.633831,-0.0276641845703125,-0.01788330078125,-0.9687347412109375,-0.019056741531367702,0.014740728917861113,-0.9871411492703794
1789900149.7334461,-0.0311279296875,-0.0296478271484375,-0.9977874755859375,-0.02147097916259416,0.005863017704601391,-0.9892704145334912
1789900149.8326988,-0.0081939697265625,-0.02423095703125,-1.008941650390625,-0.01881557727538783,-0.00015577724256888702,-0.9932046617049181
1789900149.932333,0.002593994140625,0.0616302490234375,-1.02227783203125,-0.014533662992185266,0.012201428010632391,-0.9990192957701844
1789900150.0321488,-0.03155517578125,0.0001220703125,-0.996307373046875,-0.017937965549998214,0.009785556471005914,-0.9984769112255226
1789900150.131603,-0.0342864990234375,0.0201568603515625,-1.0181732177734375,-0.021207672244686074,0.011859817247117231,-1.0024161725351055
1789900150.2310538,-0.027313232421875,0.0111236572265625,-1.0394134521484375,-0.02242878428012386,0.011712585243006286,-1.009815628457772
1789900150.330529,0.003448486328125,0.0224761962890625,-1.055816650390625,-0.017253330158474085,0.01386530745221753,-1.0190158328443426
1789900150.430407,-0.025421142578125,-0.0829010009765625,-0.981048583984375,-0.01888689264240427,-0.005487954233538478,-1.0114223830723492
1789900150.52964,-0.0446014404296875,-0.0513458251953125,-0.967987060546875,-0.024029802199860915,-0.014659528425893284,-1.0027353185672545
1789900150.629111,-0.016204833984375,-0.0086517333984375,-1.043060302734375,-0.022464808556763735,-0.013457969420402128,-1.0108003154006786
1789900150.72863,-0.0131988525390625,-0.0054779052734375,-1.0035552978515625,-0.020611617353223487,-0.011861956591009203,-1.0093513118908555
1789900150.828105,-0.0037689208984375,0.03924560546875,-0.9764556884765625,-0.01724307806226629,-0.001640444179057364,-1.0027721872079969
1789900150.927958,-0.000823974609375,0.030181884765625,-1.0044403076171875,-0.013959257371688034,0.004724021609879109,-1.003105811289835
1789900151.027123,-0.0109100341796875,0.0278778076171875,-0.9981231689453125,-0.013349412733287928,0.009354778811340787,-1.0021092828209306
1789900151.126575,-0.0162506103515625,0.034576416015625,-0.98822021484375,-0.013929652256942843,0.014399106252197631,-0.9993314692254945
1789900151.2262,-0.00592041015625,0.0188446044921875,-0.8825225830078125,-0.012327803836804275,0.015288205900195605,-0.9759696919819582
1789900151.325704,-0.0370025634765625,-0.04742431640625,-1.01129150390625,-0.017262755764755923,0.0027457014389064838,-0.9830340543668166
1789900151.425273,-0.0039520263671875,0.0689697265625,-0.990753173828125,-0.014600609885242238,0.01599050646362519,-0.9845778782590783
1789900151.52473,-0.021759033203125,-0.025299072265625,-0.998748779296875,-0.01603229454881879,0.007732590717775151,-0.9874120584666377
1789900151.624265,-0.0321197509765625,0.0644683837890625,-1.076751708984375,-0.019249785834367532,0.01907974933203262,-1.0052799885701853
1789900151.723634,-0.0243682861328125,0.015716552734375,-1.092681884765625,-0.020273485894056528,0.018407110012501095,-1.0227603678092732
1789900151.8232288,-0.011016845703125,0.01141357421875,-1.026702880859375,-0.018422157855870223,0.017008402853750874,-1.0235488704192937
1789900151.9226608,-0.0382232666015625,-0.0278472900390625,-0.9791412353515625,-0.02238237960500868,0.008037264275188201,-1.0146673434057474
1789900152.022227,-0.041412353515625,0.0168914794921875,-0.939697265625,-0.026188374387131945,0.00980810731858806,-0.999673327849598
1789900152.1218119,-0.03570556640625,0.003265380859375,-1.0041961669921875,-0.02809181279095556,0.008499562026745448,-1.000577895678116
1789900152.222372,-0.045135498046875,0.057373046875,-1.0225982666015625,-0.03150054984213945,0.01827425899639636,-1.0049819698628053
1789900152.320776,-0.0489654541015625,0.0041046142578125,-1.001922607421875,-0.03499353069402406,0.015440330048679587,-1.0043700973746192
1789900152.420264,-0.0347900390625,0.0504150390625,-0.9822235107421875,-0.03495283236771925,0.022435271851443672,-0.999940780048133
1789900152.519785,-0.0596466064453125,-0.0692596435546875,-0.9673004150390625,-0.0398915871832379,0.004096288770217437,-0.9934127070463189
1789900152.6193209,-0.037139892578125,-0.0237884521484375,-0.971343994140625,-0.03934124826221533,-0.0014806594135135507,-0.9889989644651801
1789900152.71903,-0.045379638671875,0.00921630859375,-0.97064208984375,-0.040548926344147265,0.0006587341879391595,-0.9853275895408942
1789900152.818604,-0.067047119140625,0.03314208984375,-0.9981231689453125,-0.045848564903442815,0.007155405319101328,-0.9878867054217778
1789900152.9185162,-0.0342559814453125,0.0478973388671875,-1.0319976806640625,-0.04353004821181675,0.015303792028718564,-0.9967089004702347
1789900153.01742,-0.1024627685546875,0.01947021484375,-1.13189697265625,-0.0553165922803909,0.016137076591724853,-1.0237465149074378
1789900153.1169071,-0.0442352294921875,0.23992919921875,-1.0826263427734375,-0.05310031972275023,0.06089550111712989,-1.0355224804806378
1789900153.2164469,-0.074249267578125,0.051177978515625,-1.032318115234375,-0.05733010929382519,0.05895199659682891,-1.0348816074313854
1789900153.316036,-0.028594970703125,-0.031890869140625,-0.971099853515625,-0.051583081575685155,0.040783423449338135,-1.0221252566482333
1789900153.415592,-0.048980712890625,0.112884521484375,-0.9877471923828125,-0.05106260783867313,0.05520364305634551,-1.0152496437951493
1789900153.514967,-0.0540771484375,0.04290771484375,-0.922943115234375,-0.051665515958438504,0.05274445741382641,-0.9967883380829945
1789900153.61444,-0.063079833984375,0.0844573974609375,-0.9796142578125,-0.05394837956362581,0.059087045423248635,-0.9933535220288956
1789900153.71417,-0.0641937255859375,0.1115264892578125,-1.027435302734375,-0.055997448768088154,0.06957493419016142,-1.0001698781699915
1789900153.81351,-0.09100341796875,0.0027618408203125,-1.0302276611328125,-0.06299864260822052,0.05621231551619164,-1.0061814347625557
1789900153.9130359,-0.0789794921875,0.0351409912109375,-1.01824951171875,-0.06619481252407643,0.051998050655140814,-1.0085950501537946
1789900154.0126638,-0.10235595703125,-0.0291290283203125,-1.006988525390625,-0.07342704142551115,0.035772634860050154,-1.0082737452011608
1789900154.1121821,-0.04669189453125,0.0075531005859375,-0.98931884765625,-0.06808001204665892,0.030128728005227624,-1.0044827656921786
1789900154.211557,-0.0575103759765625,0.0835723876953125,-0.9722442626953125,-0.06596608483263965,0.0408174599432446,-0.9980350650928055
1789900154.311088,-0.0725250244140625,-0.080657958984375,-0.9629364013671875,-0.06727787274892422,0.01652237615772068,-0.9910153323476819
1789900154.410555,-0.0509185791015625,0.079010009765625,-0.9547119140625,-0.06400601401945188,0.029019902879301545,-0.9837546486906456
1789900154.510233,-0.05889892578125,0.0481109619140625,-0.9839324951171875,-0.0629845963718115,0.032838114686253736,-0.983790217975954
1789900154.609582,-0.0741729736328125,0.074981689453125,-1.015625,-0.0652222718240117,0.041266829639627994,-0.9901571743807632
1789900154.709095,-0.0673828125,-0.0252532958984375,-0.958953857421875,-0.06565437995920936,0.027962804532014898,-0.9839165109889856
1789900154.808634,-0.069549560546875,0.0308990478515625,-0.971710205078125,-0.0664334160767425,0.02855005319592442,-0.9814752498068136
1789900154.9080892,-0.073883056640625,0.05126953125,-1.0183258056640625,-0.06792334418951901,0.033093948806739534,-0.9888453609782634
1789900155.007837,-0.0648193359375,0.003875732421875,-1.006317138671875,-0.06730254253911522,0.02725030552976663,-0.9923397165169857
1789900155.107271,-0.0770263671875,0.001556396484375,-0.963836669921875,-0.06924730746879218,0.022111523720688305,-0.9866391071979637
1789900155.206633,-0.065673828125,0.0135040283203125,-0.958251953125,-0.06853261160003375,0.020390024640613146,-0.980961676383371
1789900155.306301,-0.078399658203125,0.0310821533203125,-0.97052001953125,-0.070506020920652,0.02252845037655302,-0.9788733450129469
1789900155.406543,-0.0848388671875,-0.024017333984375,-1.03131103515625,-0.0733725901740216,0.013219293504367416,-0.9893608830416075
1789900155.505021,-0.057159423828125,-0.011199951171875,-1.002349853515625,-0.07012995690484229,0.008335444569118933,-0.9919586771364111
1789900155.604758,-0.0697021484375,0.013336181640625,-0.98101806640625,-0.07004439521137384,0.009335591983420148,-0.9897705549903789
1789900155.7044249,-0.059722900390625,0.0530242919921875,-0.958099365234375,-0.06798009624722408,0.018073331985173618,-0.9834363170391782
1789900155.803705,-0.061126708984375,0.08245849609375,-0.9583587646484375,-0.06660941879465426,0.030950364806888894,-0.9784208065610301
1789900155.902993,-0.0625,0.0947418212890625,-0.995758056640625,-0.06578753503572342,0.04370865610332362,-0.9818882565769491
1789900156.002949,-0.072540283203125,0.0438690185546875,-1.038818359375,-0.06713808466920373,0.043740728593596394,-0.9932742771365594
1789900156.102231,-0.103424072265625,-0.0081634521484375,-1.0083465576171875,-0.074395282188488,0.033359892445189616,-0.996288733232685
1789900156.2019901,-0.0970611572265625,-0.047088623046875,-1.0349273681640625,-0.0789284571961029,0.017270189346776692,-1.0040164602189605
1789900156.301783,-0.1004638671875,-0.0093841552734375,-1.0013580322265625,-0.08323553919438233,0.011939320422733855,-1.003484774620481
1789900156.400765,-0.1203155517578125,0.0039520263671875,-0.975799560546875,-0.09065154170706836,0.010341861611624583,-0.9979477318057598
1789900156.5002131,-0.0787353515625,-0.0417633056640625,-1.001373291015625,-0.08826830367815469,-7.917184351283191e-05,-0.998632843647733
1789900156.599725,-0.1016693115234375,-0.0487060546875,-0.995391845703125,-0.09094850524721126,-0.009804548412310267,-0.9979846440588115
1789900156.699208,-0.147247314453125,-0.0109100341796875,-0.8813323974609375,-0.10220826708839402,-0.010025645565785715,-0.9746541947392368
1789900156.7988338,-0.0787353515625,0.038177490234375,-0.9745941162109375,-0.09751368398321522,-0.00038501840575357136,-0.9746421790335769
1789900156.8989449,-0.0833282470703125,0.0757598876953125,-0.979644775390625,-0.09467659660063468,0.014843962814459643,-0.9756426983049865
1789900156.998626,-0.113616943359375,0.051361083984375,-0.9808502197265625,-0.09846466595238275,0.022147387048442716,-0.9766842025893017
1789900157.097378,-0.091796875,0.0521697998046875,-0.9689178466796875,-0.0971311077619062,0.028151869599691674,-0.9751309314073789
1789900157.197073,-0.0800018310546875,0.08245849609375,-1.04705810546875,-0.09370525242046247,0.03901319489850334,-0.9895163662196532
1789900157.2965589,-0.1113433837890625,-0.075897216796875,-1.066741943359375,-0.09723287869418248,0.01603111255942767,-1.0049614816475976
1789900157.3960629,-0.1318359375,-0.0708770751953125,-0.9742431640625,-0.104153490455346,-0.0013505249915203629,-0.9988178181305781
1789900157.495471,-0.1035308837890625,-0.035797119140625,-1.0126800537109375,-0.10402896912208931,-0.00823984382134129,-1.0015902652466502
1789900157.5950499,-0.11676025390625,-0.002288818359375,-0.93212890625,-0.10657522607892145,-0.007049638728948033,-0.9876979934473201
1789900157.694536,-0.1109619140625,0.020172119140625,-1.0044708251953125,-0.10745256367563716,-0.0016052871550334257,-0.9910525597969186
1789900157.794056,-0.0911407470703125,-0.010650634765625,-1.00537109375,-0.10419020035457224,-0.0034143566771517404,-0.993916266587535
1789900157.89362,-0.1153564453125,-0.0585479736328125,-1.0146026611328125,-0.1064234493461578,-0.014441080068283894,-0.9980535454965905
1789900157.993253,-0.1286468505859375,-0.0435638427734375,-0.9952239990234375,-0.11086812959411374,-0.02026563260931462,-0.9974876362019599
1789900158.0925841,-0.062225341796875,0.0712890625,-1.03033447265625,-0.101139572034666,-0.0019546935874516953,-1.004057003492818
1789900158.192072,-0.104461669921875,0.045501708984375,-1.0382080078125,-0.1018039916121078,0.0075365869269136436,-1.0108872043567545
1789900158.2916532,-0.1095428466796875,0.004638671875,-0.94268798828125,-0.10335176262562375,0.006957003916530915,-0.9972473611416537
1789900158.3912559,-0.1158599853515625,0.0225067138671875,-0.9637908935546875,-0.10585340717081151,0.010066945906662232,-0.9905560676242605
1789900158.490635,-0.101715087890625,0.0634765625,-1.006683349609375,-0.10502574331477421,0.020748869225329786,-0.9937815240212835
1789900158.590064,-0.100738525390625,0.0209808349609375,-1.0349273681640625,-0.10416829972994437,0.02079526237245133,-1.0020106928498393
1789900158.68961,-0.0774383544921875,0.1020355224609375,-1.1406707763671875,-0.098822310682393,0.03704331439014856,-1.0297427095533092
1789900158.789181,-0.0792388916015625,0.087066650390625,-0.9906158447265625,-0.09490562686622692,0.04704798159024385,-1.02191733658796
1789900158.888644,-0.08648681640625,0.0280609130859375,-0.9914398193359375,-0.09322186477423154,0.043250567889382585,-1.0158218331375555
1789900158.988401,-0.09344482421875,0.0351104736328125,-0.9378204345703125,-0.09326645666313524,0.04162254903806857,-1.000221553424107
1789900159.0877829,-0.1312713623046875,0.0333709716796875,-0.9943389892578125,-0.1008674377914457,0.03997223356639236,-0.9990450405908482
1789900159.187262,-0.1172027587890625,0.016845703125,-1.079193115234375,-0.10413450199096906,0.03534692747811389,-1.0150746555195536
1789900159.2869701,-0.097747802734375,0.094757080078125,-1.058624267578125,-0.10285716213965025,0.04722895799811611,-1.023784577931268
1789900159.3863358,-0.101470947265625,0.0336151123046875,-1.0200042724609375,-0.10257991916484521,0.04450618885943039,-1.023028516837202
1789900159.48579,-0.114532470703125,0.0279388427734375,-0.94696044921875,-0.10497042947250117,0.04119271964223181,-1.0078149033135118
1789900159.5853639,-0.147064208984375,-0.0081024169921875,-1.004241943359375,-0.11338918537487594,0.03133369231534795,-1.0071003113226844
1789900159.6849241,-0.15533447265625,0.0562286376953125,-0.9564971923828125,-0.12177824283115075,0.03631268139134086,-0.9969796875347101
1789900159.784624,-0.1112213134765625,0.01580810546875,-0.9846038818359375,-0.11966685696023312,0.03221176620682269,-0.9945045263949557
1789900159.88395,-0.1602020263671875,0.026336669921875,-0.9759979248046875,-0.127773890841624,0.03103674694983315,-0.9908032060769021
1789900159.983461,-0.1383514404296875,0.046173095703125,-1.0064697265625,-0.1298894007592367,0.03406401670049152,-0.9939365101740217
1789900160.0829182,-0.1540069580078125,0.0361785888671875,-1.0547637939453125,-0.13471291220895185,0.03448693113383072,-1.0061019669282798
1789900160.182489,-0.1528167724609375,0.0229949951171875,-1.0395660400390625,-0.138333684259349,0.03218854393050208,-1.0127947815504363
1789900160.282106,-0.1411895751953125,0.026580810546875,-1.049835205078125,-0.1389048624465417,0.031066997253776665,-1.0202028662559741
1789900160.381424,-0.151275634765625,0.000579833984375,-1.04913330078125,-0.14137901691035837,0.024969564599896334,-1.0259889531610293
1789900160.480849,-0.1570281982421875,0.0242919921875,-1.0189361572265625,-0.1445088531767242,0.02483405011741707,-1.024578393974136
1789900160.580312,-0.153594970703125,0.0737762451171875,-1.0145721435546875,-0.14632607668200437,0.03462248911737116,-1.0225771438902462
1789900160.679953,-0.168212890625,-0.040863037109375,-0.9898529052734375,-0.1507034394706035,0.019525383872021927,-1.0160322961668846
1789900160.7795691,-0.1605682373046875,-0.0695953369140625,-0.9996795654296875,-0.1526763990374203,0.0017012397148050418,-1.0127617500194452
1789900160.878895,-0.155487060546875,0.012451171875,-0.997802734375,-0.15323853133931126,0.0038512261468440336,-1.009769946890556
1789900160.978883,-0.1340789794921875,0.011749267578125,-0.972320556640625,-0.14940662096988652,0.0054308344331002265,-1.00228006884057
1789900161.0783548,-0.1314544677734375,0.0420379638671875,-1.01666259765625,-0.14581619033059673,0.01275226031991768,-1.005156574603706
1789900161.177562,-0.169891357421875,-0.0188446044921875,-0.983001708984375,-0.1506312237488524,0.006432887357496645,-1.0007256014798398
1789900161.277396,-0.180877685546875,-0.0363616943359375,-0.9599456787109375,-0.15668051610845693,-0.002126028981190184,-0.9925696169260594
1789900161.376452,-0.1488037109375,-0.0334014892578125,-0.9537506103515625,-0.15510515507426553,-0.008381121036514647,-0.9848058156111601
1789900161.475967,-0.1387939453125,0.0387420654296875,-0.9754486083984375,-0.15184291312191245,0.0010435162567257817,-0.9829343741686156
1789900161.575537,-0.15625,0.02783203125,-0.9783782958984375,-0.15272433049752998,0.006401219255380626,-0.9820231585145801
1789900161.675065,-0.16790771484375,0.0462646484375,-1.0511016845703125,-0.155761007366774,0.0143739050918045,-0.9958388637257266
1789900161.7744942,-0.13824462890625,0.0480194091796875,-0.9887847900390625,-0.15225773167466922,0.021103005909381103,-0.9944280489883939
1789900161.873983,-0.1082611083984375,0.0192413330078125,-0.9878692626953125,-0.14345840701942286,0.020730671329067384,-0.9931162917297776
1789900161.9735,-0.1142578125,-0.27764892578125,-1.0592498779296875,-0.1376182881155383,-0.0389452480929961,-1.0063430089697596
1789900162.0730171,-0.089935302734375,0.1817626953125,-1.139129638671875,-0.12808169103930564,0.0051963405881031224,-1.0329003349101826
1789900162.172442,-0.1566619873046875,0.096282958984375,-0.937530517578125,-0.13379775029238203,0.023413664267357498,-1.0138263714437712
1789900162.272274,-0.0929718017578125,-0.0450439453125,-0.9683837890625,-0.12563256058546812,0.009722142351385998,-1.004737854967517
1789900162.371646,-0.146392822265625,0.0687103271484375,-0.9814910888671875,-0.1297846129214995,0.0215197793107963,-1.0000885017474512
1789900162.471239,-0.129913330078125,0.0754241943359375,-0.9769439697265625,-0.12981035635282462,0.03230066231582454,-0.9954595953432736
1789900162.5706902,-0.1339111328125,0.05596923828125,-0.9815521240234375,-0.1306305116447597,0.03703437750890964,-0.9926781010793064
1789900162.6702418,-0.162689208984375,0.08331298828125,-0.9846343994140625,-0.13704225111268276,0.046290099663377715,-0.9910693607462577
1789900162.7696881,-0.200164794921875,0.01239013671875,-0.989990234375,-0.14966675987452122,0.039510107074452176,-0.9908535354720063
1789900162.8691921,-0.2002410888671875,0.073760986328125,-0.9809722900390625,-0.15978162567305448,0.04636028292518674,-0.9888772863854176
1789900162.968776,-0.203826904296875,0.053436279296875,-1.0008392333984375,-0.1685906813978186,0.0477754821995244,-0.9912696757880217
1789900163.068126,-0.2110595703125,0.055572509765625,-0.9867401123046875,-0.17708445918075488,0.049334887712744524,-0.990363763091355
1789900163.16783,-0.2082672119140625,0.013275146484375,-0.9437408447265625,-0.18332100972741644,0.04212293946707062,-0.9810391794183966
1789900163.267492,-0.1836700439453125,0.0969085693359375,-0.98236083984375,-0.18339081657099565,0.053080065440843996,-0.9813035115034673
1789900163.366874,-0.18963623046875,0.06256103515625,-0.9825592041015625,-0.18463989935054653,0.0549762593839252,-0.9815546500230864
1789900163.466401,-0.1761016845703125,0.0219879150390625,-0.9510650634765625,-0.18293225639449975,0.048378590514952656,-0.9754567327137817
1789900163.5657501,-0.1764678955078125,0.044647216796875,-1.0148162841796875,-0.1816393842171623,0.04763231577133713,-0.983328643006963
1789900163.6652079,-0.1809844970703125,0.0839080810546875,-0.9810943603515625,-0.18150840678779237,0.0548874688280072,-0.982881786475883
1789900163.765184,-0.1825408935546875,0.0819549560546875,-0.9947662353515625,-0.18171490414117142,0.06030096627334326,-0.9852586762510189
1789900163.8643188,-0.1993560791015625,0.0438232421875,-1.0426788330078125,-0.18524313913324963,0.05700542145617461,-0.9967427076023777
1789900163.964215,-0.1689910888671875,0.088287353515625,-0.9864959716796875,-0.18199272908003722,0.06326180786806469,-0.9946933604178396
1789900164.063425,-0.16339111328125,0.0843505859375,-0.984893798828125,-0.1782724059202798,0.06747956348195176,-0.9927334480998968
1789900164.163049,-0.137298583984375,0.073883056640625,-0.9958038330078125,-0.17007764153309884,0.06876026211368641,-0.99334752508148
1789900164.26284,-0.1480255126953125,0.034637451171875,-0.9882354736328125,-0.16566721576554158,0.061935699925324134,-0.9923251147917466
1789900164.362006,-0.1757659912109375,0.0729827880859375,-0.9621124267578125,-0.16768697085462075,0.06414511755744681,-0.9862825771849598
1789900164.46145,-0.177764892578125,0.08966064453125,-0.965087890625,-0.16970255519932162,0.06924822295220745,-0.9820436398729678
1789900164.561215,-0.118011474609375,0.1662445068359375,-0.9869537353515625,-0.1593643390813323,0.08864747972895345,-0.9830256589686868
1789900164.660386,-0.1825408935546875,-0.00103759765625,-0.959564208984375,-0.16399964997600336,0.07071046425191276,-0.9783333689718245
1789900164.76004,-0.1910858154296875,0.009002685546875,-0.9677734375,-0.1694168830667402,0.058368908510905204,-0.9762213826774597
1789900164.859479,-0.1948699951171875,0.0675506591796875,-0.9741363525390625,-0.17450750547682967,0.06020525864466167,-0.9758043766497804
1789900164.959054,-0.2209930419921875,0.1156768798828125,-0.9648590087890625,-0.18380461277990123,0.07129958289229184,-0.9736153030776368
1789900165.058373,-0.2087860107421875,0.064453125,-0.9866180419921875,-0.1888008923723585,0.06993029131383348,-0.976215850860547
1789900165.1585,-0.1945953369140625,0.0392608642578125,-0.98858642578125,-0.18995978128069932,0.06379640590262929,-0.9786899658446876
1789900165.257904,-0.2083587646484375,0.024444580078125,-0.986480712890625,-0.19363957795424697,0.05592604073772844,-0.9802481152538751
1789900165.356992,-0.2166748046875,-0.0032501220703125,-0.97247314453125,-0.1982466233008976,0.04409080817612025,-0.9786931211093501
1789900165.456604,-0.232452392578125,0.024566650390625,-0.98876953125,-0.20508777715634308,0.0401859766190212,-0.9807084031374802
1789900165.556009,-0.193939208984375,0.023590087890625,-0.9470062255859375,-0.20285806352194946,0.03686679887334196,-0.9739679676271716
1789900165.655644,-0.145477294921875,-0.0150299072265625,-0.9748992919921875,-0.1913819098019346,0.02648745765336107,-0.9741542325001749
1789900165.755117,-0.076751708984375,-0.023345947265625,-0.980316162109375,-0.16845586963842268,0.016520776669563857,-0.975386618422015
1789900165.854671,-0.0660858154296875,-0.0561676025390625,-1.013671875,-0.14798185879667566,0.0019831008278385857,-0.983043669737612
1789900165.9544039,-0.0425872802734375,-0.0008544921875,-0.8896484375,-0.12690294309202804,0.0014155822247708687,-0.9643646232900898
1789900166.053266,-0.0682373046875,0.1011962890625,-0.932952880859375,-0.11516981541112245,0.021371723592316698,-0.9580822748039469
1789900166.152979,-0.1428070068359375,-0.040130615234375,-1.0704345703125,-0.12069725369608547,0.009071255826978358,-0.9805527339056576
1789900166.252841,-0.136444091796875,0.1017303466796875,-1.3228302001953125,-0.12384662131624338,0.027603073997520187,-1.0490082271635885
1789900166.352176,-0.0596466064453125,0.140960693359375,-1.0157928466796875,-0.11100661834205722,0.05027459786989115,-1.0423651510668084
1789900166.451561,-0.135650634765625,-0.142822265625,-0.7866363525390625,-0.11593542162677078,0.011655225170912921,-0.9912193913612592
1789900166.551225,0.0389251708984375,0.0112457275390625,-0.918365478515625,-0.08496330312172913,0.011573325644542836,-0.9766486087921324
1789900166.6505442,0.01092529296875,-0.028900146484375,-0.9555511474609375,-0.06578558390363332,0.0034786312187592696,-0.9724291165258935
1789900166.750307,-0.1415863037109375,0.0694122314453125,-0.9787750244140625,-0.08094572786509416,0.016665351264069917,-0.9736982981035274
1789900166.849844,-0.1309051513671875,0.14544677734375,-1.0811004638671875,-0.09093761256551283,0.042421636480005936,-0.9951787312562594
1789900166.94944,-0.062652587890625,-0.0650482177734375,-0.9868316650390625,-0.08528060763053527,0.02092766562931725,-0.99350931801282
1789900167.048868,-0.024627685546875,-0.0140838623046875,-0.948272705078125,-0.07315002321380322,0.013925360042516299,-0.9844619954258811
1789900167.148428,-0.00836181640625,-0.04400634765625,-0.990753173828125,-0.06019238185229258,0.0023390185027630395,-0.9857202311063299
1789900167.2483048,0.019439697265625,0.00091552734375,-0.984039306640625,-0.04426596602870907,0.0020543202709604317,-0.985384046213189
1789900167.347333,-0.0092010498046875,-0.04278564453125,-0.9910736083984375,-0.03725298278390475,-0.006913672689481656,-0.9865219586502387
1789900167.446986,0.001251220703125,-0.0198822021484375,-1.0012969970703125,-0.0295521420864988,-0.009507378581272825,-0.9894769663342535
1789900167.54663,0.038116455078125,-0.0043792724609375,-0.9727630615234375,-0.01601842265357404,-0.008481757357205761,-0.9861341853720904
1789900167.6459708,0.0475006103515625,-0.0377044677734375,-1.0037994384765625,-0.003314616052546732,-0.01432629944045211,-0.9896672359929849
1789900167.745435,0.0397186279296875,-0.03515625,-0.9830169677734375,0.005292032743900115,-0.01849228955236169,-0.9883371823490754
1789900167.845065,0.0619659423828125,-0.007843017578125,-0.98455810546875,0.01662681467168259,-0.016362435157514354,-0.9875813669730105
1789900167.944366,0.0573272705078125,-0.0158233642578125,-1.00164794921875,0.024766905838908573,-0.016254620977573984,-0.9903946834221584
1789900168.043963,0.063385009765625,-0.02215576171875,-0.9762420654296875,0.032490526624251864,-0.017434849125809188,-0.9875641598236643
1789900168.143546,0.057708740234375,-0.0095672607421875,-1.00335693359375,0.03753416934627649,-0.015861331449084852,-0.9907227145776816
1789900168.243036,0.0436859130859375,-0.0236053466796875,-0.9938812255859375,0.038764518094208694,-0.017410134495205384,-0.9913544167793328
1789900168.342462,0.0644989013671875,0.0253448486328125,-0.985015869140625,0.043911394748804455,-0.008859137869601807,-0.9900867072515913
1789900168.441965,0.0537872314453125,0.0010223388671875,-0.977996826171875,0.04588656208810606,-0.006882842522243946,-0.9876687310356481
1789900168.541652,0.065032958984375,-0.0058746337890625,-1.00469970703125,0.049715841467359856,-0.006681200775607657,-0.9910749262347686
1789900168.641005,0.056549072265625,-0.0091400146484375,-1.0164947509765625,0.05108248762701288,-0.007172963550173626,-0.9961588911831274
1789900168.740361,0.0630950927734375,0.0062713623046875,-1.0106964111328125,0.05348500865629781,-0.004484098379201402,-0.9990663951730645
1789900168.840035,0.060089111328125,-0.0071258544921875,-1.001800537109375,0.05480582919066325,-0.005012449601798622,-0.9996132235603267
1789900168.9394279,0.0645599365234375,-0.0222930908203125,-0.993133544921875,0.056756650657218105,-0.008468577845501398,-0.9983172878326363
1789900169.0390182,0.0566253662109375,0.0024871826171875,-0.9964447021484375,0.05673039376796199,-0.006277425752963618,-0.9979427706957965
1789900169.138381,0.076446533203125,0.013397216796875,-1.01824951171875,0.0606736216549946,-0.002342497242995895,-1.0020041189003872
1789900169.238658,0.072906494140625,0.02044677734375,-1.0071563720703125,0.06312019615212068,0.002215357674353284,-1.0030345695343723
1789900169.33793,0.066436767578125,0.00567626953125,-1.0107574462890625,0.06378351043732154,0.0029075400457326274,-1.0045791448853103
1789900169.43711,0.0841064453125,0.0193023681640625,-1.005401611328125,0.06784809741235723,0.006186505669398603,-1.0047436381738732
1789900169.5368218,0.0894012451171875,0.012664794921875,-1.0359344482421875,0.07215872695332329,0.007482163519893882,-1.0109818001875361
1789900169.636149,0.1220550537109375,-0.0570220947265625,-0.9912567138671875,0.08213799230484614,-0.005418688129397395,-1.0070367829234665
1789900169.73566,0.123321533203125,0.0151214599609375,-1.0043792724609375,0.09037470048450191,-0.001310658511330416,-1.006505280830961
1789900169.835147,0.1085662841796875,0.062530517578125,-0.9886016845703125,0.09401301722353904,0.011457576706560668,-1.0029245615788314
1789900169.934647,0.1101226806640625,0.066131591796875,-0.999481201171875,0.09723494991164375,0.022392379724623535,-1.0022358894974401
1789900170.034272,0.0800018310546875,0.0343170166015625,-0.98822021484375,0.09378832614025251,0.024777307100011327,-0.9994327545667022
1789900170.1336079,0.086517333984375,0.053466796875,-0.98968505859375,0.09233412770907701,0.030515205055009063,-0.9974832153721118
1789900170.23331,0.0432891845703125,0.024139404296875,-1.0261993408203125,0.0825251390813241,0.029240044903382254,-1.0032264404617521
1789900170.3328938,0.0966796875,0.0154266357421875,-0.9917755126953125,0.08535604876505928,0.026477363071143307,-1.0009362549084644
1789900170.432177,0.0936431884765625,-0.0387725830078125,-1.0295562744140625,0.08701347670735993,0.013427373855352146,-1.006660258809584
1789900170.531935,0.1000213623046875,0.0111541748046875,-1.005767822265625,0.08961505382682544,0.012972734045219219,-1.0064817715007923
1789900170.631247,0.1110992431640625,-0.0047454833984375,-0.962921142578125,0.09391189169427286,0.009429090556487874,-0.9977696457162588
1789900170.730815,0.1027069091796875,0.0276336669921875,-0.9568634033203125,0.09567089519135578,0.0130700058436278,-0.9895883972370696
1789900170.8303552,0.118743896484375,0.13665771484375,-1.0161590576171875,0.10028549544995963,0.03778754764365224,-0.9949025293130932
1789900170.929769,0.098358154296875,0.0897979736328125,-0.9694976806640625,0.0999000272193427,0.048189632841484295,-0.9898215595832871
1789900171.029395,0.0900726318359375,0.073822021484375,-0.983489990234375,0.09793454814266167,0.053316110570062435,-0.9885552457135047
1789900171.128808,0.0978851318359375,0.054656982421875,-0.9964141845703125,0.09792466488131685,0.05358428494042495,-0.9901270334848664
1789900171.2283878,0.0718231201171875,-0.0049285888671875,-1.0041046142578125,0.092704355928491,0.041881710178902465,-0.9929225496394557
1789900171.32799,0.037078857421875,-0.0589447021484375,-0.941925048828125,0.0815792562271678,0.021716427713434475,-0.9827230494771896
1789900171.4275,0.037445068359375,0.0518646240234375,-1.01214599609375,0.07275241865360925,0.02774606697543508,-0.9886076388005017
1789900171.527265,0.066375732421875,0.1557769775390625,-1.10406494140625,0.0714770814072624,0.05335224908816057,-1.0116990993216515
1789900171.626546,0.088775634765625,0.0644073486328125,-0.942352294921875,0.07493679207893493,0.05556326899709095,-0.9978297384416962
1789900171.7258692,0.0748291015625,0.0480499267578125,-1.0200042724609375,0.07491525397564795,0.05406060054923527,-1.0022646452455444
1789900171.825406,0.066162109375,0.0171966552734375,-0.9781494140625,0.07316462505551836,0.04668781149407572,-0.9974415990089356
1789900171.924901,0.0362091064453125,-0.2170562744140625,-0.8330535888671875,0.06577352133347719,-0.006061005687551919,-0.964563996980586
1789900172.024599,0.07196044921875,0.04052734375,-1.065032958984375,0.06701090691053176,0.003256664199958465,-0.9846577893813439
1789900172.1241531,0.0379791259765625,0.0418548583984375,-1.0256195068359375,0.06120455072373791,0.010976303039654273,-0.9928501328722626
1789900172.223506,0.065765380859375,0.2075958251953125,-0.9995574951171875,0.06211671675086533,0.05030020747078592,-0.9941916053212477
1789900172.322938,0.112884521484375,0.114776611328125,-1.001251220703125,0.07227027769756728,0.06319548824225374,-0.9956035283976232
1789900172.422621,0.1240081787109375,0.148468017578125,-0.9895477294921875,0.08261785790024131,0.08024999410942799,-0.9943923686165361
1789900172.522492,0.092254638671875,0.135772705078125,-0.9615478515625,0.08454521405456805,0.0913545363031674,-0.987823465205729
1789900172.621529,0.03143310546875,-0.021087646484375,-1.0267791748046875,0.07392279233740444,0.06886609974565892,-0.9956146071255207
1789900172.72154,0.082763671875,0.0267486572265625,-1.0947418212890625,0.07569096824492355,0.06044261124183964,-1.015440049958229
1789900172.820737,0.0842742919921875,0.0010833740234375,-1.0402069091796875,0.07740763299437635,0.04857076379815921,-1.0203934218025208
1789900172.920193,0.0111083984375,0.1194610595703125,-1.040191650390625,0.06414778608300109,0.06274882295258988,-1.0243530675201415
1789900173.019645,0.1164398193359375,0.02264404296875,-0.9567413330078125,0.07460619273358837,0.05472786695582191,-1.0108307206176759
1789900173.119204,0.0640716552734375,-0.0267333984375,-0.88665771484375,0.0724992852415582,0.03843561387715753,-0.9859961194628907
1789900173.218914,0.0051727294921875,-0.0025177001953125,-1.006378173828125,0.059033974091684066,0.030244951062663523,-0.9900725303359377
1789900173.3183231,0.0407562255859375,0.0553436279296875,-1.00653076171875,0.05537842439053475,0.035264686436068324,-0.9933641766125002
1789900173.418099,0.1014251708984375,0.089324951171875,-1.0439453125,0.0645877736921153,0.04607673938322966,-1.0034804037900003
1789900173.517858,0.0599365234375,0.0689239501953125,-0.987701416015625,0.06365752364119225,0.050646181545646235,-1.0003246062351252
1789900173.616847,-0.018707275390625,-0.03411865234375,-1.0205078125,0.0471845638348288,0.03369321476776699,-1.0043612474881
1789900173.716249,-0.008636474609375,0.0165557861328125,-0.9875030517578125,0.036020356145988044,0.030265729040776092,-1.0009896083420426
1789900173.815783,0.025146484375,-0.0127410888671875,-1.0507659912109375,0.03384558179179044,0.021664365459183377,-1.0109448849158218
1789900173.915379,0.0194244384765625,0.059326171875,-1.025787353515625,0.030961353128744852,0.029196726742346704,-1.0139133786357826
1789900174.014717,0.1035919189453125,0.1049346923828125,-1.056243896484375,0.04548746629205838,0.044344319870439866,-1.0223794822055012
1789900174.114497,0.02740478515625,0.104034423828125,-1.0197296142578125,0.041870930064896714,0.05628234066197689,-1.0218495086159636
1789900174.2145019,-0.008941650390625,0.00299072265625,-0.9746551513671875,0.03170841397379238,0.04562401706083151,-1.0124106371662083
1789900174.313349,-0.0861053466796875,0.1551971435546875,-1.1546630859375,0.0081456618430964,0.0675386423596027,-1.0408611269204666
1789900174.4129071,-0.1130828857421875,-0.029541015625,-1.00286865234375,-0.01610004767396038,0.048122710762682167,-1.0332626320051232
1789900174.5126371,0.02825927734375,-0.0482330322265625,-0.956146240234375,-0.007228182670418305,0.028851562164833238,-1.0178393536509738
1789900174.611841,-0.1433868408203125,-0.08477783203125,-0.8773651123046875,-0.034459914300397146,0.0061256833256165925,-0.9897445053817167
1789900174.711443,-0.07342529296875,-0.0178985595703125,-0.9742889404296875,-0.04225299003406772,0.0013208347464307739,-0.9866533923913108
1789900174.810931,0.1726531982421875,0.16455078125,-1.0213165283203125,0.0007282476211833214,0.03396682404714462,-0.9935860195771111
1789900174.9104218,-0.0539093017578125,-0.12530517578125,-1.180145263671875,-0.010199262254615843,0.002112424081465697,-1.030897868396064
1789900175.009829,0.0370025634765625,0.079559326171875,-1.08203125,-0.0007588971083801743,0.017601804499547558,-1.0411245447168511
1789900175.109447,0.01068115234375,0.0090789794921875,-0.96759033203125,0.0015291127820458604,0.015897239498075547,-1.026417702179731
1789900175.20906,-0.1627349853515625,-0.026519775390625,-0.922515869140625,-0.03132370684467581,0.007413836520335438,-1.00563733557191
1789900175.308486,0.0439453125,0.1088714599609375,-1.046478271484375,-0.016269902975740647,0.02770536120845585,-1.013805522754403
1789900175.4079509,-0.08441162109375,0.1513671875,-1.05853271484375,-0.02989824659934252,0.052437726466764686,-1.0227509611722723
1789900175.5075479,-0.056060791015625,0.0420074462890625,-1.0536956787109375,-0.035130755482599016,0.05035167043122425,-1.0289399046800054
1789900175.606958,-0.0126800537109375,0.0872955322265625,-1.0919342041015625,-0.030640615128266716,0.057740442790291904,-1.0415387645643168
1789900175.706379,-0.0277862548828125,-0.0879364013671875,-0.908782958984375,-0.030069743079175874,0.028605073958796027,-1.0149876034483285
1789900175.805943,-0.02142333984375,-0.144012451171875,-1.0195770263671875,-0.0283404624320907,-0.0059184310673381785,-1.0159054880321003
1789900175.905562,-0.04949951171875,0.0111541748046875,-1.0457763671875,-0.03257227228942256,-0.0025039098929330425,-1.0218796638631804
1789900176.0050402,-0.0136566162109375,0.0773162841796875,-1.073883056640625,-0.02878914107372555,0.013460128921591067,-1.0322803424186695
1789900176.1045551,0.064483642578125,0.22698974609375,-1.035186767578125,-0.01013458434335544,0.05616605235602286,-1.0328616274505606
1789900176.2042952,-0.0374603271484375,0.0751953125,-0.910308837890625,-0.015599732904371852,0.05997190438481829,-1.0083510695385736
1789900176.303736,-0.05828857421875,0.090362548828125,-0.9768524169921875,-0.024137501167247482,0.06605003327347964,-1.0020513390292964
1789900176.403153,-0.0696563720703125,0.081512451171875,-0.99835205078125,-0.03324127534786049,0.06914251685315871,-1.0013114813796873
1789900176.5026832,-0.0821380615234375,-0.034698486328125,-0.963043212890625,-0.04302063258297589,0.04837431621690197,-0.9936578276818749
1789900176.601954,-0.04925537109375,0.0110931396484375,-1.0107574462890625,-0.04426758028513071,0.04091808090320908,-0.9970777514033125
1789900176.701469,-0.0079193115234375,-0.0983123779296875,-0.8158416748046875,-0.036997926532792075,0.013071989136629766,-0.9608305360835875
1789900176.801111,-0.1430511474609375,-0.0496368408203125,-0.9581146240234375,-0.05820857071842116,0.0005302231452413136,-0.9602873536715575
1789900176.901053,-0.05078125,0.0058746337890625,-1.10906982421875,-0.05672310657473693,0.0015991052740055509,-0.9900438477809961
1789900177.0002651,-0.114837646484375,0.0567626953125,-1.102935791015625,-0.06834601455666454,0.012631823281704441,-1.012622236427922
1789900177.099827,-0.0447845458984375,-0.008056640625,-1.0114593505859375,-0.06363372082501914,0.008494130500363553,-1.0123896592595252
1789900177.199597,-0.0606231689453125,0.00177001953125,-0.9063262939453125,-0.06303161044907782,0.007149308306540843,-0.9911769861966827
1789900177.298685,-0.016510009765625,-0.0746612548828125,-0.98876953125,-0.05372729031238726,-0.009212804331329826,-0.9906954952073462
1789900177.398118,-0.00994873046875,0.087158203125,-0.989532470703125,-0.044971578343659814,0.01006139715993614,-0.990462890306502
1789900177.498025,-0.0667572021484375,0.0403594970703125,-0.998382568359375,-0.04932870310461535,0.01612101714201141,-0.9920468259170767
1789900177.597816,-0.0291290283203125,0.0597991943359375,-0.9946441650390625,-0.04528876814775479,0.024856652580796633,-0.9925662937414739
1789900177.696738,-0.0107269287109375,0.032012939453125,-1.0064849853515625,-0.03837640026039133,0.026287909955262305,-0.9953500320634916
1789900177.796485,0.0004119873046875,0.0234832763671875,-0.9036865234375,-0.030618722747375565,0.025726983237647345,-0.9770173303382934
1789900177.896349,-0.0633392333984375,-0.1804656982421875,-1.055267333984375,-0.03716282487758796,-0.015511553058319624,-0.9926673310675097
1789900177.9953961,-0.0545501708984375,0.05316162109375,-0.9800262451171875,-0.04064029408175787,-0.0017769182279056984,-0.9901391138774454
1789900178.0949988,0.03375244140625,0.056793212890625,-1.0679168701171875,-0.0257617469841563,0.009937107995800443,-1.005694665125394
1789900178.194588,-0.066925048828125,0.001678466796875,-1.002685546875,-0.03399440735295004,0.008285379756015355,-1.005092841475315
1789900178.293957,0.0375213623046875,0.090118408203125,-1.058929443359375,-0.019691253421422535,0.024651985445437286,-1.0158601618521272
1789900178.39343,0.0588836669921875,0.1952362060546875,-0.9271697998046875,-0.003976269338700529,0.05876882956728733,-0.9981220894426394
1789900178.492985,-0.0595550537109375,-0.17047119140625,-0.9400482177734375,-0.015092026213147924,0.012920825372579867,-0.9865073151087991
1789900178.592488,0.0100860595703125,0.1056060791015625,-0.96630859375,-0.010056409056455839,0.031457876118376395,-0.9824675708370393
1789900178.6919851,0.0203704833984375,0.0956268310546875,-0.9006500244140625,-0.003971030565477171,0.044291667105638616,-0.966104061552444
1789900178.791394,-0.0089111328125,0.137603759765625,-0.98931884765625,-0.004959051014881737,0.0629540856376359,-0.9707470187732052
1789900178.891159,0.0109100341796875,0.028656005859375,-1.0444488525390625,-0.0017852339759678896,0.05609446968198372,-0.9854873855263768
1789900178.990696,-0.06744384765625,-0.287322998046875,-0.89874267578125,-0.014916956712024311,-0.012589023863788018,-0.9681384435773515
1789900179.089993,-0.0250701904296875,0.0358428955078125,-1.03338623046875,-0.016947603455556952,-0.002902639989467915,-0.9811880009556313
1789900179.189704,0.012054443359375,0.03277587890625,-1.0016632080078125,-0.011147194092570561,0.004233063789675668,-0.9852830423660676
1789900179.289154,-0.015838623046875,-0.02813720703125,-0.93743896484375,-0.01208547988343145,-0.0022409903745094655,-0.9757142268616041
1789900179.388555,-0.043365478515625,-0.0531768798828125,-0.9705352783203125,-0.018341479609870162,-0.012428168276170073,-0.9746784371533459
1789900179.488041,-0.0364227294921875,-0.0034637451171875,-0.9672088623046875,-0.02195772958633363,-0.010635283644373559,-0.9731845221836143
1789900179.587541,-0.05517578125,-0.06201171875,-1.006561279296875,-0.028601339919066906,-0.020910570665498847,-0.9798598736062665
1789900179.687049,0.01409912109375,-0.005035400390625,-1.0146026611328125,-0.020061247716503527,-0.01773553661052408,-0.9868084311115757
1789900179.786613,0.0180206298828125,0.06011962890625,-1.0160369873046875,-0.012444872196640321,-0.002164503507169263,-0.9926541423501981
1789900179.88643,0.0228271484375,0.15093994140625,-1.0252838134765625,-0.005390468069812258,0.02845638547551459,-0.999180076575471
1789900179.985637,0.0100250244140625,0.11566162109375,-0.9706573486328125,-0.0023073695730373065,0.045897432599161674,-0.9934755309869393
1789900180.085215,0.0006866455078125,0.1393585205078125,-1.068267822265625,-0.0017085665568673453,0.06458965018089184,-1.0084339892426764
1789900180.1847858,-0.1020660400390625,-0.0625152587890625,-0.9730072021484375,-0.02178006125330638,0.03916866838690097,-1.0013486318238285
1789900180.2844849,6.103515625e-05,0.153045654296875,-1.1016998291015625,-0.017411841971395104,0.06194406556889578,-1.0214188712793753
1789900180.383788,-0.0075225830078125,-0.024444580078125,-1.06951904296875,-0.015433990178678584,0.044666336439491625,-1.0310389056172502
1789900180.483329,0.0077972412109375,0.0175018310546875,-1.0363922119140625,-0.010787743900755367,0.0392334353625308,-1.0321095668766127
1789900180.582917,-0.003143310546875,0.03759765625,-0.9599151611328125,-0.009258857229979295,0.038906279540024645,-1.0176706857278528
1789900180.682423,-0.0245513916015625,-0.0854949951171875,-0.9533538818359375,-0.012317364104295937,0.014026024608582214,-1.0048073249494698
1789900180.781773,-0.035797119140625,-0.060272216796875,-1.0026702880859375,-0.01701331511156175,-0.0008336236725092275,-1.0043799175767634
1789900180.8812652,-0.0298004150390625,0.03350830078125,-1.00946044921875,-0.0195707350970619,0.006034761218242619,-1.0053960239051607
1789900180.980915,-0.04266357421875,-0.144927978515625,-0.9853363037109375,-0.024189302921399522,-0.024157786728530906,-1.001384079866316
1789900181.0802422,0.0091094970703125,-0.0449066162109375,-1.0409698486328125,-0.01752954292305712,-0.02830755262501223,-1.0093012336196154
1789900181.1800342,-0.0116119384765625,0.04876708984375,-1.0794677734375,-0.016346022033758196,-0.012892624131259783,-1.0233345415831925
1789900181.279237,-0.0917510986328125,-0.2835235595703125,-0.985443115234375,-0.03142703735356906,-0.06701881121907033,-1.015756256313429
1789900181.378814,0.0001373291015625,-0.0626678466796875,-1.054229736328125,-0.02511416406254275,-0.06614861831119376,-1.0234509523163684
1789900181.478472,-0.043701171875,-0.0705108642578125,-0.9649810791015625,-0.0288315656250342,-0.0670210675005175,-1.0117569776734072
1789900181.5780292,-0.0179901123046875,0.03082275390625,-1.0172119140625,-0.02666327496096486,-0.04745230321916401,-1.0128479649512259
1789900181.677712,-0.0264739990234375,-0.169586181640625,-0.8530426025390625,-0.02662541977345939,-0.07187907890345621,-0.9808868924687932
1789900181.776835,0.0227203369140625,-0.0857391357421875,-1.037872314453125,-0.016756268435955016,-0.07465109027120247,-0.9922839768656596
1789900181.876323,0.0507354736328125,-0.0597686767578125,-0.903076171875,-0.003257920022201514,-0.07167460756852448,-0.9744424158675278
1789900181.9758449,0.0453033447265625,0.0499725341796875,-0.91619873046875,0.006454332927551289,-0.04734517921888209,-0.9627936787877723
1789900182.075352,0.012054443359375,0.0847015380859375,-0.9458160400390625,0.007574355013916032,-0.02093583575791817,-0.9593981510380304
1789900182.174953,-0.0284576416015625,0.0650787353515625,-1.0034332275390625,0.00036795569082032596,-0.003732921536022036,-0.9682051663382369
1789900182.274448,0.0056915283203125,0.0747833251953125,-1.02410888671875,0.001432670216718761,0.011970327810244872,-0.9793859104143396
1789900182.3738089,-0.029449462890625,0.1046295166015625,-0.9918975830078125,-0.004743756404749991,0.030502165568508398,-0.9818882449330343
1789900182.473391,-0.0800628662109375,-0.131927490234375,-1.0016021728515625,-0.019807578365987497,-0.0019837655920682817,-0.9858310305167399
1789900182.572994,-0.0384979248046875,-0.020538330078125,-1.01800537109375,-0.0235456476537275,-0.005694678489279625,-0.992265898632142
1789900182.672421,-0.003448486328125,0.0475921630859375,-1.0312042236328125,-0.019526215388607,0.0049626898257638,-1.000053563632276
1789900182.7718968,0.0317840576171875,0.0158233642578125,-1.06475830078125,-0.0092641607874481,0.00713482471217354,-1.0129945110620708
1789900182.871451,-0.0233917236328125,-0.019500732421875,-1.0274810791015625,-0.012089673356520982,0.0018077132853638322,-1.015891824669969
1789900182.970907,-0.0009613037109375,0.191162109375,-0.936187744140625,-0.009863999427404286,0.039678592503291074,-0.9999510085641004
1789900183.070579,-0.0139312744140625,-0.0244293212890625,-0.9464263916015625,-0.01067745442473593,0.026857009744820363,-0.9892460851715928
1789900183.170181,-0.0673370361328125,-0.079071044921875,-1.0063629150390625,-0.022009370766351247,0.0056713988114812895,-0.9926694511450868
1789900183.2695708,-0.0208740234375,-0.0851593017578125,-0.980926513671875,-0.021782301300581,-0.012494741302377469,-0.9903208636504444
1789900183.369135,-0.0342864990234375,-0.000274658203125,-1.0023193359375,-0.024283140845152304,-0.010050724682526976,-0.9927205581078555
1789900183.468703,0.041656494140625,0.068023681640625,-1.0425567626953125,-0.011095213847996846,0.005564156582103418,-1.002687799025347
1789900183.56814,-0.017578125,-0.0501251220703125,-0.9388275146484375,-0.012391796078397476,-0.005573699148379766,-0.9899157421499652
1789900183.6677508,-0.040924072265625,-0.09979248046875,-0.9693145751953125,-0.01809825131584298,-0.024417455412453812,-0.9857955087590348
1789900183.767091,-0.00689697265625,-0.008758544921875,-0.983795166015625,-0.015857995583924384,-0.02128567331433805,-0.9853954402103529
1789900183.866776,-0.02862548828125,-0.097869873046875,-0.970062255859375,-0.018411494123389507,-0.036602513260845446,-0.9823288033401574
1789900183.966239,-0.011627197265625,0.1347808837890625,-1.0020294189453125,-0.017054634751836606,-0.0023258338508638544,-0.9862689264611885
1789900184.065762,-0.0258636474609375,0.0529937744140625,-1.0283355712890625,-0.018816437293656785,0.008738087802121416,-0.9946822554267633
1789900184.165484,-0.050079345703125,0.017852783203125,-1.0254669189453125,-0.02506901897555043,0.010561026882322133,-1.000839188130473
1789900184.264886,-0.0091094970703125,0.034515380859375,-0.987640380859375,-0.021877114594502846,0.015351897677732707,-0.9981994266762535
1789900184.364197,0.008758544921875,0.063140869140625,-0.9421539306640625,-0.01574998269122728,0.024909691970311166,-0.9869903274738153
1789900184.464175,0.0271759033203125,0.1316070556640625,-0.973846435546875,-0.007164805488919323,0.04624916470906143,-0.9843615490884273
1789900184.563364,0.0163726806640625,0.2417755126953125,-0.9158782958984375,-0.0024573082583229586,0.08535443430631165,-0.9706648984504294
1789900184.662931,0.0159759521484375,0.1999664306640625,-1.0796661376953125,0.001229343823029133,0.10827683357786182,-0.9924651462994061
1789900184.762579,-0.059967041015625,0.2109527587890625,-1.00927734375,-0.011009933144701693,0.12881201862010194,-0.9958275857895249
1789900184.86185,0.0183563232421875,0.180023193359375,-1.036834716796875,-0.005136681867323854,0.13905425356795656,-1.004029011990995
1789900184.961378,-0.0140533447265625,0.0950927734375,-0.9546661376953125,-0.006920014439171583,0.13026195754186526,-0.9941564371318585
1789900185.060971,0.0932769775390625,0.31683349609375,-0.968353271484375,0.013119383956475234,0.16757626525224223,-0.9889958040023619
1789900185.160472,-0.0489654541015625,-0.290679931640625,-1.160919189453125,0.0007024163448676873,0.07592502587366878,-1.0233804810925147
1789900185.2599158,-0.0254058837890625,0.1029205322265625,-1.1131744384765625,-0.00451924368191835,0.08132412714424753,-1.0413392725693242
1789900185.359293,-0.0895843505859375,-0.126922607421875,-0.997650146484375,-0.02153226506272218,0.03967478023102301,-1.0326014473523344
1789900185.458808,-0.0856781005859375,-0.041107177734375,-0.8707427978515625,-0.034361432167365244,0.023518388637943408,-1.00022971745218
1789900185.5584002,0.0023651123046875,0.0501251220703125,-0.940704345703125,-0.027016123272954697,0.028839735324417227,-0.988324643102369
1789900185.657707,-0.0219268798828125,0.0748138427734375,-0.9870452880859375,-0.02599827459492626,0.038034556814221285,-0.9880687720990827
1789900185.757876,-0.052215576171875,0.0124359130859375,-1.1203155517578125,-0.03124173491031601,0.03291482806856453,-1.0145181280308286
1789900185.857009,0.0503997802734375,0.3616485595703125,-1.25347900390625,-0.01491343187356531,0.09866157436891412,-1.062310303205913
1789900185.956503,-0.098663330078125,-0.1396942138671875,-1.0132598876953125,-0.03166341151447725,0.0509904167216938,-1.0525002201037927
1789900186.05604,0.0419769287109375,-0.0458526611328125,-0.9740447998046875,-0.0169353434693943,0.03162180115079254,-1.0368091360439717
1789900186.155468,0.039031982421875,0.0618133544921875,-0.913330078125,-0.0057418782911404405,0.037660111819071536,-1.0121133244601774
1789900186.255085,-0.017242431640625,-0.052947998046875,-0.8935394287109375,-0.008041988961037354,0.01953848984588223,-0.9883985453103296
1789900186.354528,-0.0130157470703125,0.038055419921875,-0.8920745849609375,-0.009036740582892383,0.023241875861080785,-0.9691337532404511
1789900186.45397,0.0096282958984375,0.00225830078125,-1.0201568603515625,-0.005303733286626407,0.019045160845114626,-0.9793383746626735
1789900186.553551,-0.0194549560546875,0.0500030517578125,-1.0493927001953125,-0.008133977840238626,0.025236739027654203,-0.9933492397692013
1789900186.653089,0.009765625,-0.0519866943359375,-1.050384521484375,-0.004554057272190901,0.009792052354935861,-1.004756296112236
1789900186.752711,0.036865234375,0.0749969482421875,-0.8872222900390625,0.0037298010572472794,0.022833031532386187,-0.9812494948976014
1789900186.852205,-0.01483154296875,-0.1129302978515625,-0.923797607421875,1.753225204782381e-05,-0.00431963434440355,-0.9697591174024561
1789900186.9515948,-0.0337066650390625,-0.01593017578125,-1.07080078125,-0.006727307206174241,-0.006641742631772841,-0.9899674501719649
1789900187.051256,0.10992431640625,0.0645294189453125,-0.9859619140625,0.01660301751631061,0.007592489683644228,-0.9891663429500719
1789900187.150755,0.0211334228515625,-0.011932373046875,-1.1038970947265625,0.01750909858336099,0.0036875171375403827,-1.01211249330537
1789900187.250276,0.0352325439453125,0.046356201171875,-0.993804931640625,0.02105378765575129,0.012221253944407307,-1.008450980972421
1789900187.349771,0.0653533935546875,-0.047576904296875,-1.0249786376953125,0.02991370883553853,0.00026162229615084645,-1.0117565123169994
1789900187.449414,-0.0178070068359375,0.065826416015625,-1.001495361328125,0.020369565701243326,0.013374581040045679,-1.0097042821192246
1789900187.549089,0.02276611328125,-0.022857666015625,-0.96246337890625,0.020848875217244663,0.006128131628911543,-1.0002561014766298
1789900187.648656,0.0106048583984375,0.053558349609375,-1.0116424560546875,0.01880007185348323,0.015614175225004235,-1.0025333723922414
1789900187.747882,-0.019927978515625,0.089324951171875,-0.9171905517578125,0.011054461779661583,0.030356330414378387,-0.9854648082653557
1789900187.847276,-0.106109619140625,-0.0902252197265625,-1.0494384765625,-0.012378354404395735,0.006240020386190207,-0.9982595419247846
1789900187.9467402,-0.0785369873046875,-0.138641357421875,-0.9739227294921875,-0.025610080984454088,-0.022736255175422833,-0.9933921794382653
1789900188.0465121,0.0058441162109375,-0.07830810546875,-1.0562591552734375,-0.019319241545375773,-0.03385062523408827,-1.0059655746052998
1789900188.145698,0.0438385009765625,0.0117340087890625,-1.0546875,-0.006687693040988119,-0.02473369842945812,-1.0157099596842398
1789900188.245335,0.0136260986328125,0.0775299072265625,-1.0880126953125,-0.002624934706227995,-0.004280977298253996,-1.0301705068098919
1789900188.345189,0.056365966796875,-0.0137176513671875,-0.9601898193359375,0.009173245594392605,-0.0061683121120406975,-1.016174369315101
1789900188.444275,-0.0108184814453125,0.004547119140625,-1.025665283203125,0.005174900186451584,-0.004025225861507558,-1.0180725520927059
1789900188.543898,-0.0331268310546875,-0.208770751953125,-0.9290924072265625,-0.002485446061776233,-0.04497433107983105,-1.0002765231194772
1789900188.643214,0.01068115234375,0.09246826171875,-0.9853515625,0.0001478736193290136,-0.017485812520114843,-0.9972915309955819
1789900188.742815,0.147216796875,0.077972412109375,-0.9363250732421875,0.029561658270463212,0.0016058324057831239,-0.985098239444903
1789900188.842376,0.0459136962890625,0.0500640869140625,-0.9692535400390625,0.032832065874183074,0.011297483307439,-0.981929299563735
1789900188.941812,-0.053802490234375,0.081268310546875,-0.965301513671875,0.015505154652471459,0.0252916487553262,-0.9786037423853631
1789900189.041594,-0.0003509521484375,-0.0122528076171875,-0.9394989013671875,0.012333933292289668,0.01778275748082346,-0.9707827741817281
1789900189.140913,-0.0015411376953125,-0.0483551025390625,-1.0241851806640625,0.009558919094769235,0.004555185476846269,-0.981463255478195
1789900189.240337,0.0275115966796875,0.032012939453125,-1.01214599609375,0.01314945461175289,0.010046736272102015,-0.9875998036013061
1789900189.339833,-0.040313720703125,0.0711669921875,-1.0168304443359375,0.0024568195487773125,0.022270787455181615,-0.9934459317482325
1789900189.439415,0.0185089111328125,-0.0777587890625,-1.00677490234375,0.005667237865584351,0.002264872151645291,-0.996111725867336
1789900189.538852,0.0338134765625,0.06927490234375,-0.962310791015625,0.01129648560496748,0.015666878190066232,-0.9893515388969938
1789900189.6383529,-0.0856170654296875,-0.1429290771484375,-1.1063690185546875,-0.008086224601963515,-0.016052312877634513,-1.0127550348285326
1789900189.7378411,-0.0800933837890625,-0.105133056640625,-0.9845428466796875,-0.022487656439383313,-0.03386846163023261,-1.0071125971987636
1789900189.837699,0.006378173828125,0.139434814453125,-1.1886749267578125,-0.01671449038588165,0.0007921935864389114,-1.0434250631105735
1789900189.937446,-0.147430419921875,-0.1597747802734375,-0.958160400390625,-0.04285767629308032,-0.03132120118553638,-1.0263721305665838
1789900190.0366979,0.0229339599609375,-0.0216064453125,-1.036224365234375,-0.02969934904227676,-0.029378250010929103,-1.0283425775001422
1789900190.136057,0.043304443359375,0.14093017578125,-1.025482177734375,-0.015098590561946406,0.004683435147506718,-1.0277704975469888
1789900190.235375,-0.0377197265625,-0.2104644775390625,-0.7733917236328125,-0.019622817762057126,-0.03834614738980713,-0.9768947427641536
1789900190.3351688,-0.095458984375,0.0403900146484375,-0.9639434814453125,-0.0347900510846457,-0.022598914982158207,-0.9743044905003854
1789900190.434472,-0.1611785888671875,-0.18365478515625,-1.0594940185546875,-0.06006775864115406,-0.054810089016976565,-0.9913423961112459
1789900190.534131,-0.0893402099609375,-0.0555419921875,-1.200286865234375,-0.06592224890511075,-0.05495646965108125,-1.0331312899358718
1789900190.633595,-0.0515289306640625,-0.1227264404296875,-0.9426116943359375,-0.0630435852569011,-0.06851046380680251,-1.015027370815885
1789900190.73328,-0.1424560546875,-0.160980224609375,-0.978424072265625,-0.07892607914302088,-0.087004415967317,-1.007706711105833
1789900190.832753,0.0264892578125,-0.0110931396484375,-1.0045928955078125,-0.05784301175191671,-0.0718221607035411,-1.007083947986229
1789900190.932376,0.004119873046875,-0.0036468505859375,-0.9529876708984375,-0.04545043479215837,-0.05818709868002038,-0.9962646925686708
1789900191.031626,-0.013336181640625,0.0064544677734375,-0.888092041015625,-0.0390275841618517,-0.04525878538932881,-0.9746301622580616
1789900191.131115,0.03924560546875,0.014190673828125,-1.0400848388671875,-0.023372946235731364,-0.033368893545838045,-0.9877210975798868
1789900191.230643,-0.0089263916015625,0.2024383544921875,-1.067901611328125,-0.02048363530889759,0.013792556061767065,-1.0037572003295345
1789900191.330518,-0.034271240234375,0.1478424072265625,-1.14105224609375,-0.023241156293993075,0.04060252629472615,-1.0312162094823778
1789900191.429761,-0.075286865234375,-0.1556243896484375,-0.91748046875,-0.033650298082069464,0.0013571431060934239,-1.0084690613359024
1789900191.529259,-0.01727294921875,0.012176513671875,-1.07916259765625,-0.030374828309405574,0.0035210172192497394,-1.022607768599972
1789900191.628964,-0.008697509765625,-0.00177001953125,-0.922119140625,-0.02603936460064946,0.002462809869149792,-1.0025100430049776
1789900191.72838,-0.0651397705078125,-0.0634307861328125,-0.966888427734375,-0.03385944578208207,-0.010715909331242668,-0.9953857199508571
1789900191.827827,-0.05389404296875,0.0649566650390625,-1.1213226318359375,-0.03786636521941566,0.0044186055428183674,-1.0205731023278732
1789900191.92731,-0.0355377197265625,-0.043304443359375,-0.9856719970703125,-0.03740063612084503,-0.005126004237620306,-1.0135928812763613
1789900192.026802,-0.0088043212890625,-0.0731353759765625,-1.0413818359375,-0.031681373154488525,-0.018727878585408746,-1.019150672208589
1789900192.126426,-0.016387939453125,0.088623046875,-0.998443603515625,-0.02862268641421582,0.0027423065066730055,-1.0150092584699963
1789900192.225765,-0.025177001953125,0.1969757080078125,-1.03582763671875,-0.027933549521997655,0.04158898680690091,-1.019172934119747
1789900192.325484,-0.0191650390625,0.11322021484375,-0.9689483642578125,-0.026179847430098126,0.05591523241427073,-1.0091280201473602
1789900192.4249449,0.008209228515625,0.006317138671875,-0.932769775390625,-0.019302032240953504,0.04599561366579159,-0.9938563711960132
1789900192.524384,0.0365753173828125,0.2652435302734375,-1.1261138916015625,-0.008126562316200302,0.08984519698732078,-1.020307875277123
1789900192.624123,-0.0533599853515625,0.08636474609375,-1.0322113037109375,-0.017173246923272743,0.08914910680860663,-1.022688560963886
1789900192.723311,0.0097198486328125,0.0833892822265625,-1.0494842529296875,-0.011794627812055695,0.0879971418921978,-1.0280476993570464
1789900192.8228722,0.0681304931640625,0.0501861572265625,-0.932525634765625,0.0041903963831679426,0.08043494495907075,-1.0089432864387622
1789900192.922379,-0.0163116455078125,0.1220855712890625,-1.06048583984375,8.998800497185414e-05,0.0887650702250691,-1.0192517971197597
1789900193.021874,0.0134124755859375,0.182098388671875,-0.932525634765625,0.0027544855211649837,0.10743173391443028,-1.0019065646489327
1789900193.1213942,0.0588836669921875,0.215057373046875,-1.0473175048828125,0.013980321815369488,0.12895686174091925,-1.0109887526957086
1789900193.221684,0.0177154541015625,0.0819091796875,-0.980743408203125,0.014727348272608092,0.1195473253302354,-1.004939683797192
1789900193.3205218,-0.0077667236328125,0.0854644775390625,-1.017059326171875,0.010228533891523974,0.11273075577200083,-1.0073636122721286
1789900193.419941,0.004364013671875,0.05706787109375,-0.96435546875,0.00905562984759418,0.10159817883635067,-0.9987619835677028
1789900193.519487,-0.041900634765625,-0.0198516845703125,-0.96319580078125,-0.0011356230750496563,0.07730820615501804,-0.9916487470104124
1789900193.619271,0.0586090087890625,0.142822265625,-0.981292724609375,0.010813303297772775,0.09041101804901444,-0.9895775425302049
1789900193.718501,-0.0172882080078125,0.1175537109375,-0.9994049072265625,0.005193001036655719,0.09583955662671156,-0.9915430154694765
1789900193.817925,-0.0208587646484375,0.1537628173828125,-1.0659332275390625,-1.735210036292456e-05,0.10742420877793177,-1.0064210578833936
1789900193.9180021,-0.06500244140625,-0.0019378662109375,-1.0456085205078125,-0.01301436996154034,0.08555179378015793,-1.0142585504082775
1789900194.017376,-0.0266571044921875,0.04254150390625,-0.9089508056640625,-0.015742916867669772,0.07694973580537635,-0.9931970014594346
1789900194.1166801,0.04046630859375,0.145965576171875,-1.05401611328125,-0.004501071775385819,0.09075290387867609,-1.0053608238237977
1789900194.2159672,0.02105712890625,0.14056396484375,-0.98126220703125,0.0006105683609413451,0.10071511607169087,-1.0005411004652882
1789900194.3155808,-0.0275726318359375,0.0215301513671875,-1.004791259765625,-0.005026071678434424,0.0848781231307902,-1.0013911323253555
1789900194.4154248,0.0233612060546875,0.0135650634765625,-0.9954833984375,0.0006513838681899602,0.07061551119994466,-1.0002095855477844
1789900194.514802,-0.01129150390625,0.0015869140625,-0.95562744140625,-0.001737193686698032,0.05680979177245574,-0.9912931567194775
1789900194.6141338,-0.0193634033203125,0.034149169921875,-0.9434814453125,-0.005262435613420926,0.05227766740233959,-0.9817308144380821
1789900194.713523,-0.0220794677734375,0.0518035888671875,-1.0139617919921875,-0.008625842045424242,0.052182851695309174,-0.9881770099489031
1789900194.81307,0.008544921875,0.0335693359375,-1.0523223876953125,-0.005191689261339394,0.04846014854374734,-1.001006085498185
1789900194.912682,-0.0232696533203125,0.0553741455078125,-1.0211334228515625,-0.008807282073134016,0.049842947936560376,-1.0050315529688605
1789900195.012186,-0.067901611328125,0.0568084716796875,-1.071685791015625,-0.020626147924132213,0.0512360526851858,-1.0183624005782135
1789900195.111691,-0.0811920166015625,0.0684051513671875,-0.926605224609375,-0.03273932165961827,0.05466987242158614,-1.0000109653844458
1789900195.211436,-0.006622314453125,0.078125,-0.9669036865234375,-0.02751592021831962,0.05936089793726892,-0.9933895096122441
1789900195.310596,-0.0681915283203125,-0.034332275390625,-1.0008544921875,-0.0356510418387182,0.040622263271690134,-0.9948825061272953
1789900195.410217,-0.05731201171875,0.021636962890625,-1.0570220947265625,-0.03998323581472456,0.03682520319547711,-1.0073104238471489
1789900195.50964,-0.0146026611328125,0.0410919189453125,-1.003265380859375,-0.03490712087834215,0.03767854634544419,-1.0065014152495941
1789900195.609221,-0.016143798828125,0.007781982421875,-0.9661712646484375,-0.031154456468298723,0.03169923356073035,-0.9984353851293629
1789900195.708626,-0.0304718017578125,-0.081878662109375,-1.03228759765625,-0.03101792552620148,0.008983654426709283,-1.0052058276347404
1789900195.808175,-0.0066680908203125,-0.017608642578125,-0.9935455322265625,-0.026147958585023688,0.003665195025742427,-1.0028737685531048
1789900195.907652,-0.0992584228515625,-0.0041656494140625,-1.09124755859375,-0.040770051438331456,0.0020990261377814416,-1.020548526561234
1789900196.0072122,-0.0807342529296875,-0.0333099365234375,-1.0274505615234375,-0.04876289173660267,-0.004982766394462347,-1.0219289335536748
1789900196.106776,-0.0716552734375,-0.07830810546875,-0.9436187744140625,-0.053341368076782136,-0.01964783420931988,-1.0062669017257524
1789900196.206413,-0.0401153564453125,-0.0345458984375,-0.9239044189453125,-0.050696165750488215,-0.022627447054955903,-0.9897944051696645
1789900196.305711,-0.00628662109375,0.1057891845703125,-0.9652557373046875,-0.041814256819140576,0.0030558792700977784,-0.9848866715966692
1789900196.4052181,-0.0052947998046875,0.0494537353515625,-0.97088623046875,-0.034510365416249966,0.012335450486390724,-0.9820865833710853
1789900196.504787,-0.0222625732421875,0.0386505126953125,-1.013824462890625,-0.03206080698143748,0.01759846292817508,-0.9884341592749933
1789900196.604281,-0.0496368408203125,-0.0653839111328125,-0.9789581298828125,-0.03557601374921248,0.0010019881159775649,-0.9865389533965573
1789900196.703721,-0.0865325927734375,-0.02484130859375,-0.9746856689453125,-0.04576732955405749,-0.004166671225967949,-0.9841682965063084
1789900196.8033009,-0.0403594970703125,-0.0374298095703125,-1.034942626953125,-0.044685763057308495,-0.010819298894836859,-0.9943231625956719
1789900196.902827,-0.01422119140625,0.001373291015625,-1.0057525634765625,-0.0385928487270968,-0.008380780912744487,-0.99660904277185
1789900197.002321,-0.036224365234375,0.026397705078125,-0.950897216796875,-0.03811915202855244,-0.00142508371457059,-0.987466677576855
1789900197.1019468,-0.004638671875,0.135345458984375,-1.025146484375,-0.03142305599784195,0.025929024825218527,-0.9950026389364841
1789900197.201585,-0.072662353515625,0.01409912109375,-0.9745635986328125,-0.03967091550139856,0.023563044078924823,-0.9909148308757498
1789900197.3007889,-0.0398712158203125,0.0650787353515625,-1.0119476318359375,-0.03971097556518135,0.031866182333452356,-0.9951213910677874
1789900197.4002829,0.064300537109375,0.0057830810546875,-0.9653167724609375,-0.01890867303027008,0.026649562077699387,-0.9891604673464175
1789900197.49993,-0.0001068115234375,-0.005828857421875,-1.0004730224609375,-0.015148300728903564,0.02015387817778451,-0.9914229783693216
1789900197.5995588,-0.0521697998046875,0.023101806640625,-1.037811279296875,-0.02255260054406035,0.020743463870352606,-1.0007006385548323
1789900197.6989388,-0.0018310546875,-0.0387420654296875,-0.965606689453125,-0.01840829137274828,0.008846358010344585,-0.9936818487344908
1789900197.798672,-0.0833587646484375,0.0070343017578125,-1.01837158203125,-0.031398386027886124,0.008483946759838169,-0.9986197953938427
1789900197.8979511,-0.014434814453125,0.0590057373046875,-1.09844970703125,-0.028005671712933902,0.018588304868808036,-1.0185857777213243
1789900197.997511,-0.0697174072265625,0.009735107421875,-0.96893310546875,-0.036348018815659626,0.016817665379421427,-1.0086552432708094
1789900198.097352,-0.108612060546875,0.049346923828125,-0.95782470703125,-0.050800827161902706,0.023323517069162143,-0.9984891360228976
1789900198.196687,0.030853271484375,0.0820465087890625,-1.0188751220703125,-0.034470007432647165,0.03506811541314221,-1.0025663332323806
1789900198.296071,-0.0794525146484375,-0.0487060546875,-0.9517822265625,-0.043466508875805235,0.018313281393013768,-0.9924095118984047
1789900198.395673,-0.0836029052734375,0.01202392578125,-0.9850616455078125,-0.05149378815533169,0.017055410270661014,-0.9909399386202863
1789900198.495224,-0.0344390869140625,-0.020111083984375,-0.9669342041015625,-0.048082847907077855,0.009622111419653813,-0.9861387917165416
1789900198.5945811,-0.080841064453125,0.027587890625,-1.0765533447265625,-0.05463449121628729,0.01321526726072305,-1.0042217023185458
1789900198.6942902,-0.09686279296875,-0.0251007080078125,-0.9369354248046875,-0.06308015156677983,0.005552072207015941,-0.9907644468157741
1789900198.7939792,-0.0549774169921875,-0.041259765625,-1.080108642578125,-0.061459604651861365,-0.0038102953593872483,-1.0086332859682443
1789900198.8932428,-0.0597991943359375,-0.016265869140625,-0.970733642578125,-0.0611275225886766,-0.006301410115634799,-1.0010533572902205
1789900198.992949,-0.06866455078125,0.01898193359375,-0.950958251953125,-0.06263492822719127,-0.0012447413737578395,-0.9910343362228015
1789900199.09219,-0.07891845703125,0.0186004638671875,-0.9485321044921875,-0.06589163398800302,0.0027242996744312282,-0.9825338898766787
1789900199.1916242,-0.066680908203125,-0.0343475341796875,-0.98858642578125,-0.06604948883102742,-0.004690067096392518,-0.983744397057593
1789900199.2912002,-0.082763671875,-0.065338134765625,-1.025909423828125,-0.06939232543982193,-0.016819680630239017,-0.9921774024116995
1789900199.3907762,-0.0892333984375,-0.0561370849609375,-0.98443603515625,-0.07336054003935755,-0.024683161496378718,-0.9906291289606097
1789900199.490176,-0.1016998291015625,-0.0026092529296875,-0.975433349609375,-0.07902839785179855,-0.020268379783040476,-0.9875899730903628
1789900199.5896711,-0.0765533447265625,0.0070037841796875,-1.0102081298828125,-0.07853338722675135,-0.014813946990494882,-0.9921136044488528
1789900199.689207,-0.059661865234375,0.0672454833984375,-1.0347747802734375,-0.07475908282827608,0.0015979390872915954,-1.0006458396137696
1789900199.789005,-0.1020050048828125,0.118621826171875,-1.1016998291015625,-0.08020826723918337,0.02500271650420828,-1.0208566375113282
1789900199.888228,-0.0978851318359375,0.09185791015625,-0.9973602294921875,-0.0837436401585342,0.03837375523461663,-1.0161573559075001
1789900199.9877892,-0.12994384765625,0.0072174072265625,-1.0449066162109375,-0.09298368165807736,0.032142485633005806,-1.0219072079681877
1789900200.087318,-0.116455078125,0.0067596435546875,-0.953277587890625,-0.09767796095146189,0.027065917217342146,-1.0081812839526751
1789900200.186744,-0.1760101318359375,-0.127044677734375,-0.92431640625,-0.11334439512835702,-0.0037562017730012817,-0.9914083084121401
1789900200.286275,-0.0609893798828125,0.0220794677734375,-0.9735565185546875,-0.10287339207924812,0.0014109321362864749,-0.9878379504406496
1789900200.385885,-0.0655059814453125,0.092803955078125,-0.9749755859375,-0.095399909952461,0.01968953672465418,-0.9852654775400198
1789900200.4856858,-0.1240997314453125,-0.0479278564453125,-1.0360260009765625,-0.10113987425103131,0.0061660580906608455,-0.9954175822273285
1789900200.5849218,-0.1188812255859375,0.0257415771484375,-0.999053955078125,-0.10468814451801255,0.010081161902216178,-0.9961448567974879
1789900200.684562,-0.058197021484375,0.04437255859375,-0.92218017578125,-0.09538991991128505,0.01693944124052294,-0.9813519205942403
1789900200.7839909,-0.070770263671875,-0.0364990234375,-0.9416351318359375,-0.09046598866340305,0.006251748304918353,-0.9734085628425797
1789900200.883422,-0.103271484375,0.046142578125,-0.996673583984375,-0.09302708780572246,0.014229914268934683,-0.9780615670709388
1789900200.983121,-0.1051025390625,0.0349273681640625,-0.9136199951171875,-0.09544217805707797,0.01836940504796025,-0.9651732526801886
1789900201.082779,-0.06427001953125,-0.017791748046875,-0.988128662109375,-0.08920774635191239,0.011137174428993198,-0.969764334566026
1789900201.1819959,-0.119842529296875,0.0647430419921875,-0.9836578369140625,-0.09533470294090492,0.021858347941632057,-0.9725430350356333
1789900201.281704,-0.1007537841796875,0.0572967529296875,-0.98724365234375,-0.09641851918866144,0.028946028939243147,-0.9754831584972568
1789900201.3810592,-0.1052703857421875,-0.058197021484375,-0.980194091796875,-0.09818889249936666,0.011517418854519517,-0.9764253451571804
1789900201.480451,-0.050262451171875,0.1289215087890625,-1.0016326904296875,-0.08860360423386833,0.03499823684142812,-0.9814668142116818
1789900201.5801148,-0.1182708740234375,-0.05218505859375,-0.9510040283203125,-0.09453705819178217,0.017561577754392495,-0.975374257033408
1789900201.6795192,-0.138916015625,-0.0285186767578125,-1.0132904052734375,-0.10341284967842575,0.008345526851951498,-0.9829574866814139
1789900201.7792702,-0.1510467529296875,0.0029144287109375,-1.00897216796875,-0.11293963032867811,0.007259307223748699,-0.9881604229388812
1789900201.878501,-0.1100311279296875,-0.068084716796875,-0.944671630859375,-0.11235792984887999,-0.007809497580376042,-0.97946266452298
1789900201.97792,-0.0897216796875,0.13580322265625,-1.0350799560546875,-0.10783067981660399,0.020913046466949164,-0.9905861228293216
1789900202.077914,-0.1562652587890625,-0.0099029541015625,-1.02191162109375,-0.1175175956110957,0.014749846353246832,-0.9968512224822074
1789900202.17734,-0.1200408935546875,-0.0440521240234375,-0.989105224609375,-0.11802225519981407,0.002989452277909966,-0.9953020229076409
1789900202.276476,-0.1103973388671875,-0.050262451171875,-1.038330078125,-0.11649727193328877,-0.007660928412047028,-1.0039076339511128
1789900202.375935,-0.100341796875,0.057830810546875,-1.0499267578125,-0.11326617692163102,0.005437419379737378,-1.0131114587233903
1789900202.475369,-0.1218109130859375,-0.0881195068359375,-0.9272918701171875,-0.11497512415449232,-0.013273965863397599,-0.9959475410021497
1789900202.574963,-0.17388916015625,-0.17694091796875,-0.8260345458984375,-0.12675793135484387,-0.04600735628446809,-0.9619649419814073
1789900202.6744971,-0.06256103515625,0.0314178466796875,-1.0718231201171875,-0.1139185521151251,-0.030522315691636975,-0.9839365776085633
1789900202.774184,-0.136871337890625,0.0474853515625,-1.0657196044921875,-0.11850910927022508,-0.014920782240809581,-1.0002931829852884
1789900202.873492,-0.1507415771484375,-0.0390167236328125,-0.992218017578125,-0.12495560284586757,-0.019739970519210167,-0.9986781499038557
1789900202.9731212,-0.14312744140625,0.0268096923828125,-0.9812774658203125,-0.12858997055794408,-0.010430037938805634,-0.9951980130871472
1789900203.072675,-0.139251708984375,0.0122528076171875,-0.983917236328125,-0.13072231824323027,-0.005893468827607006,-0.9929418577353428
1789900203.1720839,-0.150299072265625,0.0737762451171875,-0.988616943359375,-0.13463766904770924,0.010040473961351895,-0.9920768748601493
1789900203.27147,-0.1857757568359375,-0.063201904296875,-0.9422760009765625,-0.14486528660535491,-0.004608001690293484,-0.982116700083432
1789900203.3711371,-0.1477508544921875,0.0577239990234375,-1.00653076171875,-0.14544240018272145,0.007858398452452713,-0.9869995124104957
1789900203.4705858,-0.188720703125,0.0539398193359375,-1.00384521484375,-0.15409806077117716,0.01707468262914967,-0.9903686528971466
1789900203.5700278,-0.17828369140625,0.05047607421875,-0.9936370849609375,-0.15893518689819175,0.023754960947069737,-0.9910223393099049
1789900203.669761,-0.1783905029296875,0.0470428466796875,-1.070953369140625,-0.16282625010449092,0.028412538093593294,-1.0070085452760489
1789900203.769201,-0.137054443359375,-0.0146026611328125,-1.0134124755859375,-0.15767188875546773,0.019809498248312137,-1.0082893313380268
1789900203.8686829,-0.1802520751953125,-0.103271484375,-0.9875030517578125,-0.16218792604343668,-0.0048066982763502915,-1.004132075421984
1789900203.968131,-0.17535400390625,-0.01409912109375,-0.9706573486328125,-0.16482114161599934,-0.0066651828398302335,-0.9974371300641497
1789900204.0677109,-0.1645355224609375,0.0541534423828125,-0.946136474609375,-0.16476401778498698,0.005498542204698314,-0.9871769989731949
1789900204.1674051,-0.227569580078125,0.0637969970703125,-0.9888916015625,-0.17732513024361457,0.017158233177821152,-0.9875199194910559
1789900204.266708,-0.1842803955078125,0.1307830810546875,-1.029266357421875,-0.17871618329645417,0.03988320275319442,-0.9958692070772198
1789900204.3664699,-0.1934051513671875,-0.054412841796875,-0.9702301025390625,-0.18165397691060084,0.02102399384318054,-0.9907413861695884
1789900204.466119,-0.2408599853515625,0.076690673828125,-1.0450439453125,-0.19349517859879317,0.03215732984016943,-1.001601897998171
1789900204.56535,-0.172088623046875,0.084228515625,-1.0540008544921875,-0.18921386748840954,0.042571566997135546,-1.0120816892969744
1789900204.6648421,-0.16290283203125,-0.022918701171875,-1.0355377197265625,-0.18395166039697766,0.02947351336333344,-1.016772895382892
1789900204.764482,-0.2229156494140625,-0.03826904296875,-0.9291229248046875,-0.19174445820039465,0.015925002096916753,-0.9992429012672512
1789900204.8638449,-0.189422607421875,0.0046844482421875,-0.9746551513671875,-0.1912800880446907,0.013676891325970903,-0.9943253512872385
1789900204.963362,-0.1494598388671875,0.0597686767578125,-0.9721221923828125,-0.18291603820919008,0.022895248412339225,-0.9898847195063534
1789900205.063147,-0.1942291259765625,-0.1121368408203125,-0.948699951171875,-0.18517865576266457,-0.004111169434191122,-0.9816477658394578
1789900205.162499,-0.1682586669921875,0.0574951171875,-1.0114288330078125,-0.18179465800856914,0.008210087890147103,-0.9876039792731288
1789900205.261936,-0.149810791015625,0.0478668212890625,-0.9857330322265625,-0.17539788460998032,0.016141434569930183,-0.9872297898638156
1789900205.361453,-0.1677703857421875,0.074249267578125,-1.0049896240234375,-0.17387238483642176,0.027763001171569147,-0.99078175669574
1789900205.460901,-0.149444580078125,0.0396270751953125,-0.9528045654296875,-0.16898682388476244,0.03013581597631782,-0.9831863184425295
1789900205.560464,-0.1414947509765625,0.0250244140625,-0.9694671630859375,-0.16348840930312247,0.029113535593554257,-0.9804424873712111
1789900205.660034,-0.1526947021484375,0.056671142578125,-1.0284576416015625,-0.16132966787218547,0.03462505699046841,-0.9900455182172814
1789900205.759563,-0.189208984375,0.0236053466796875,-1.0046844482421875,-0.1669055311727484,0.03242111492831223,-0.9929733042222626
1789900205.858904,-0.18389892578125,0.1230316162109375,-0.99676513671875,-0.1703042100944487,0.05054321518483729,-0.9937316707215602
1789900205.958396,-0.1833648681640625,0.1472930908203125,-0.9468994140625,-0.17291634170837147,0.06989319031193234,-0.9843652193897483
1789900206.0580912,-0.2511749267578125,0.04559326171875,-1.0103759765625,-0.18856805871825968,0.06503320459329587,-0.9895673708242987
1789900206.157583,-0.226104736328125,-0.0054931640625,-1.0216827392578125,-0.19607539424023276,0.0509279308621367,-0.9959904445110015
1789900206.257493,-0.189605712890625,0.107879638671875,-1.002166748046875,-0.19478145797031124,0.06231827242408436,-0.9972257052181762
1789900206.3571892,-0.1811981201171875,0.175628662109375,-0.9845733642578125,-0.1920647903996865,0.08498035036114249,-0.9946952370261035
1789900206.456184,-0.2089385986328125,0.0794677734375,-0.9536590576171875,-0.19543955204631172,0.083877834976414,-0.9864880011443204
1789900206.555676,-0.1810455322265625,0.0846710205078125,-0.9560699462890625,-0.1925607480823619,0.08403647208269371,-0.980404390173269
1789900206.65505,-0.1949615478515625,-0.0428009033203125,-1.0180816650390625,-0.19304090803620202,0.05866899700209248,-0.9879398451464276
1789900206.754525,-0.1992645263671875,-0.0544891357421875,-1.049224853515625,-0.19428563170239915,0.03603737045323649,-1.000196846820267
1789900206.854058,-0.2282867431640625,0.0562744140625,-1.005035400390625,-0.20108585399473183,0.040084779175089194,-1.0011645575343386
1789900206.953572,-0.1778717041015625,0.117523193359375,-0.9917755126953125,-0.19644302401609798,0.05557246201194636,-0.9992867485665334
1789900207.0532541,-0.1800384521484375,0.0858917236328125,-0.9699859619140625,-0.19316210964256592,0.06163631433611959,-0.9934265912360394
1789900207.152596,-0.189849853515625,-0.0133514404296875,-0.9642486572265625,-0.19249965841717773,0.04663876338295817,-0.987591004434144
1789900207.252255,-0.1964111328125,-0.0254058837890625,-0.956512451171875,-0.19328195329624218,0.03222983394855404,-0.9813752937816902
1789900207.351604,-0.194000244140625,0.0071868896484375,-1.011199951171875,-0.19342561146511877,0.027221245088530733,-0.9873402252597272
1789900207.4511352,-0.175872802734375,0.1038970947265625,-1.042083740234375,-0.18991504971897005,0.04255641501613709,-0.9982889282546569
1789900207.550602,-0.163055419921875,0.0758209228515625,-1.0221099853515625,-0.18454312375955106,0.049209316583222175,-1.003053139674038
1789900207.650357,-0.14324951171875,0.0572052001953125,-0.957916259765625,-0.17628440135139087,0.050808493305640245,-0.9940257636923555
1789900207.749938,-0.1417694091796875,0.09515380859375,-0.99896240234375,-0.1693814029170502,0.059677556363262205,-0.9950130914226344
1789900207.849203,-0.178131103515625,0.0168914794921875,-0.968780517578125,-0.1711313430367652,0.05112034098904727,-0.9897665766537326
1789900207.948813,-0.1639862060546875,0.009979248046875,-1.003326416015625,-0.16970231564034965,0.04289212240061282,-0.9924785445261112
1789900208.048526,-0.14434814453125,-0.01434326171875,-0.979705810546875,-0.16463148141852973,0.03144504557674026,-0.9899239977302641
1789900208.1478848,-0.1204681396484375,0.04718017578125,-0.9995269775390625,-0.1557988130645113,0.03459207161764221,-0.9918445936920238
1789900208.2472348,-0.0491180419921875,0.0607147216796875,-1.01129150390625,-0.13446265885004655,0.03981660163005127,-0.9957339757348691
1789900208.346596,-0.028778076171875,0.0340118408203125,-1.000885009765625,-0.11332574231441224,0.03865564946810352,-0.9967641825410204
1789900208.446373,-0.0302734375,0.0672607421875,-0.97625732421875,-0.0967152813515298,0.04437666801198282,-0.9926628108765664
1789900208.545896,-0.0131072998046875,0.0519866943359375,-0.9904327392578125,-0.07999368504216135,0.04589867327677376,-0.9922167965528157
1789900208.645369,0.0081024169921875,0.0613555908203125,-0.9983062744140625,-0.06237446463529159,0.0489900567854815,-0.9934346921250651
1789900208.745069,0.0223388671875,0.1117706298828125,-1.0066070556640625,-0.04543179827073327,0.061546171404947704,-0.9960691648328647
1789900208.844565,0.0597686767578125,0.1086578369140625,-1.0166168212890625,-0.024391703265024114,0.07096850450677067,-1.0001786961241041
1789900208.943737,0.0235137939453125,0.009368896484375,-0.9791412353515625,-0.014810603822956792,0.05864858290229154,-0.9959712039695959
1789900209.043418,0.0636444091796875,0.08587646484375,-1.0007476806640625,0.0008803987775720667,0.06409415929058324,-0.9969264993084893
1789900209.1428452,0.07769775390625,0.160064697265625,-0.9815521240234375,0.016243869803307654,0.0832882668855916,-0.993851624251479
1789900209.242185,0.068511962890625,0.12921142578125,-0.9833526611328125,0.026697488420771125,0.09247289866472329,-0.9917518316277457
1789900209.341714,0.0464019775390625,0.12066650390625,-1.006378173828125,0.0306383862444294,0.09811161971302863,-0.9946771000678216
1789900209.441325,0.0564727783203125,0.1311492919921875,-1.0306549072265625,0.035805264659606026,0.1047191541688604,-1.0018726614995699
1789900209.540952,0.0385894775390625,0.13104248046875,-1.024658203125,0.03636210723549732,0.10998381942883834,-1.0064297698246558
1789900209.6403499,0.033782958984375,0.2231903076171875,-1.0150909423828125,0.03584627758527286,0.13262511706650817,-1.0081620043362873
1789900209.7398062,0.044708251953125,0.1853790283203125,-0.9887542724609375,0.03761867245884329,0.14317589931726904,-1.0042804579612175
1789900209.839318,0.0053253173828125,0.2096710205078125,-0.9691162109375,0.03116000144363713,0.15647492355537773,-0.997247608556474
1789900209.938889,0.048095703125,0.2484130859375,-0.97314453125,0.03454714177990971,0.1748625560318022,-0.9924269930951792
1789900210.038522,0.049560546875,0.220672607421875,-0.9798431396484375,0.03754982279892777,0.18402456630981676,-0.9899102224058309
1789900210.137949,0.0228729248046875,0.1985015869140625,-0.980072021484375,0.03461444320007972,0.18691997043066594,-0.9879425822215397
1789900210.237574,0.006256103515625,0.19818115234375,-1.018585205078125,0.028942775263188777,0.18917220681328276,-0.9940711067928569
1789900210.3374538,0.02239990234375,0.180145263671875,-1.024078369140625,0.027634200679301023,0.18736681818500123,-1.0000725592624107
1789900210.436335,-0.0107879638671875,0.174774169921875,-1.0486602783203125,0.019949767770003318,0.184848288532376,-1.009790103073991
1789900210.536049,0.0039520263671875,0.0938873291015625,-0.95819091796875,0.016750219489440155,0.1666560966462133,-0.9994702660529429
1789900210.635479,-0.07867431640625,0.1104278564453125,-0.9636993408203125,-0.0023346876896978754,0.15541044860603315,-0.9923160810064169
1789900210.734916,-0.0895233154296875,0.3007049560546875,-0.9847564697265625,-0.019772413237695803,0.184469350095764,-0.990804158750446
1789900210.8344212,-0.0469818115234375,0.2735595703125,-0.9843292236328125,-0.025214292894844142,0.20228739413911123,-0.9895091717269194
1789900210.933899,-0.08367919921875,0.2335357666015625,-0.984405517578125,-0.03690727415962532,0.20853706863160149,-0.9884884408971606
1789900211.033675,-0.0315093994140625,0.30712890625,-1.047088623046875,-0.03582769921051275,0.2282554361552812,-1.0002084773271034
1789900211.13301,-0.1826171875,-0.25640869140625,-0.9513092041015625,-0.0651855968684102,0.13132261064297496,-0.9904286226819953
1789900211.232524,-0.1031494140625,0.2057647705078125,-0.9704437255859375,-0.07277836030722817,0.14621104261594248,-0.9864316432627838
1789900211.332179,-0.1280059814453125,0.1209564208984375,-0.9522705078125,-0.08382388453484504,0.1411601182724415,-0.979599416172727
1789900211.4318361,-0.1694183349609375,0.092254638671875,-0.936676025390625,-0.10094277462006354,0.1313790223523282,-0.9710147380163068
1789900211.531069,-0.162689208984375,0.045989990234375,-0.9488067626953125,-0.11329206149292584,0.11430121592873757,-0.966573142952108
1789900211.6307201,-0.1718902587890625,0.1992645263671875,-0.9490203857421875,-0.1250117009521532,0.13129387801642756,-0.963062591510124
1789900211.7301521,-0.1269378662109375,0.0840606689453125,-0.976043701171875,-0.12539693400391005,0.12184723620220456,-0.9656588134424742
1789900211.829582,-0.0743865966796875,0.0401763916015625,-0.9713897705078125,-0.11519486653906555,0.10551306728207616,-0.9668050048555419
1789900211.929167,-0.137725830078125,0.0117340087890625,-1.0229339599609375,-0.11970105924687745,0.08675725558347343,-0.9780307958766211
1789900212.028904,-0.11737060546875,0.1002655029296875,-1.064300537109375,-0.11923496849125195,0.08945890505271624,-0.9952847441231719
1789900212.128103,-0.041046142578125,-0.044158935546875,-0.916290283203125,-0.10359720330862657,0.062735336932798,-0.9794858519391626
1789900212.227756,-0.047821044921875,0.0368804931640625,-0.9687042236328125,-0.09244197163127627,0.0575643681790509,-0.9773295262778926
1789900212.3272119,0.080230712890625,-0.136871337890625,-0.719482421875,-0.05790743472689601,0.01867722696511572,-0.9257601053973141
1789900212.426724,0.045257568359375,0.3718719482421875,-1.0292510986328125,-0.037274434109641805,0.08931617122053008,-0.9464583040444138
1789900212.526511,-0.1719512939453125,-0.2256317138671875,-1.0834503173828125,-0.06420980607677595,0.02632659420298656,-0.9738567067120936
1789900212.625773,-0.1920623779296875,0.0735931396484375,-1.2785491943359375,-0.08978032044735826,0.035779903292076747,-1.0347952042368624
1789900212.725377,-0.1451263427734375,0.21173095703125,-1.2088165283203125,-0.10084952491257411,0.07097011403991141,-1.0695994690535524
1789900212.824616,-0.1170501708984375,-0.1055450439453125,-0.8642120361328125,-0.10408965410974678,0.03566708244286663,-1.0285219824694045
1789900212.924222,-0.051910400390625,-0.074462890625,-0.8073272705078125,-0.09365380336592244,0.013641087829293304,-0.9842830400770862
1789900213.023906,-0.0696563720703125,-0.1353607177734375,-0.83795166015625,-0.08885431710680046,-0.016159273291252857,-0.955016764092919
1789900213.1232219,-0.0843048095703125,-0.0198822021484375,-0.91802978515625,-0.08794441559950288,-0.016903859062689784,-0.9476193683055854
1789900213.222717,-0.02313232421875,-0.0077667236328125,-0.9614105224609375,-0.0749819973233523,-0.015076431976714329,-0.9503775991366559
1789900213.3222709,-0.114288330078125,0.1007080078125,-1.05548095703125,-0.08284326387430685,0.008080455981128536,-0.9713982707155747
1789900213.4217958,0.021636962890625,0.1602630615234375,-1.0867919921875,-0.06194721852132048,0.03851697708959033,-0.9944770150099599
1789900213.521313,-0.0003509521484375,0.0672149658203125,-1.1293487548828125,-0.049627965246743885,0.044256574835734766,-1.0214513629845305
1789900213.620785,-0.0573272705078125,-0.034149169921875,-0.990478515625,-0.051167826298957615,0.028575425884212816,-1.0152567935126244
1789900213.720815,-0.0583953857421875,-0.0197906494140625,-0.9498748779296875,-0.052613338187603595,0.01890221082455775,-1.002180410396037
1789900213.8198628,-0.0645294189453125,-0.22320556640625,-0.903778076171875,-0.05499655433914538,-0.029519344621603806,-0.9824999435512046
1789900213.919425,-0.0228424072265625,-0.026824951171875,-0.954925537109375,-0.04856572491662881,-0.028980465931658046,-0.9769850622628388
1789900214.0190449,-0.064788818359375,0.0350494384765625,-1.0114593505859375,-0.051810343605178055,-0.016174485050013936,-0.9838799199274586
1789900214.1185222,0.0281829833984375,0.07696533203125,-1.0094451904296875,-0.035811678204454946,0.002453478366238852,-0.9889929740279044
1789900214.2178879,-0.0431060791015625,-0.122314453125,-1.0272216796875,-0.037270558383876454,-0.02250010793200892,-0.9966387151598236
1789900214.3176951,-0.0309600830078125,-0.104644775390625,-1.001708984375,-0.03600846330866367,-0.03892904142373214,-0.9976527690028589
1789900214.417443,-0.02972412109375,0.029327392578125,-1.030853271484375,-0.03475159486568093,-0.02527775462336071,-1.0042928694991622
1789900214.516473,0.0296630859375,-0.0836029052734375,-0.957061767578125,-0.021868658705044747,-0.03694278475337607,-0.9948466491149548
1789900214.615875,-0.007293701171875,0.1359710693359375,-1.057769775390625,-0.0189536671984108,-0.0023600139355133554,-1.0074312743700888
1789900214.715699,-0.109466552734375,-0.29974365234375,-0.982025146484375,-0.03705624430560364,-0.061836741617160684,-1.0023500487929462
1789900214.8151941,0.01544189453125,-0.021575927734375,-1.009368896484375,-0.026556616538232915,-0.05378457884060355,-1.003753818331232
1789900214.914943,0.0319061279296875,-0.17333984375,-0.8557281494140625,-0.014864067644648832,-0.07769563182248285,-0.9741486845477982
1789900215.014359,-0.0136260986328125,-0.2271575927734375,-0.7860260009765625,-0.014616473842281567,-0.10758802401267378,-0.9365241478335511
1789900215.1136541,-0.01727294921875,-0.0139617919921875,-0.989410400390625,-0.015147768917575254,-0.08886277760857653,-0.947101398344966
1789900215.2130609,0.072296142578125,0.08056640625,-1.1257476806640625,0.0023410133815647965,-0.05497694083686122,-0.9828306548087854
1789900215.312684,0.013580322265625,0.1298980712890625,-1.0745697021484375,0.004588875158376837,-0.018001938411676476,-1.0011784642767159
1789900215.41202,-0.071929931640625,-0.17529296875,-0.935455322265625,-0.01071488620142353,-0.04946014447934118,-0.9880338358744978
1789900215.511503,-0.0872802734375,0.0172271728515625,-1.0362091064453125,-0.026027963648638824,-0.03612268101316045,-0.9976688899886608
1789900215.611131,-0.1043243408203125,-0.0245819091796875,-1.1038818359375,-0.04168723908297356,-0.033814526646465864,-1.0189114791784286
1789900215.710542,-0.138824462890625,-0.0240478515625,-1.043060302734375,-0.061114683844503845,-0.03186119162967269,-1.023741243889618
1789900215.809984,-0.010986328125,-0.078948974609375,-0.9238128662109375,-0.05108901270060308,-0.04127874822561316,-1.0037555683538821
1789900215.909814,-0.0517425537109375,-0.1701507568359375,-0.76190185546875,-0.05121972090266996,-0.06705314994767803,-0.9553848257768558
1789900216.009186,0.0248565673828125,0.033447265625,-0.955841064453125,-0.03600446324557347,-0.046953066833142425,-0.9554760735121097
1789900216.108448,0.007720947265625,0.1187744140625,-1.089019775390625,-0.027259381143333778,-0.013807570654013938,-0.9821848138878129
1789900216.207951,0.005157470703125,-0.0348358154296875,-1.0781097412109375,-0.020776010774042026,-0.018013219609148652,-1.001369799352438
1789900216.307658,-0.0216217041015625,-0.0782318115234375,-1.03619384765625,-0.02094514943954612,-0.030056937992006424,-1.0083346090132004
1789900216.4070048,-0.028778076171875,-0.0609588623046875,-1.0615081787109375,-0.0225117347860119,-0.03623732285454264,-1.018969322952748
1789900216.506538,-0.02923583984375,0.016265869140625,-0.9969635009765625,-0.02385655579755952,-0.025736684455509112,-1.0145681585575108
1789900216.606241,-0.006561279296875,0.081451416015625,-0.9591217041015625,-0.020397500497422616,-0.0042990643612822906,-1.0034788676663213
1789900216.705597,-0.0059051513671875,0.100738525390625,-0.9319610595703125,-0.017499030671375596,0.01670845358909917,-0.9891753060471197
1789900216.805052,-0.0148162841796875,0.058441162109375,-0.945404052734375,-0.016962481373037977,0.025054995293154338,-0.9804210553845708
1789900216.904554,-0.004974365234375,0.050933837890625,-1.0184173583984375,-0.014564858145305382,0.03023076381264847,-0.9880203159873442
1789900217.004078,-0.0008087158203125,0.1106414794921875,-1.0283660888671875,-0.011813629680306807,0.046312906948556276,-0.9960894705633129
1789900217.10354,-0.0053863525390625,0.056488037109375,-1.0394439697265625,-0.010528174252057947,0.04834793298072002,-1.0047603703959629
1789900217.203016,0.01239013671875,-0.009552001953125,-1.028411865234375,-0.005944512057896359,0.03676794599395102,-1.0094906693636454
1789900217.3026,-0.00537109375,-0.0258331298828125,-0.973419189453125,-0.005829828396317087,0.024247730818598316,-1.0022763733815414
1789900217.4022431,0.0444183349609375,0.0409393310546875,-0.973541259765625,0.00421980427513383,0.027586050865816156,-0.9965293506583582
1789900217.501607,0.04290771484375,0.0724334716796875,-0.9550018310546875,0.011957386388857065,0.03655553502859043,-0.9882238467376242
1789900217.601362,0.015289306640625,-0.0792236328125,-0.9647216796875,0.012623770439210652,0.013399701460372344,-0.9835234133275994
1789900217.700643,0.0071868896484375,-0.04461669921875,-1.019317626953125,0.011536394281056022,0.0017964213245478759,-0.9906822560527045
1789900217.8004131,-0.0230865478515625,0.0821075439453125,-1.002105712890625,0.004611805854532318,0.0178586458487008,-0.9929669474202887
1789900217.8998861,0.0588226318359375,0.086334228515625,-0.9998016357421875,0.015453971050813354,0.03155376238208564,-0.9943338850846685
1789900217.9992108,-0.0207672119140625,-0.036041259765625,-0.979949951171875,0.008209734457838184,0.01803475795254351,-0.9914570983021098
1789900218.0989761,-0.020355224609375,-0.0845489501953125,-0.9363555908203125,0.002496742644395547,-0.002481983677027691,-0.9804367968057504
1789900218.198258,0.002044677734375,0.046905517578125,-1.0706787109375,0.0024063296623914377,0.007395516574002848,-0.9984851796321003
1789900218.297892,0.02325439453125,0.0421295166015625,-1.0949554443359375,0.00657594263616315,0.01434231657951478,-1.0177792325728678
1789900218.397276,-0.0326995849609375,-0.0326690673828125,-1.02386474609375,-0.00127916288325698,0.004940039787049325,-1.0189963352770444
1789900218.4971461,-0.0551300048828125,-0.0498809814453125,-0.9374847412109375,-0.012049331283168084,-0.006024164459423041,-1.002694016463823
1789900218.596826,-0.0145721435546875,0.0471954345703125,-0.9461822509765625,-0.012553893737471969,0.004619755346524068,-0.991391663366371
1789900218.69588,-0.0535125732421875,-0.0130157470703125,-0.9459228515625,-0.02074562963841508,0.0010926548631567542,-0.9822979010055969
1789900218.7954202,-0.0527801513671875,-0.054443359375,-1.0190277099609375,-0.027152533984169565,-0.010014547984474598,-0.989643862796665
1789900218.89494,-0.0247955322265625,0.071014404296875,-1.0715484619140625,-0.026681133632648152,0.006191242471795323,-1.0060247826201447
1789900218.994398,0.073577880859375,0.16571044921875,-0.9788665771484375,-0.006629330734243523,0.03809508382118626,-1.0005931415258034
1789900219.093821,-0.034881591796875,0.0568084716796875,-0.9274139404296875,-0.012279782946769818,0.04183776139288651,-0.9859573013065803
1789900219.1932979,-0.072052001953125,-0.0848846435546875,-0.954437255859375,-0.024234226748040856,0.016493280403371707,-0.9796532922171393
1789900219.29314,-0.018341064453125,0.01873779296875,-0.97540283203125,-0.023055594289057686,0.016942182916447366,-0.9788032001799615
1789900219.392416,-0.0258026123046875,0.044708251953125,-0.9633026123046875,-0.02360499789218365,0.022495396723782896,-0.9757030826049067
1789900219.49189,-0.0113677978515625,0.045166015625,-1.001251220703125,-0.02115755788405942,0.02702952050402632,-0.9808127102245504
1789900219.5915198,-0.01959228515625,0.05181884765625,-0.940155029296875,-0.020844503338497536,0.031987385934471056,-0.9726811740390154
1789900219.690949,-0.0001220703125,0.133880615234375,-1.022430419921875,-0.016700016733298028,0.052366031794451845,-0.9826310232155875
1789900219.790545,-0.0762939453125,-0.0354461669921875,-1.0132904052734375,-0.028618802449138423,0.03480359203712398,-0.9887628996271576
1789900219.89018,-0.05572509765625,-0.1877288818359375,-0.9985198974609375,-0.03404006149056074,-0.00970290273748832,-0.9907142991939136
1789900219.989399,-0.1432342529296875,-0.2684478759765625,-0.8747711181640625,-0.055878899778386094,-0.06145189738530316,-0.9675256629879435
1789900220.088914,-0.151153564453125,0.0662384033203125,-1.1403656005859375,-0.07493383271333388,-0.03591383724418003,-1.0020936505075424
1789900220.1886082,-0.12298583984375,-0.1230926513671875,-1.0908203125,-0.08454423413941711,-0.053349600068781526,-1.019838982906034
1789900220.288007,-0.051849365234375,0.4376373291015625,-1.17822265625,-0.0780052603584087,0.044847785765287286,-1.051515717574827
1789900220.3875542,0.0855712890625,0.1913299560546875,-0.928192138671875,-0.04528995047422696,0.07414421982316732,-1.0268510017942367
1789900220.487176,0.0181121826171875,-0.0155181884765625,-0.8399658203125,-0.03260952385594407,0.05621173816322136,-0.9894739654978894
1789900220.586401,0.0077972412109375,-0.1971588134765625,-0.85479736328125,-0.024528170842567754,0.005537627835264583,-0.9625386450545615
1789900220.686111,0.0478515625,0.1019134521484375,-0.8941192626953125,-0.010052224174054204,0.02481279269789917,-0.9488547685827118
1789900220.785602,-0.0822906494140625,-0.045745849609375,-1.071624755859375,-0.024499909222055867,0.010701064236444338,-0.9734087660380445
1789900220.885405,-0.1425018310546875,-0.0622711181640625,-1.1422271728515625,-0.0481002935885822,-0.0038933722436570294,-1.0071724474007482
1789900220.984637,-0.154266357421875,0.129730224609375,-1.301849365234375,-0.06933350635524077,0.022831347126949376,-1.0661078309674736
1789900221.084178,-0.033111572265625,0.0337982177734375,-0.9949798583984375,-0.06208911953731762,0.025024721256247003,-1.0518822364536664
1789900221.1836638,-0.0557708740234375,-0.055023193359375,-0.8317413330078125,-0.0608254704345416,0.009015138333122601,-1.0078540557644957
1789900221.2833672,-0.0494842529296875,-0.199310302734375,-0.816375732421875,-0.05855722693357078,-0.03264994988037692,-0.9695583910959716
1789900221.3827739,-0.1166839599609375,-0.084228515625,-0.893585205078125,-0.07018257353904413,-0.042965663029301535,-0.9543637538924024
1789900221.482158,-0.069183349609375,0.003326416015625,-0.9786376953125,-0.0699827287531103,-0.03370724722031623,-0.9592185421764219
1789900221.5817351,-0.0838470458984375,0.0366058349609375,-1.0928955078125,-0.07275559218217575,-0.01964463078406549,-0.9859539353036376
1789900221.681318,-0.059295654296875,-0.033782958984375,-1.1316680908203125,-0.07006360460511561,-0.022472296424127392,-1.0150967664069728
1789900221.7807732,-0.0376739501953125,0.072662353515625,-1.102081298828125,-0.06358567372315499,-0.0034453664361769124,-1.0324936728912033
1789900221.8804321,-0.075958251953125,-0.0514984130859375,-0.9781494140625,-0.066060189369149,-0.01305597576612903,-1.0216248211254626
1789900221.979739,-0.037139892578125,0.1722869873046875,-0.950286865234375,-0.0602761300109442,0.024012616848034282,-1.007357229947245
1789900222.079236,0.0310516357421875,0.1392059326171875,-0.927581787109375,-0.042010576860317866,0.047051280001864926,-0.9914021413796711
1789900222.1789088,-0.04998779296875,0.01611328125,-0.9739227294921875,-0.0436060200820043,0.04086368025149194,-0.9879062590021744
1789900222.2782168,-0.134765625,-0.0314788818359375,-1.0295257568359375,-0.06183794106560345,0.026395167834006056,-0.996230158568927
1789900222.377757,0.0125885009765625,-0.167816162109375,-0.9753875732421875,-0.04695265265717026,-0.012447098154670152,-0.9920616415035791
1789900222.477223,-0.0759429931640625,0.0048980712890625,-1.0734405517578125,-0.05275072075854871,-0.00897806426592362,-1.0083374235544258
1789900222.577242,-0.011077880859375,0.2069244384765625,-1.0703125,-0.04441615277871397,0.034202436282573606,-1.0207324388435406
1789900222.676114,-0.01947021484375,0.100494384765625,-0.9480438232421875,-0.039426965191721175,0.047460825979183885,-1.00619471572327
1789900222.7756228,-0.0374298095703125,-0.1325836181640625,-0.9859161376953125,-0.03902753406743944,0.011451937150534608,-1.0021390001176786
1789900222.8754392,-0.030609130859375,0.0809478759765625,-0.903350830078125,-0.03734385342582655,0.025351124915740188,-0.982381366109768
1789900222.97464,0.090423583984375,0.072265625,-0.8599700927734375,-0.01179036594378624,0.03473402493259215,-0.957899111442502
1789900223.074243,0.0408935546875,-0.0473785400390625,-0.9227142333984375,-0.0012535818175289926,0.01831151193826122,-0.9508621358336891
1789900223.173919,0.0099639892578125,0.040771484375,-1.0758514404296875,0.0009899323975393057,0.02280350642560898,-0.9758599967528888
1789900223.273237,0.0460052490234375,-0.1786041259765625,-1.030914306640625,0.009992995722718945,-0.017478020054825315,-0.9868708587304361
1789900223.3728418,0.0586090087890625,0.066192626953125,-1.124267578125,0.01971619833598766,-0.0007438906532352529,-1.014350202609349
1789900223.472292,-0.0149078369140625,0.0186309814453125,-1.105621337890625,0.012791391285977628,0.003131083766474298,-1.0326044296656043
1789900223.571919,-0.0269927978515625,-0.0371856689453125,-0.959442138671875,0.0048345534584696035,-0.004932266775883062,-1.0179719714668585
1789900223.67136,-0.0407867431640625,0.07891845703125,-0.9663543701171875,-0.004289705866036817,0.011837877985543551,-1.0076484511969244
1789900223.771224,-0.0037078857421875,0.0550689697265625,-0.965179443359375,-0.004173341841266954,0.020484096333747343,-0.9991546496294146
1789900223.870609,-0.0773162841796875,0.121337890625,-1.006317138671875,-0.018801930308951064,0.04065485519199788,-1.0005871474379067
1789900223.969876,0.02667236328125,0.1249237060546875,-1.0108184814453125,-0.009707071590910851,0.057508625364535805,-1.002633414239388
1789900224.069406,-0.0563812255859375,0.1253662109375,-0.9730987548828125,-0.019041902389916182,0.07108014247912865,-0.9967264823680729
1789900224.1688519,-0.1226043701171875,-0.0672149658203125,-0.9895782470703125,-0.039754395935370446,0.043421120819240426,-0.9952968353085209
1789900224.2685208,-0.040130615234375,0.1537017822265625,-0.9923095703125,-0.03982963979517136,0.06547725310070485,-0.9946993823093168
1789900224.368043,-0.0822296142578125,-0.06036376953125,-1.020355224609375,-0.04830963468769958,0.040309048574313874,-0.9998305507693285
1789900224.467373,0.0565948486328125,0.3692169189453125,-1.0729827880859375,-0.027328738023597164,0.1060906226485136,-1.0144609982326502
1789900224.567179,-0.0926513671875,0.058502197265625,-0.9248046875,-0.04039326385637773,0.09657293757193589,-0.9965297360861202
1789900224.667295,0.1102447509765625,0.3329925537109375,-1.0012359619140625,-0.01026566088978969,0.14385686079973622,-0.9974709812517087
1789900224.765955,-0.0273895263671875,-0.1781768798828125,-0.9180908203125,-0.013690433985269252,0.07945011266322649,-0.981594949063867
1789900224.865349,0.0323944091796875,0.0391082763671875,-1.057861328125,-0.004473465352277902,0.0713817454040187,-0.9968482248760936
1789900224.964779,0.0188751220703125,-0.008819580078125,-1.053131103515625,0.00019625213224017807,0.055341480307589966,-1.0081048006039999
1789900225.064501,-0.1268768310546875,-0.35455322265625,-0.9707489013671875,-0.025218364505145356,-0.026637460285178022,-1.0006336207566375
1789900225.16428,-0.039337158203125,-0.035430908203125,-0.9510498046875,-0.028042123244741285,-0.02839614986876742,-0.99071685754281
1789900225.263864,-0.0610504150390625,0.001922607421875,-1.0160369873046875,-0.034643781603605525,-0.02233239841063894,-0.9957808834951856
1789900225.363131,-0.084625244140625,-0.1286163330078125,-0.97344970703125,-0.044640074111009426,-0.04358918533007365,-0.9913146482023985
1789900225.462697,-0.030487060546875,0.0701141357421875,-1.096435546875,-0.04180947139818254,-0.020848521115621424,-1.0123388279369188
1789900225.5622149,-0.0506744384765625,-0.1718597412109375,-1.00018310546875,-0.04358246481385854,-0.051050765134684636,-1.0099076834432852
1789900225.661535,-0.09661865234375,-0.073394775390625,-1.016143798828125,-0.05418970231983683,-0.05551956718587271,-1.0111549065202532
1789900225.761215,-0.02685546875,0.10626220703125,-0.87152099609375,-0.04872285560586947,-0.02316321234244817,-0.9832281244349526
1789900225.860695,-0.011474609375,-0.048492431640625,-0.9697723388671875,-0.04127320635969558,-0.02822905620208354,-0.9805369673213996
1789900225.9604201,-0.0029449462890625,0.075225830078125,-1.0207061767578125,-0.03360755434556896,-0.007538078946041832,-0.9885708092086822
1789900226.059639,-0.1091461181640625,-0.0594329833984375,-1.017120361328125,-0.04871526710926767,-0.017917059836520966,-0.9942807196325708
1789900226.159065,-0.047210693359375,0.011871337890625,-1.0809173583984375,-0.04841435235928914,-0.011959380291091773,-1.0116080473857443
1789900226.2586899,-0.1096038818359375,-0.368560791015625,-0.885406494140625,-0.06065225825461881,-0.08327966243599842,-0.9863677367367205
1789900226.358115,-0.114013671875,-0.2275848388671875,-0.9257049560546875,-0.07132454097869506,-0.11214069772223624,-0.974235180600314
1789900226.4577851,0.001220703125,0.00103759765625,-0.8341522216796875,-0.05681549215795605,-0.089505038646539,-0.9462185888161888
1789900226.557108,-0.120330810546875,-0.2124481201171875,-0.8404693603515625,-0.06951855583573985,-0.11409365494066871,-0.9250687431232636
1789900226.6569262,-0.096771240234375,0.3265838623046875,-1.19921875,-0.07496909271546688,-0.02595815149159747,-0.9798987444986109
1789900226.756435,0.0724945068359375,0.1497650146484375,-1.0999603271484375,-0.045476372805186,0.009186481736409523,-1.0039110610285764
1789900226.855541,-0.0401458740234375,-0.235015869140625,-0.9969329833984375,-0.04441027304883631,-0.03965398843899738,-1.0025154455025487
1789900226.955175,-0.0692596435546875,-0.260009765625,-0.8462371826171875,-0.049380147150006555,-0.08372514387619791,-0.9712597929254765
1789900227.0548,-0.022979736328125,-0.0995025634765625,-0.9186859130859375,-0.044100064985630245,-0.08688062779627083,-0.9607450169575688
1789900227.1542659,-0.053955078125,-0.0974273681640625,-0.885894775390625,-0.0460710676135042,-0.08898997586982917,-0.94577496864418
1789900227.253715,0.0143280029296875,-0.089569091796875,-1.043426513671875,-0.033991253504865857,-0.08910579905523834,-0.9653052776497191
1789900227.35325,0.02606201171875,0.0726165771484375,-1.0276947021484375,-0.021980600460142684,-0.056761323814503176,-0.9777831625494628
1789900227.452883,-0.0813751220703125,-0.2388153076171875,-1.1126556396484375,-0.03385950478217665,-0.09317212057504004,-1.0047576579692579
1789900227.552186,-0.01702880859375,0.079315185546875,-1.0605926513671875,-0.03049336554449132,-0.058674659350657035,-1.0159246566488438
1789900227.6516728,-0.1292724609375,-0.0923919677734375,-0.9809417724609375,-0.05024918462309306,-0.06541812103521313,-1.0089280798112625
1789900227.7512832,-0.0894775390625,-0.23046875,-0.944549560546875,-0.058094855510974444,-0.09842824682817052,-0.9960523759583851
1789900227.850913,-0.0543975830078125,0.0528717041015625,-0.9596710205078125,-0.05735540101034206,-0.06816825664222392,-0.9887761048682706
1789900227.950428,-0.12542724609375,0.0201263427734375,-1.0731201171875,-0.07096977002702365,-0.05050933675909164,-1.0056449073321165
1789900228.050112,-0.0981597900390625,-0.1101226806640625,-1.06182861328125,-0.07640777402943143,-0.062432005540085815,-1.0168816485219434
1789900228.149132,-0.0531158447265625,-0.0706329345703125,-0.9806060791015625,-0.07174938816885765,-0.06407219134613115,-1.0096265346378672
1789900228.248673,-0.0726165771484375,-0.17059326171875,-0.9685821533203125,-0.07192282596477362,-0.08537640542065492,-1.0014176583743564
1789900228.348174,-0.074859619140625,-0.0885009765625,-1.0012664794921875,-0.07251018459994389,-0.08600131964902394,-1.0013874225979227
1789900228.448388,0.004547119140625,-0.082000732421875,-1.0341033935546875,-0.05709872385183012,-0.08520120220359416,-1.0079306167892756
1789900228.547596,0.0555419921875,0.0499420166015625,-0.8957672119140625,-0.034570580643964094,-0.058172558442562826,-0.9854979358142331
1789900228.647019,-0.0162811279296875,-0.0361480712890625,-0.9229888916015625,-0.030912690101108777,-0.05376766101186277,-0.972996126971699
1789900228.746409,-0.0412750244140625,-0.0347747802734375,-1.06256103515625,-0.032985156963699525,-0.04996908486417772,-0.9909091086086093
1789900228.845973,-0.0616455078125,0.11248779296875,-1.0160675048828125,-0.038717227133459625,-0.017477709297592174,-0.99594078786345
1789900228.9454942,-0.0309906005859375,-0.067718505859375,-0.934967041015625,-0.0371719018239552,-0.02752586860994874,-0.9837460384938851
1789900229.044919,-0.0665130615234375,-0.0798797607421875,-0.907318115234375,-0.043040133763851664,-0.03799664703639649,-0.9684604538419831
1789900229.144705,-0.111846923828125,-0.211517333984375,-1.043304443359375,-0.056801491776706334,-0.0727007844259922,-0.9834292517454616
1789900229.243881,-0.023681640625,-0.139404296875,-1.019256591796875,-0.050177521546365074,-0.08604148691579376,-0.9905947197557443
1789900229.343473,-0.060546875,0.023223876953125,-0.9454345703125,-0.05225139223709206,-0.06418841414201001,-0.9815626898670955
1789900229.443208,-0.0223541259765625,0.0136260986328125,-0.9315185546875,-0.046271938984986154,-0.04862551158704551,-0.9715538628311764
1789900229.542398,-0.1260223388671875,0.0338287353515625,-0.9907684326171875,-0.06222201896142643,-0.03213466219932391,-0.9753967767883787
1789900229.641916,0.0607452392578125,0.13470458984375,-1.096771240234375,-0.037628567317578646,0.001233188209290869,-0.9996716694775779
1789900229.7415938,-0.0169677734375,0.0396881103515625,-0.98828125,-0.03349640854156292,0.008924172637745196,-0.9973935855820624
1789900229.840911,-0.013275146484375,-0.10638427734375,-0.9921112060546875,-0.029452156130125334,-0.014137517358553845,-0.9963371096765875
1789900229.9403691,-0.0994415283203125,-0.0638275146484375,-0.9999847412109375,-0.04345003056816277,-0.024075516816530577,-0.9970666359834576
1789900230.039943,-0.024627685546875,-0.1318817138671875,-1.0635223388671875,-0.039685561563905215,-0.04563675622666197,-1.0103577765602036
1789900230.139529,-0.0059814453125,0.027801513671875,-0.9402008056640625,-0.032944738313624176,-0.030949102246954574,-0.9963263823809755
1789900230.239171,0.029815673828125,0.03765869140625,-1.0468292236328125,-0.020392655885274343,-0.017227543516313663,-1.0064269506313428
1789900230.338505,0.067413330078125,0.09466552734375,-1.04443359375,-0.002831458692594475,0.005151070655699072,-1.0140282792550743
1789900230.4379702,-0.0195159912109375,-0.13421630859375,-0.9669342041015625,-0.006168365196263081,-0.02272240519419074,-1.004609464224372
1789900230.537508,-0.1343231201171875,-0.087310791015625,-0.9525146484375,-0.03179931618044797,-0.0356400823584776,-0.9941905010669976
1789900230.637058,0.02813720703125,0.13519287109375,-1.048553466796875,-0.019812011538108378,-0.0014734916680320814,-1.0050630942129732
1789900230.736884,0.038238525390625,-0.2425384521484375,-0.9376678466796875,-0.008201904152361703,-0.049686483764113165,-0.9915840447063162
1789900230.836384,-0.014984130859375,-0.116546630859375,-0.998260498046875,-0.009558349493764362,-0.06305851318316553,-0.992919335374428
1789900230.9355168,0.0277862548828125,0.08087158203125,-0.9627685546875,-0.002089428618448989,-0.03427249414028243,-0.9868891792370424
1789900231.035221,0.03564453125,0.0076446533203125,-1.0352020263671875,0.00545736335524081,-0.025889064648163446,-0.9965517486630715
1789900231.134752,0.0111236572265625,0.0925140380859375,-1.0440216064453125,0.006590622129505148,-0.002208444101343257,-1.0060457202195197
1789900231.234054,-0.0282745361328125,-0.0027923583984375,-1.03070068359375,-0.0003824095229583817,-0.002325226960762106,-1.0109767128943659
1789900231.333658,0.1199951171875,-0.059112548828125,-0.9794769287109375,0.023693095819133297,-0.013682691334234685,-1.0046767560576801
1789900231.433198,-0.0464630126953125,-0.0724639892578125,-0.989166259765625,0.00966187411624414,-0.02543895091895025,-1.0015746567992692
1789900231.532716,0.0137939453125,0.1470184326171875,-1.13763427734375,0.010488288355495312,0.009052525788277296,-1.0287865809081653
1789900231.632386,0.0287017822265625,0.21405029296875,-1.081390380859375,0.01413098712970875,0.05005207922437184,-1.0393073408984073
1789900231.73167,-0.0928497314453125,0.1186065673828125,-1.078857421875,-0.0072651565852955,0.06376297685605997,-1.0472173570937258
1789900231.83142,-0.017822265625,0.14306640625,-1.03802490234375,-0.0093765783932364,0.07962366273484799,-1.0453788661437307
1789900231.9311519,-0.024200439453125,0.1157379150390625,-0.999847412109375,-0.012341350605214121,0.0868465131956909,-1.0362725753368596
1789900232.030514,0.02410888671875,0.0977935791015625,-0.9900665283203125,-0.005051303140421298,0.08903592637686522,-1.0270313659335502
1789900232.129816,-0.01312255859375,-0.21807861328125,-0.8418731689453125,-0.006665554231087038,0.027613018445242173,-0.9899997265359026
1789900232.229303,0.073089599609375,0.1452789306640625,-1.103057861328125,0.009285476537005368,0.05114620088900624,-1.0126113534943473
1789900232.328727,-0.008270263671875,-0.079010009765625,-0.9375152587890625,0.0057743284952292955,0.02511495875807999,-0.9975921345532903
1789900232.428294,0.07318115234375,0.027496337890625,-0.9997711181640625,0.019255693264933437,0.025591234584588996,-0.9980279312754448
1789900232.52802,-0.15924072265625,-0.2210845947265625,-0.937103271484375,-0.016443589919303253,-0.023743931277641305,-0.9858429993172309
1789900232.6272569,-0.018951416015625,-0.0563507080078125,-0.9913177490234375,-0.016945155138567605,-0.030265286623675544,-0.9869379492584722
1789900232.726911,-0.0001220703125,-0.247955322265625,-0.8698883056640625,-0.013580538173354086,-0.07380329375206543,-0.9635280205395904
1789900232.8263412,0.0453948974609375,0.1467132568359375,-0.940582275390625,-0.0017854510464957694,-0.029699983634464848,-0.9589388715097974
1789900232.9259748,0.0655517578125,0.092315673828125,-0.8419647216796875,0.011681990725303385,-0.005296852141946879,-0.9355440415437755
1789900233.025577,-0.06317138671875,-0.0812835693359375,-0.9501953125,-0.003288684763507292,-0.020494195580745004,-0.9384742957350204
1789900233.124867,0.071563720703125,0.0439910888671875,-1.110443115234375,0.011681796329819166,-0.0075971386911585035,-0.9728680596348914
1789900233.2243152,-0.0824432373046875,-0.1110687255859375,-1.0202178955078125,-0.007143210397082168,-0.028291456070114306,-0.9823380268094757
1789900233.323835,-0.0369110107421875,-0.252349853515625,-0.9300994873046875,-0.013096770466103235,-0.07310313555921645,-0.9718903189085181
1789900233.423451,0.039306640625,0.206146240234375,-1.0549468994140625,-0.0026160882478825885,-0.017253260400498162,-0.9885016350096271
1789900233.522907,-0.0915069580078125,0.043792724609375,-0.9810638427734375,-0.020394262199868573,-0.00504406339852353,-0.9870140765623892
1789900233.622519,-0.045745849609375,-0.006256103515625,-0.9709014892578125,-0.025464579681769857,-0.005286471421943824,-0.9837915591014739
1789900233.7219028,0.06964111328125,-0.1752777099609375,-0.9447174072265625,-0.006443441089165886,-0.03928471912974256,-0.9759767287264917
1789900233.821471,-0.06494140625,0.11920166015625,-1.0174102783203125,-0.01814303412133271,-0.007587443272544049,-0.9842634386452559
1789900233.9210138,0.038238525390625,0.0438385009765625,-0.9848175048828125,-0.006866722218941168,0.0026977455772772604,-0.9843742518927672
1789900234.0206609,0.020904541015625,0.01776123046875,-1.067413330078125,-0.0013124695720279347,0.005710442555571809,-1.0009820675298389
1789900234.119893,-0.00341796875,0.0794219970703125,-1.0532684326171875,-0.0017335694076223477,0.02045275345851995,-1.0114393405473088
1789900234.220561,-0.0244903564453125,0.08544921875,-1.0561370849609375,-0.006284926815160378,0.033452046516815964,-1.0203788894300345
1789900234.318959,0.0033111572265625,0.2638397216796875,-0.9408721923828125,-0.004365710006815803,0.07952958154939027,-1.0044775500205902
1789900234.418611,-0.075531005859375,0.1104583740234375,-0.864532470703125,-0.018598769177327643,0.08571534004419973,-0.9764885341570972
1789900234.518169,-0.04241943359375,0.124786376953125,-0.9511260986328125,-0.023362902060612117,0.0935295474259848,-0.9714160470522403
1789900234.617645,0.0262908935546875,0.142425537109375,-0.9727935791015625,-0.013432142937552195,0.10330874536266284,-0.9716915534621048
1789900234.716996,0.05938720703125,0.163787841796875,-1.0587921142578125,0.0011317270562082454,0.11540456464950528,-0.9891116656212464
1789900234.8168988,-0.047149658203125,0.166046142578125,-0.9779815673828125,-0.008524549995658404,0.12553288023522924,-0.9868856459735597
1789900234.916706,-0.185882568359375,0.04345703125,-1.0179290771484375,-0.043996153668401726,0.1091177104381834,-0.9930943322085353
1789900235.015837,-0.037567138671875,0.30072021484375,-1.058258056640625,-0.042710350669096384,0.14743821131929674,-1.0061270770949533
1789900235.1151571,-0.0125579833984375,0.0949859619140625,-1.0339508056640625,-0.03667987721496461,0.13694776143824988,-1.0116918228087752
1789900235.214491,-0.0323486328125,-0.010284423828125,-0.87298583984375,-0.03581362833447169,0.10750132438497491,-0.9839506262157702
1789900235.314023,-0.0130767822265625,0.099151611328125,-1.0444488525390625,-0.03126625911288985,0.10583138177360493,-0.9960502714804288
1789900235.4138021,-0.065765380859375,-0.0176544189453125,-0.97705078125,-0.038166083462186876,0.08113422162982145,-0.9922503734343431
1789900235.513396,-0.0850067138671875,0.086395263671875,-1.018341064453125,-0.047534209543187,0.08218643003823217,-0.9974685116380995
1789900235.612702,-0.0420684814453125,0.0716552734375,-0.965789794921875,-0.04644106392361211,0.08008019871808573,-0.9911327682948546
1789900235.7122688,-0.0982513427734375,-0.0691986083984375,-0.9569244384765625,-0.05680311969357719,0.050224437294781085,-0.9842911023311962
1789900235.811603,-0.01727294921875,0.04803466796875,-1.137359619140625,-0.04889708559861176,0.04978648342957487,-1.014904805693082
1789900235.911285,-0.0101776123046875,0.0861968994140625,-1.0336151123046875,-0.04115319093982691,0.0570685666264724,-1.0186468670154032
1789900236.010834,-0.0800933837890625,0.0146026611328125,-0.985992431640625,-0.04894122950967403,0.048575385527740426,-1.0121159799404476
1789900236.110208,-0.07550048828125,-0.02081298828125,-0.9210968017578125,-0.05425308126398922,0.034697710765942344,-0.9939121443039206
1789900236.2096782,-0.08306884765625,0.0772857666015625,-1.007781982421875,-0.060016234542441385,0.043215321933066375,-0.9966861119275114
1789900236.309228,-0.0416259765625,0.0683746337890625,-1.0373992919921875,-0.05633818294645311,0.0482471843042656,-1.0048287479404467
1789900236.408574,-0.0931243896484375,-0.1283111572265625,-1.039886474609375,-0.06369542428684999,0.01293551599809998,-1.0118402932742323
1789900236.508153,-0.090240478515625,-0.0763092041015625,-1.01531982421875,-0.069004435132605,-0.004913428021832516,-1.0125361994631359
1789900236.6077409,-0.0408935546875,-0.0184783935546875,-0.875213623046875,-0.063382259043584,-0.007626421128403513,-0.9850716841798838
1789900236.707117,-0.0633544921875,-0.1138153076171875,-0.89337158203125,-0.0633767056723672,-0.028864198426160313,-0.9667316637501571
1789900236.8066401,-0.0732574462890625,-0.078125,-1.0086517333984375,-0.06535285379570625,-0.038716358740928256,-0.9751156776798132
1789900236.9062781,-0.140350341796875,-0.149139404296875,-1.1077880859375,-0.08035235139594,-0.06080096785211761,-1.0016501593313505
1789900237.005779,0.0229644775390625,0.15570068359375,-1.0915374755859375,-0.05968898560893951,-0.017500637562944087,-1.0196276225822678
1789900237.105363,-0.0751190185546875,-0.1300048828125,-0.901702880859375,-0.06277499219808912,-0.04000148661285527,-0.9960426742376893
1789900237.204866,-0.1619415283203125,-0.0953521728515625,-0.8992919921875,-0.0826082994225338,-0.05107162386059672,-0.9766925378276514
1789900237.304374,-0.0871734619140625,-0.370208740234375,-0.900726318359375,-0.08352133192083955,-0.11489904713535239,-0.9614992939339961
1789900237.403786,-0.0953521728515625,-0.1678924560546875,-1.0470733642578125,-0.08588750010698415,-0.12549772891921943,-0.9786141079987594
1789900237.503401,-0.123443603515625,-0.2586669921875,-1.0338134765625,-0.09339872078871232,-0.15213158157287554,-0.9896539817115075
1789900237.602982,-0.0806732177734375,-0.230316162109375,-0.954315185546875,-0.09085362018565737,-0.16776849768017543,-0.9825862224785811
1789900237.702197,0.055999755859375,0.1510467529296875,-0.9595184326171875,-0.0614829449766509,-0.10400544755820286,-0.9779726645063024
1789900237.801789,-0.01129150390625,-0.020751953125,-1.025970458984375,-0.05144465676257072,-0.08735474867156229,-0.987572223401917
1789900237.901253,0.0813751220703125,-0.118896484375,-0.9075164794921875,-0.024880700995994074,-0.09366309581224982,-0.9715610746199711
1789900238.0011802,-0.050048828125,0.0159759521484375,-1.120147705078125,-0.02991432642179526,-0.07173528622011237,-1.0012784007116018
1789900238.1011472,-0.162567138671875,0.0200347900390625,-1.0773162841796875,-0.05644488887181121,-0.0533812709682774,-1.016485977405219
1789900238.199884,-0.1772918701171875,-0.0095672607421875,-1.1143951416015625,-0.08061428512088648,-0.04461846892305942,-1.0360678102444878
1789900238.299622,-0.0761260986328125,-0.0305938720703125,-0.940032958984375,-0.07971664782327169,-0.041813549552510036,-1.0168608399924652
1789900238.398816,-0.1077728271484375,0.0926055908203125,-0.954833984375,-0.08532788368830486,-0.014929721477945534,-1.0044554688689722
1789900238.4983559,0.0149078369140625,-0.063201904296875,-0.93231201171875,-0.0652807395678314,-0.02458415804173143,-0.9900267774389278
1789900238.59813,-0.176971435546875,-0.1647491455078125,-0.9853668212890625,-0.08761887876364012,-0.05261715553494765,-0.9890947862089547
1789900238.6974149,-0.0660400390625,-0.1477203369140625,-1.04742431640625,-0.0833031108234121,-0.07163779181077062,-1.0007606922484138
1789900238.796846,-0.004730224609375,0.146148681640625,-1.0479278564453125,-0.06758853358060468,-0.028080497120491498,-1.0101941250877937
1789900238.896918,-0.071990966796875,-0.003265380859375,-1.08892822265625,-0.06846902022385876,-0.0231174738682682,-1.025940944601485
1789900238.9969,-0.1279449462890625,0.158538818359375,-1.025665283203125,-0.08036420543689951,0.01321378457726044,-1.025885812321813
1789900239.095597,-0.076385498046875,0.055511474609375,-0.9794464111328125,-0.07956846395889461,0.021673322583683353,-1.016597932084013
1789900239.194988,-0.01605224609375,0.328125,-0.994537353515625,-0.06686522038586569,0.0829636580669467,-1.0121858163703354
1789900239.294636,-0.0397491455078125,-0.1348419189453125,-0.9162445068359375,-0.06144200541025505,0.039402542664494854,-0.992997554463456
1789900239.394583,-0.0990447998046875,0.1154022216796875,-1.003082275390625,-0.06896256428914155,0.05460247846753338,-0.9950144986488898
1789900239.4936109,-0.1910858154296875,-0.4490203857421875,-0.9108123779296875,-0.09338721451725074,-0.046122094374410796,-0.9781740745050493
1789900239.5930161,0.0335235595703125,0.1243896484375,-1.061370849609375,-0.0680050596997381,-0.012019745812028637,-0.9948134295259144
1789900239.692522,-0.10260009765625,-0.04986572265625,-0.8184814453125,-0.07492406729104048,-0.019588941180872912,-0.9595470326832316
1789900239.792218,-0.0620269775390625,-0.0106658935546875,-0.930206298828125,-0.07234464934064488,-0.01780433165563583,-0.9536788859122104
1789900239.89168,0.03826904296875,0.000152587890625,-1.03863525390625,-0.05022191087876591,-0.014212947746383665,-0.9706701595110183
1789900239.991152,-0.1453399658203125,-0.100799560546875,-1.0410003662109375,-0.06924552186707522,-0.031530270306481936,-0.9847362008510022
1789900240.090682,0.1183013916015625,0.41119384765625,-1.1612091064453125,-0.03173613917334768,0.05701455328606446,-1.0200307819698644
1789900240.190052,-0.0493927001953125,0.1373138427734375,-1.0233154296875,-0.03526745137774065,0.07307441118353908,-1.0206877115133917
1789900240.289768,-0.1995849609375,-0.3542327880859375,-0.917877197265625,-0.06813095328969251,-0.012387028670356237,-1.0001256086638384
1789900240.3890991,0.0251617431640625,0.0263519287109375,-1.0189208984375,-0.04947241399894151,-0.00463923719409749,-1.0038846666185708
1789900240.488686,-0.069427490234375,-0.154541015625,-0.9956512451171875,-0.05346342924602821,-0.034619592880277994,-1.002237982318294
1789900240.588097,-0.025970458984375,-0.0330657958984375,-1.0257720947265625,-0.047964835193697576,-0.034308833483909895,-1.0069448047999479
1789900240.687608,0.06988525390625,0.0461883544921875,-1.055206298828125,-0.024394817373708064,-0.018209395888690416,-1.0165971036055834
1789900240.787166,-0.0533599853515625,0.03607177734375,-0.94964599609375,-0.030187850969278954,-0.007353161242202334,-1.0032068821032167
1789900240.886692,0.0032958984375,-0.0009307861328125,-0.9184112548828125,-0.023491101087923166,-0.0060686862203243675,-0.986247756659136
1789900240.986254,-0.218170166015625,-0.0952301025390625,-0.95489501953125,-0.06242691407346354,-0.023900969484071995,-0.9799772092335588
1789900241.085773,-0.07171630859375,-0.0784454345703125,-1.052703857421875,-0.06428479297752084,-0.034809862501320094,-0.9945225388712221
1789900241.1855888,-0.156402587890625,-0.2060089111328125,-0.9973297119140625,-0.08270835196014167,-0.06904967222761858,-0.9950839734797903
1789900241.2854528,-0.1070098876953125,0.029449462890625,-0.9781494140625,-0.08756865910717584,-0.04934984520396987,-0.9916970615963323
1789900241.384985,0.0122528076171875,0.2973785400390625,-1.1392974853515625,-0.06760436576230318,0.019995831844636602,-1.0212171463473783
1789900241.483797,-0.0827178955078125,-0.0641326904296875,-0.9888153076171875,-0.07062707171140505,0.003170127389771781,-1.0147367786013402
1789900241.5840778,-0.1152801513671875,0.0718994140625,-1.1244354248046875,-0.07955768764256155,0.016915984724317427,-1.0366765078420097
1789900241.682787,-0.07635498046875,-0.04425048828125,-1.1075286865234375,-0.07891714620779924,0.004682690123203943,-1.0508469435782954
1789900241.782356,-0.11822509765625,0.080169677734375,-1.0611724853515625,-0.0867787364974894,0.019780087645438156,-1.052912051932949
1789900241.8817139,-0.0633392333984375,-0.0680084228515625,-0.93719482421875,-0.08209083587767903,0.002222385546038024,-1.029768606390109
1789900241.981213,-0.1013641357421875,-0.2660369873046875,-0.8036651611328125,-0.08594549585058073,-0.05142948902410708,-0.9845479173386498
1789900242.080957,-0.0494384765625,0.039337158203125,-0.9893646240234375,-0.07864409199296458,-0.03327615957866067,-0.9855112586756074
1789900242.181161,-0.095245361328125,-0.155548095703125,-0.9229278564453125,-0.08196434585999668,-0.05773054680355354,-0.9729945782295485
1789900242.279881,-0.0946197509765625,0.0682220458984375,-1.0906524658203125,-0.08449542688330984,-0.03254002826315533,-0.9965261557477013
1789900242.379313,-0.1076507568359375,0.0719757080078125,-0.9466094970703125,-0.08912649287383538,-0.011636881008961764,-0.9865428240122236
1789900242.4789739,0.0877685546875,-0.126129150390625,-0.9181060791015625,-0.05374748336156831,-0.03453533488529441,-0.9728554750300915
1789900242.578652,-0.0703582763671875,-0.23529052734375,-0.8761444091796875,-0.05706964196269215,-0.07468637337698553,-0.9535132618600108
1789900242.677833,-0.1300048828125,-0.2591094970703125,-0.913909912109375,-0.07165669013265372,-0.11157099811565094,-0.9455925919098838
1789900242.777349,-0.1774444580078125,-0.07391357421875,-1.114227294921875,-0.09281424370768548,-0.10403951333627076,-0.9793195325122821
1789900242.87673,-0.1046295166015625,0.003997802734375,-0.9875030517578125,-0.0951772982864609,-0.08243205012214162,-0.9809562363613883
1789900242.976626,0.1043701171875,0.1922149658203125,-1.007080078125,-0.055267815191668734,-0.027502646933650794,-0.9861810047141106
1789900243.0762072,-0.049560546875,-0.13623046875,-0.886199951171875,-0.05412636152833499,-0.04924821129692064,-0.9661847940056635
1789900243.175363,-0.0025482177734375,0.134796142578125,-1.0126190185546875,-0.0438107327773555,-0.012439340521911514,-0.9754716389154683
1789900243.274821,0.00152587890625,0.0196075439453125,-1.08563232421875,-0.0347434104406344,-0.006029963628466712,-0.9975037759761246
1789900243.3743439,0.01239013671875,0.07373046875,-1.0562591552734375,-0.02531670100875752,0.009922122847226631,-1.0092548518355873
1789900243.473833,-0.0550689697265625,0.228302001953125,-1.1628570556640625,-0.03126715475231852,0.053598098668406306,-1.0399752926012824
1789900243.573594,0.012115478515625,0.0975799560546875,-0.9618072509765625,-0.022590628098729817,0.062394470145662545,-1.0243416842763384
1789900243.672923,-0.0949249267578125,-0.1613006591796875,-0.89996337890625,-0.037057487830546354,0.017655444280592535,-0.9994660232023208
1789900243.7725282,-0.02056884765625,-0.0615692138671875,-1.009307861328125,-0.033759759795687086,0.0018105126510365287,-1.0014343908274816
1789900243.8719811,-0.0565185546875,0.0624847412109375,-0.99493408203125,-0.038311518774049674,0.013945358363016722,-1.0001343290682354
1789900243.9714851,-0.091094970703125,-0.1645660400390625,-0.995697021484375,-0.04886820915986474,-0.02175692131739912,-0.9992468675514634
1789900244.070895,0.0034332275390625,-0.178253173828125,-1.062652587890625,-0.038407921820079294,-0.05305617181954429,-1.011928011619296
1789900244.170363,-0.0937957763671875,0.0954132080078125,-1.0106964111328125,-0.04948549272950094,-0.023362295854072932,-1.0116816915219993
1789900244.270014,-0.104705810546875,0.03973388671875,-1.023040771484375,-0.06052955629297575,-0.010743059339508346,-1.0139535075144746
1789900244.369491,-0.1432952880859375,-0.2153167724609375,-1.007904052734375,-0.07708270265156811,-0.05165780196379418,-1.0127436165584547
1789900244.468935,-0.106231689453125,0.113128662109375,-0.96112060546875,-0.0829125000118795,-0.01870050914916034,-1.0024190143405138
1789900244.568573,-0.100067138671875,0.1812286376953125,-1.0654144287109375,-0.08634342774387861,0.021285320219734227,-1.0150180972145986
1789900244.6679668,-0.001190185546875,-0.091339111328125,-1.0604705810546875,-0.06931277930447789,-0.0012395660898376175,-1.0241085939826164
1789900244.767427,0.0880126953125,0.349822998046875,-0.99444580078125,-0.03784768438108231,0.0689729467375049,-1.0181760353423432
1789900244.867136,-0.0048980712890625,-0.109283447265625,-0.9114227294921875,-0.031257761762678346,0.03332166793687892,-0.9968253741723121
1789900244.966772,-0.0202178955078125,0.0663299560546875,-0.9202117919921875,-0.029049788511705178,0.03992332556044064,-0.9815026577362872
1789900245.066279,-0.0645294189453125,-0.0556793212890625,-0.887603759765625,-0.036145714598426644,0.020802796190540013,-0.9627228781421548
1789900245.165714,-0.0720367431640625,-0.1644439697265625,-0.9611358642578125,-0.04332392031155381,-0.016246556992880492,-0.9624054753652864
1789900245.265085,-0.006439208984375,-0.06048583984375,-1.049835205078125,-0.03594697804611805,-0.025094413563054398,-0.9798914213078542
1789900245.3647618,-0.075225830078125,0.033966064453125,-1.0055389404296875,-0.04380274845251944,-0.013282317959818518,-0.985020925132221
1789900245.464417,-0.1283416748046875,0.040740966796875,-0.9992523193359375,-0.060710533722953056,-0.002477661008479815,-0.9878672039729643
1789900245.563727,-0.075408935546875,0.11407470703125,-0.9303131103515625,-0.06365021408773744,0.02083281259946615,-0.9763563852486841
1789900245.663487,-0.0115203857421875,-0.0384063720703125,-0.9649810791015625,-0.053224248418627454,0.00898497566551042,-0.9740813240192598
1789900245.762814,-0.033416748046875,0.1834259033203125,-1.0770416259765625,-0.04926274834427696,0.04387316119647084,-0.9946733844107204
1789900245.862854,-0.1750946044921875,-0.2592926025390625,-1.01617431640625,-0.07442911957385907,-0.01675999155063583,-0.9989735708098264
1789900245.961694,-0.1222076416015625,0.0821990966796875,-1.104278564453125,-0.08398482397939977,0.0030318260954288363,-1.020034569538486
1789900246.0613198,-0.0305633544921875,-0.1208648681640625,-1.008209228515625,-0.07330053008195732,-0.021747512756469432,-1.0176695013339139
1789900246.1609678,-0.1007232666015625,0.21002197265625,-0.9714202880859375,-0.07878507738587835,0.024606384326074458,-1.0084196586843186
1789900246.260325,-0.001983642578125,-0.065460205078125,-0.9146575927734375,-0.06342479042432768,0.006593066445234566,-0.9896672455021424
1789900246.359796,-0.030609130859375,0.150238037109375,-0.979156494140625,-0.05686165851133715,0.035322060578062656,-0.9875650952298389
1789900246.459279,-0.1199951171875,-0.221588134765625,-0.9047393798828125,-0.06948835024656973,-0.016059978490674875,-0.9709999521604337
1789900246.5588288,-0.1077728271484375,-0.3704833984375,-1.025238037109375,-0.07714524562694329,-0.0869446624800399,-0.981847569150222
1789900246.65834,-0.096771240234375,-0.2099151611328125,-0.9741668701171875,-0.08107044454842963,-0.11153876221059442,-0.9803114293436151
1789900246.75779,-0.0761871337890625,0.1360931396484375,-1.1120758056640625,-0.0800937823965562,-0.06201238183878803,-1.0066643046077046
1789900246.857479,0.0627593994140625,0.1618804931640625,-0.94561767578125,-0.05152314603443247,-0.017233806838217923,-0.9944549788424137
1789900246.9569402,-0.092010498046875,-0.0641937255859375,-0.8173828125,-0.05962061643692098,-0.026625790587761843,-0.959040545573931
1789900247.056699,-0.0934295654296875,-0.1534423828125,-0.9973297119140625,-0.06638240623547428,-0.05198910903270948,-0.9666983788419574
1789900247.156455,-0.1678009033203125,-0.2094879150390625,-1.0043182373046875,-0.08666610565244193,-0.08348887023398009,-0.9742223505345036
1789900247.255343,-0.0225372314453125,-0.3298797607421875,-0.9357757568359375,-0.07384033081101604,-0.13276704833562158,-0.9665330317947904
1789900247.354954,-0.1834716796875,-0.108154296875,-0.92718505859375,-0.09576660058631284,-0.12784449804349726,-0.9586634371545825
1789900247.45434,0.0416717529296875,0.0807647705078125,-1.1381072998046875,-0.06827892988311278,-0.08612264433323531,-0.9945522096846036
1789900247.5538058,-0.0939788818359375,-0.084259033203125,-0.9776763916015625,-0.07341892027367773,-0.08574992210721324,-0.9911770460679954
1789900247.653607,-0.1414031982421875,0.1034088134765625,-0.949310302734375,-0.08701577586737969,-0.04791817499045809,-0.9828036974012714
1789900247.75285,-0.1570587158203125,-0.253204345703125,-0.9542388916015625,-0.10102436385796626,-0.08897540913299148,-0.9770907362413297
1789900247.852549,-0.0519866943359375,0.2192840576171875,-1.019317626953125,-0.09121682995356051,-0.027323515782955686,-0.9855361143836888
1789900247.9524589,-0.0891876220703125,-0.168548583984375,-1.021636962890625,-0.09081098837691091,-0.05556852942323955,-0.9927562840850761
1789900248.051443,0.007904052734375,0.171539306640625,-0.951904296875,-0.07106798015465372,-0.010146962210466647,-0.984585886643061
1789900248.151166,-0.000732421875,0.145294189453125,-0.95794677734375,-0.05700086849872298,0.020941268122251683,-0.9792580647831989
1789900248.250426,-0.0336151123046875,0.053863525390625,-0.9697113037109375,-0.052323717259915886,0.02752571957592635,-0.9773487125687466
1789900248.349895,-0.0795440673828125,0.070587158203125,-0.972381591796875,-0.05776778728449522,0.036138007301366085,-0.9763552884143722
1789900248.4495,-0.0703582763671875,-0.1253509521484375,-0.9645233154296875,-0.06028588510103368,0.003840215411405369,-0.9739888938174353
1789900248.549121,-0.08734130859375,0.1170196533203125,-1.059814453125,-0.06569696979957694,0.026476102993186798,-0.9911540056789483
1789900248.6485581,-0.1816558837890625,-0.0249176025390625,-1.053863525390625,-0.08888875259747406,0.01619736188673694,-1.0036959096212836
1789900248.748331,-0.13848876953125,0.204498291015625,-1.010009765625,-0.09880875598422925,0.05385754771251455,-1.004958680822027
1789900248.847595,-0.041473388671875,0.0079345703125,-0.9312896728515625,-0.08734168252175842,0.044672952232511644,-0.9902248792279341
1789900248.947225,-0.06512451171875,-0.1283721923828125,-1.0168304443359375,-0.08289824836115674,0.010063923309446814,-0.9955459922495349
1789900249.046609,-0.0298004150390625,-0.000701904296875,-0.93267822265625,-0.0722786816967379,0.00791075778818245,-0.982972438330878
1789900249.151084,-0.041107177734375,0.0441131591796875,-1.0544891357421875,-0.06604438090426533,0.015151238066483462,-0.9972757778131399
1789900249.250657,-0.033782958984375,0.14544677734375,-0.9912109375,-0.05959209652028727,0.04121034592193677,-0.996062809750512
1789900249.350169,0.06005859375,0.13482666015625,-1.0267333984375,-0.03566195846622981,0.059933608768799426,-1.0021969274879097
1789900249.449823,-0.011627197265625,0.167266845703125,-0.9273529052734375,-0.03085500622610885,0.08140025615566454,-0.9872281230450153
1789900249.549252,-0.024444580078125,0.007904052734375,-1.0234832763671875,-0.029572920996512084,0.06670101547140664,-0.9944791537094497
1789900249.6488519,0.0068511962890625,-0.2152862548828125,-0.9555816650390625,-0.02228809753939717,0.010303561400562808,-0.9866996559753723
1789900249.748527,-0.0902252197265625,0.02252197265625,-1.11065673828125,-0.035875521976830235,0.012747243651700248,-1.011491072436548
1789900249.847643,-0.1265411376953125,0.137603759765625,-1.184234619140625,-0.054008645120526694,0.0377185468744852,-1.0460397817773635
1789900249.947453,-0.113372802734375,0.201568603515625,-1.1513519287109375,-0.06588147664329636,0.07048855820271316,-1.0671022111640784
1789900250.046974,-0.03656005859375,0.188201904296875,-0.97296142578125,-0.06001719303338708,0.09403122742154553,-1.0482740540875128
1789900250.146426,-0.0749359130859375,0.0512237548828125,-0.7584228515625,-0.06300093704389717,0.08546973291379892,-0.9903038135825104
1789900250.2456942,0.0291748046875,-0.113037109375,-0.837615966796875,-0.044565788697617736,0.04576836445603913,-0.9597662442253834
1789900250.3450708,0.071929931640625,-0.048126220703125,-1.0042724609375,-0.02126664462996919,0.026989447424206302,-0.9686674875678067
1789900250.444604,-0.119873046875,-0.2144927978515625,-1.0645751953125,-0.04098792507897535,-0.02130700163094746,-0.9878490291167454
1789900250.544205,-0.0515289306640625,0.170074462890625,-1.14190673828125,-0.04309612619599278,0.016969291273367035,-1.0186605709496463
1789900250.643674,-0.1129150390625,0.12591552734375,-1.095062255859375,-0.057059908769294225,0.03875853848744363,-1.0339409079315922
1789900250.7433991,-0.0794219970703125,0.0616607666015625,-0.9361724853515625,-0.06153232642949788,0.0433389841102674,-1.0143872234155864
1789900250.842726,-0.1639862060546875,-0.0707855224609375,-0.8509063720703125,-0.0820231023545358,0.02051408279602642,-0.9816910531465317
1789900250.942202,-0.1972503662109375,-0.206024169921875,-0.9121246337890625,-0.10506855512581614,-0.024793567747553865,-0.9677777692750379
1789900251.041707,-0.0165252685546875,-0.0066986083984375,-1.0422821044921875,-0.08735989781159043,-0.021174575877730594,-0.9826786363184679
1789900251.1411672,-0.1160430908203125,-0.2865447998046875,-1.100921630859375,-0.09309653641333485,-0.07424862066312198,-1.0063272352266495
1789900251.240735,-0.0325775146484375,-0.013031005859375,-1.05126953125,-0.08099273206035539,-0.062005097702372586,-1.0153156944313195
1789900251.340203,0.0244903564453125,0.1510009765625,-0.9147186279296875,-0.059896114359221805,-0.019403882849398073,-0.9951962811309932
1789900251.439846,-0.093841552734375,0.2106781005859375,-1.0091400146484375,-0.06668520203425245,0.026612513837669043,-0.9979850278344822
1789900251.539293,-0.0869293212890625,0.06011962890625,-0.969970703125,-0.07073402588521446,0.033313936851385235,-0.9923821628925857
1789900251.638713,-0.0959320068359375,0.06072998046875,-1.083984375,-0.07577362207535907,0.038797145574858194,-1.0107026053140686
1789900251.738442,-0.08953857421875,0.0261077880859375,-1.0725860595703125,-0.07852661250403725,0.036259274077074057,-1.0230792961653175
1789900251.837726,-0.1040802001953125,-0.417388916015625,-1.0700531005859375,-0.0836373300422923,-0.05447036394146576,-1.0324740570494415
1789900251.937278,-0.1169586181640625,0.01361083984375,-1.0574798583984375,-0.09030158766664635,-0.04085412318442261,-1.0374752173192408
1789900252.036652,-0.081207275390625,0.2315521240234375,-0.995574951171875,-0.0884827252114421,0.01362712625714941,-1.0290951640897676
1789900252.13667,0.0428009033203125,0.1335601806640625,-0.978790283203125,-0.06222599950509118,0.03761373713853203,-1.0190341879124392
1789900252.236216,-0.036376953125,-0.16650390625,-0.9579010009765625,-0.05705619022907295,-0.003209791539174379,-1.0068075505252638
1789900252.33528,-0.0958404541015625,-0.2216796875,-0.974945068359375,-0.06481304300357087,-0.04690377073133951,-1.000435054092086
1789900252.434857,-0.23968505859375,-0.3470306396484375,-0.9626007080078125,-0.0997874461216067,-0.10692914451475911,-0.9928681848752314
1789900252.534467,-0.1536712646484375,-0.06988525390625,-0.970184326171875,-0.11056420982697286,-0.0995203663930573,-0.9883314131345602
1789900252.633882,-0.0944061279296875,-0.0036468505859375,-1.0154876708984375,-0.1073325934475158,-0.08034566323163335,-0.9937626646873357
1789900252.733207,0.0106353759765625,0.400726318359375,-1.083587646484375,-0.08373899956270016,0.015868733086568332,-1.0117276610467436
1789900252.833002,-0.094451904296875,-0.490936279296875,-0.83319091796875,-0.08588158050953514,-0.08549226939012033,-0.976020312431145
1789900252.932358,0.0247039794921875,-0.15185546875,-0.810150146484375,-0.06376446850919061,-0.09876490926209627,-0.9428462792417911
1789900253.032197,-0.1361846923828125,-0.2705841064453125,-0.9870758056640625,-0.078248513283915,-0.13312874869873953,-0.9516921845262455
1789900253.1314812,-0.031280517578125,-0.1535797119140625,-1.169525146484375,-0.068854914142757,-0.13721894134180412,-0.9952587769178713
1789900253.230834,-0.0247802734375,0.1186981201171875,-1.1062469482421875,-0.06003998600170561,-0.0860355290500058,-1.0174564111827347
1789900253.3305712,-0.0626068115234375,0.0986785888671875,-0.9997100830078125,-0.06055335110605199,-0.04909270546656714,-1.0139071455477504
1789900253.429953,-0.144989013671875,0.172576904296875,-0.9864349365234375,-0.0774404836192166,-0.004758783513878713,-1.0084127037428878
1789900253.529587,-0.0030364990234375,-0.0904998779296875,-0.8939971923828125,-0.06255968670006078,-0.021907002397040472,-0.9855296014708729
1789900253.62903,-0.0738372802734375,0.0989227294921875,-0.886138916015625,-0.06481520541473612,0.002258943980805124,-0.9656514643798234
1789900253.728534,-0.0794830322265625,0.0252838134765625,-1.083160400390625,-0.0677487707771014,0.0068639178799565995,-0.9891532515819839
1789900253.8281121,-0.166046142578125,-0.34490966796875,-1.0702362060546875,-0.08740824513730612,-0.06349079928978472,-1.0053698424765247
1789900253.927563,-0.0944061279296875,0.114044189453125,-1.033111572265625,-0.08880782169578241,-0.02798380154120278,-1.0109181884343448
1789900254.027055,-0.1123199462890625,-0.0323486328125,-0.849945068359375,-0.09351024661443844,-0.028856767795462226,-0.9787235644193509
1789900254.1266289,-0.0910186767578125,-0.01971435546875,-0.9225006103515625,-0.09301193264311325,-0.027028285330119785,-0.9674789736057933
1789900254.226143,-0.241455078125,-0.3042144775390625,-0.8704376220703125,-0.12270056173949061,-0.08246552377190833,-0.9480707032986971
1789900254.325583,-0.1373138427734375,-0.0597076416015625,-1.017822265625,-0.12562321794628,-0.07791394733783917,-0.9620210157639578
1789900254.425097,-0.1171112060546875,-0.075164794921875,-1.1115264892578125,-0.12392081556796151,-0.07736411685464634,-0.9919221104627288
1789900254.524571,0.0579681396484375,0.3097076416015625,-1.238494873046875,-0.08754302452468171,5.0234836595428045e-05,-1.0412366629795582
1789900254.624206,-0.1190032958984375,0.0073699951171875,-1.104248046875,-0.09383507879943287,0.0015141868927138426,-1.0538389397586467
1789900254.7235808,-0.2408294677734375,-0.0701446533203125,-1.0232391357421875,-0.1232339565942338,-0.012817581149891427,-1.047718978955355
1789900254.823205,-0.0248260498046875,-0.2067413330078125,-0.9546051025390625,-0.10355237523632455,-0.05160233152147564,-1.0290962036720965
1789900254.922579,0.039215087890625,-0.0829315185546875,-0.8282318115234375,-0.07499888261093464,-0.05786816892811802,-0.9889233252423648
1789900255.022143,-0.0003204345703125,0.0623016357421875,-0.9548797607421875,-0.06006319300281021,-0.03383420799405692,-0.9821146123423294
1789900255.121695,-0.016265869140625,0.014892578125,-1.031890869140625,-0.05130372823037317,-0.024088850770245536,-0.9920698637019887
1789900255.221144,-0.0768890380859375,-0.383209228515625,-1.016204833984375,-0.05642079020148604,-0.09591292631932144,-0.9968968577584659
1789900255.3208752,-0.046356201171875,0.1318817138671875,-1.117889404296875,-0.054407872395563835,-0.050353998282019655,-1.0210953670661478
1789900255.420257,-0.032073974609375,-0.0579071044921875,-1.019317626953125,-0.049941092838326075,-0.051864619524053225,-1.0207398190435433
1789900255.5198479,-0.0936126708984375,0.00665283203125,-0.923736572265625,-0.05867540845034836,-0.040161129212992586,-1.0013391696879597
1789900255.619237,-0.0528411865234375,0.1693878173828125,-0.920379638671875,-0.05750856406496619,0.0017486601061684343,-0.9851472634847428
1789900255.7199268,-0.103271484375,0.0306396484375,-0.8380279541015625,-0.06666114812697296,0.007526857772434748,-0.9557234016081069
1789900255.818221,0.022247314453125,0.18206787109375,-0.9138641357421875,-0.04887945561095337,0.0424350604366978,-0.9473515484349231
1789900255.9179559,-0.1800689697265625,0.0108642578125,-1.04388427734375,-0.07511735843407522,0.03612089991185824,-0.9666580942166886
1789900256.017415,-0.142852783203125,-0.0902099609375,-1.0493316650390625,-0.08866444338788518,0.010854727741986592,-0.9831928083811634
1789900256.1167068,-0.007598876953125,0.178436279296875,-1.0308074951171875,-0.07245133010093315,0.04437103805296427,-0.9927157457283683
1789900256.216815,-0.08544921875,0.1707916259765625,-0.92626953125,-0.07505090783074653,0.06965515563768392,-0.9794265028326947
1789900256.3159661,0.0276336669921875,0.3433837890625,-0.80950927734375,-0.054513992866159725,0.12440088232264714,-0.9454430577349059
1789900256.415327,-0.0633697509765625,0.01318359375,-0.974853515625,-0.056285144488240284,0.10215742460811772,-0.9513251493129248
1789900256.5148978,-0.1113128662109375,-0.07373046875,-1.0072021484375,-0.06729068883277972,0.06697984593649417,-0.9625005491378399
1789900256.614602,-0.1248016357421875,0.027587890625,-1.112945556640625,-0.07879287821466129,0.05910145487419534,-0.9925895506383969
1789900256.713925,-0.142059326171875,-0.0163116455078125,-0.980255126953125,-0.09144616780610403,0.04401883479779377,-0.9901226659013426
1789900256.81325,-0.0651092529296875,0.0809326171875,-0.933563232421875,-0.08617878483082073,0.051401591275735015,-0.9788107792054491
1789900256.913052,-0.0442657470703125,-0.1163787841796875,-0.8363494873046875,-0.07779617727871908,0.017845516184650516,-0.9503185208252969
1789900257.0123339,-0.0784912109375,0.0443267822265625,-0.935791015625,-0.07793518401047526,0.02314176939303291,-0.9474130197852375
1789900257.1117558,-0.0321044921875,-0.1342315673828125,-0.968902587890625,-0.06876904564588021,-0.008332897962136172,-0.9517109334063151
1789900257.211359,-0.082366943359375,-0.044769287109375,-1.01123046875,-0.07148862518857918,-0.015620175791583939,-0.9636148404750521
1789900257.310838,-0.0597076416015625,0.0783538818359375,-1.039642333984375,-0.06913242847117584,0.0031746357339203484,-0.9788203391769168
1789900257.410355,-0.1341552734375,-0.1013031005859375,-0.963653564453125,-0.08213699746444067,-0.017720911530051224,-0.9757869842321585
1789900257.5098581,-0.0385589599609375,-0.0662078857421875,-0.9395904541015625,-0.07342138996374004,-0.027418306372478482,-0.9685476782060394
1789900257.609638,-0.16168212890625,0.102081298828125,-0.91961669921875,-0.09107353775224203,-0.0015183853323577877,-0.9587614824085815
1789900257.708869,-0.1466064453125,0.185211181640625,-1.1313323974609375,-0.10218011926429363,0.03582752806223877,-0.9932756654190528
1789900257.808442,-0.1278839111328125,0.1366729736328125,-0.952789306640625,-0.1073208776379974,0.055996617176353514,-0.9851783936633672
1789900257.9080958,-0.1213836669921875,-0.17279052734375,-0.9981689453125,-0.11013343550883542,0.010239188272332812,-0.9877765039931938
1789900258.007474,-0.0717926025390625,-0.06683349609375,-0.9308624267578125,-0.10246526891488084,-0.0051753486008837505,-0.9763936885461176
1789900258.1069,-0.09490966796875,-0.076446533203125,-0.89959716796875,-0.10095414872565467,-0.019429585521332,-0.9610343844306442
1789900258.206386,-0.0567626953125,0.04095458984375,-0.9437713623046875,-0.09211585804302375,-0.0073527504483156,-0.9575817800054529
1789900258.305834,-0.0855712890625,0.07733154296875,-0.9929656982421875,-0.090806944246919,0.00958410823509752,-0.9646585636527999
1789900258.405445,-0.079498291015625,-0.116455078125,-1.0556793212890625,-0.0885452136006602,-0.015623729036921986,-0.9828627151800524
1789900258.5048451,-0.0777435302734375,0.1053924560546875,-1.0137939453125,-0.08638487693521567,0.008579507981399913,-0.989048961206542
1789900258.60445,-0.1447601318359375,0.010772705078125,-1.105133056640625,-0.09805992791536003,0.009018147400744931,-1.0122657802933586
1789900258.7040749,-0.0680999755859375,0.0574188232421875,-1.0408477783203125,-0.09206793744947553,0.018698282569033445,-1.0179821798987494
1789900258.803424,-0.0680389404296875,0.2186279296875,-1.004638671875,-0.08726213804551793,0.05868421199272676,-1.0153134782939994
1789900258.90312,-0.1761474609375,-0.10235595703125,-0.9366302490234375,-0.10503920262391435,0.026476178187931413,-0.999576832439887
1789900259.00253,-0.097503662109375,-0.1356048583984375,-0.958160400390625,-0.10353209452100648,-0.00594002912934237,-0.9912935460300347
1789900259.102062,-0.12164306640625,-0.0546417236328125,-0.9954833984375,-0.1071542888980552,-0.015680368030036397,-0.9921315165115279
1789900259.2015781,-0.044281005859375,0.029541015625,-1.029815673828125,-0.09457963229031915,-0.006636091299029118,-0.9996683479748474
1789900259.300959,-0.07763671875,0.061676025390625,-1.09063720703125,-0.09119104958225534,0.007026332038901707,-1.017862119786128
1789900259.400525,-0.114654541015625,-0.0281982421875,-0.9567108154296875,-0.09588374786892928,-1.85828063786345e-05,-1.0056318589148399
1789900259.500125,-0.1138916015625,-0.107391357421875,-0.91485595703125,-0.09948531860764344,-0.02149313772947791,-0.9874766785381219
1789900259.599574,-0.0753021240234375,-0.0029754638671875,-0.9680023193359375,-0.09464867969080226,-0.01778960295701983,-0.9835818066976851
1789900259.699095,-0.01959228515625,0.0177001953125,-0.9813079833984375,-0.07963740078389182,-0.010691643303115865,-0.9831270420378357
1789900259.798761,-0.078155517578125,0.0088958740234375,-1.001922607421875,-0.07934102414273847,-0.006774139837805192,-0.9868861551146436
1789900259.8980641,-0.0432586669921875,-0.029266357421875,-1.040191650390625,-0.07212455271262828,-0.011272583354619154,-0.9975472541698399
1789900259.99759,-0.070281982421875,-0.014739990234375,-1.0504302978515625,-0.07175603865447763,-0.011966064730570325,-1.0081238629061844
1789900260.0971441,-0.1037445068359375,0.069915771484375,-1.072601318359375,-0.0781537322907696,0.004410302512418741,-1.0210193539968226
1789900260.1966438,-0.0949859619140625,0.085601806640625,-1.0223388671875,-0.08152017821542819,0.02064860333805999,-1.0212832566349581
1789900260.296494,-0.0981903076171875,-0.134063720703125,-0.913299560546875,-0.08485420409578005,-0.010293861470177006,-0.9996865174173416
1789900260.396124,-0.1294097900390625,-0.054840087890625,-0.93609619140625,-0.09376532128443654,-0.019203106754266605,-0.9869684522151233
1789900260.4952211,-0.1471405029296875,-0.1915740966796875,-0.972259521484375,-0.10444035761348675,-0.053677304739350784,-0.9840266660689737
1789900260.594765,-0.130615234375,0.0084228515625,-1.131622314453125,-0.10967533296578941,-0.04125727347898063,-1.013545795745804
1789900260.694303,-0.1400146484375,0.1965789794921875,-1.1924591064453125,-0.11574319606013153,0.006309977115253003,-1.0493284578857058
1789900260.7937121,-0.1234893798828125,-0.0339813232421875,-1.04852294921875,-0.11729243282466774,-0.0017482829562350975,-1.0491673561523147
1789900260.893237,-0.182861328125,-0.236358642578125,-0.88275146484375,-0.1304062118847342,-0.04867035488061308,-1.0158841778906018
1789900260.992816,-0.1427001953125,-0.1527252197265625,-0.864288330078125,-0.13286500857028735,-0.06948132784980297,-0.9855650083281066
1789900261.092225,-0.1793060302734375,-0.0445709228515625,-1.0017547607421875,-0.1421532129109174,-0.06449924685015489,-0.9888029588109228
1789900261.191935,-0.113433837890625,0.044952392578125,-0.9866790771484375,-0.13640933790685894,-0.04260891896449891,-0.9883781824784258
1789900261.29108,-0.083404541015625,0.0401611328125,-1.0504150390625,-0.12580837852861215,-0.026054908609099127,-1.0007855537952408
1789900261.390667,-0.126434326171875,-0.0168609619140625,-1.0448455810546875,-0.12593356805726474,-0.024216119270091804,-1.0095975592471302
1789900261.4904618,-0.1268768310546875,-0.1644287109375,-1.0129241943359375,-0.1261222206567493,-0.05225863760357345,-1.0102628862648917
1789900261.5897741,-0.1385650634765625,-0.1038360595703125,-1.00921630859375,-0.12861078922071195,-0.06257412199692126,-1.0100535707306633
1789900261.689268,-0.1532440185546875,-0.048431396484375,-1.000579833984375,-0.13353743508750707,-0.05974557689441202,-1.0081588233814056
1789900261.788713,-0.1714019775390625,-0.0825042724609375,-0.9629974365234375,-0.14111034357781815,-0.06429731600771713,-0.999126546009812
1789900261.888376,-0.1420440673828125,-0.1087493896484375,-0.9716644287109375,-0.14129708833881705,-0.07318773073586121,-0.9936341225500371
1789900261.987836,-0.080810546875,-0.05841064453125,-0.957427978515625,-0.12919978004605365,-0.07023231349493897,-0.9863928937431548
1789900262.087357,-0.105133056640625,0.009979248046875,-1.0121917724609375,-0.12438643536496792,-0.05419000118657617,-0.9915526694867114
1789900262.1867762,-0.1039581298828125,-0.0581207275390625,-0.9636993408203125,-0.12030077426853684,-0.054976146457073445,-0.9859820037534317
1789900262.2864308,-0.0929412841796875,-0.018890380859375,-0.986480712890625,-0.11482887625076697,-0.04775899333753376,-0.9860817455808704
1789900262.385847,-0.078582763671875,0.0050201416015625,-0.999908447265625,-0.10757965373498858,-0.0372031663497145,-0.9888470859178213
1789900262.485557,-0.10443115234375,-0.031402587890625,-1.0253143310546875,-0.10694995345674087,-0.036043050657896605,-0.9961405349451946
1789900262.58491,-0.118865966796875,-0.0322418212890625,-1.023040771484375,-0.1093331561247677,-0.03528280478412978,-1.0015205822530306
1789900262.684521,-0.1291961669921875,-0.0822906494140625,-0.9790496826171875,-0.11330575829825165,-0.044684373710116326,-0.997026402325862
1789900262.7841969,-0.107086181640625,-0.10833740234375,-0.9464263916015625,-0.11206184296672633,-0.05741497943684306,-0.9869064001810022
1789900262.883384,-0.0764007568359375,-0.053070068359375,-0.954315185546875,-0.10492962574056858,-0.056545997221349446,-0.9803881572541768
1789900262.9829888,-0.11151123046875,-0.0240936279296875,-1.0004119873046875,-0.10624594668620488,-0.050055523363017065,-0.984392923264279
1789900263.0826712,-0.081024169921875,-0.02178955078125,-1.0146942138671875,-0.1012015913333389,-0.044402328846663654,-0.9904531813848607
1789900263.1818662,-0.07745361328125,0.0233154296875,-1.0063629150390625,-0.09645199572292112,-0.03085877713983093,-0.9936351281157011
1789900263.28145,-0.0886383056640625,-0.0403900146484375,-0.9804840087890625,-0.09488925771114941,-0.032765024641552246,-0.9910049042503735
1789900263.380999,-0.0914459228515625,-0.0459747314453125,-0.995880126953125,-0.09420059073923204,-0.0354069660023043,-0.9919799487909238
1789900263.480525,-0.131195068359375,-0.032867431640625,-0.9987335205078125,-0.10159948626326064,-0.03489905912996844,-0.9933306631343015
1789900263.580102,-0.1212005615234375,-0.04376220703125,-1.0170135498046875,-0.10551970131529602,-0.036671688710224755,-0.9980672404683788
1789900263.679611,-0.1043701171875,-0.0158843994140625,-1.0000457763671875,-0.10528978448973682,-0.0325142308509923,-0.9984629476481406
1789900263.7792091,-0.0906982421875,0.0009307861328125,-0.991943359375,-0.10237147602928946,-0.025825227454231343,-0.9971590299935125
1789900263.878747,-0.098785400390625,-0.0373992919921875,-0.99114990234375,-0.10165426090155658,-0.028140040361822577,-0.9959572044635601
1789900263.977978,-0.0970611572265625,-0.0407867431640625,-0.997283935546875,-0.10073564016655777,-0.03066938092227056,-0.996222550680223
1789900264.077479,-0.0996246337890625,-0.022705078125,-0.9932861328125,-0.10051343889105872,-0.029076520362816452,-0.9956352671066784
1789900264.1769319,-0.0420379638671875,-0.05145263671875,-1.001007080078125,-0.08881834388628448,-0.033551743634003164,-0.9967096297009678
1789900264.276443,0.0265350341796875,-0.0831298828125,-0.99200439453125,-0.06574766827309009,-0.04346737146970253,-0.9957685826670243
1789900264.376323,-0.006195068359375,-0.05657958984375,-0.978668212890625,-0.05383714829034707,-0.04608981514451203,-0.9923485087117444
1789900264.476166,-0.040435791015625,-0.0626983642578125,-0.97808837890625,-0.051156876835402654,-0.049411524967172125,-0.9894964827506456
1789900264.57497,-0.01165771484375,-0.0643157958984375,-1.0141448974609375,-0.04325704443707213,-0.052392379153425206,-0.994426165692704
1789900264.674512,-0.01190185546875,-0.04705810546875,-0.996429443359375,-0.036986006643407704,-0.05132552441649017,-0.9948268212260383
1789900264.774177,-0.016204833984375,-0.0536956787109375,-0.998748779296875,-0.032829772111601166,-0.05179955527537965,-0.9956112128402057
1789900264.873516,-0.020233154296875,-0.0617828369140625,-1.0049591064453125,-0.030310448548655933,-0.05379621160311622,-0.9974807915612272
1789900264.973022,-0.014739990234375,-0.047332763671875,-0.9937286376953125,-0.027196356885799747,-0.05250352201686798,-0.9967303607880442
1789900265.072523,-0.015594482421875,-0.0596160888671875,-1.002593994140625,-0.0248759819930148,-0.05392603538693189,-0.9979030874585604
1789900265.172089,-0.020599365234375,-0.0644073486328125,-1.0041351318359375,-0.024020658641286843,-0.05602229803610802,-0.9991494963340358
1789900265.271535,-0.0207672119140625,-0.0644378662109375,-0.9986724853515625,-0.023369969295841977,-0.05770541167107392,-0.9990540941375412
1789900265.3710709,-0.0154266357421875,-0.0550994873046875,-0.9975128173828125,-0.021781302585111083,-0.05718422679779664,-0.9987458387865955
1789900265.470961,-0.0136566162109375,-0.050506591796875,-0.99188232421875,-0.020156365310276366,-0.05584869979761231,-0.9973731358730265
1789900265.5701962,-0.01947021484375,-0.06317138671875,-0.99261474609375,-0.020019135216971094,-0.05731323718183985,-0.9964214579171712
1789900265.6695828,-0.01226806640625,-0.0495452880859375,-1.0039520263671875,-0.018468921454826877,-0.055759647362659384,-0.9979275716071745
1789900265.769209,-0.024261474609375,-0.062591552734375,-1.00152587890625,-0.0196274320857365,-0.05712602843700251,-0.9986472330669895
1789900265.86861,-0.0152130126953125,-0.05316162109375,-0.999359130859375,-0.018744548207651705,-0.05633314696835202,-0.9987896126254667
1789900265.9690208,-0.0208740234375,-0.065521240234375,-0.9998321533203125,-0.019170443253621362,-0.05817076562155662,-0.998998120764436
1789900266.067635,-0.0167236328125,-0.064544677734375,-0.9985198974609375,-0.01868108116539709,-0.0594455480441203,-0.9989024761037364
1789900266.167223,-0.0189208984375,-0.062957763671875,-0.99755859375,-0.018729044619817673,-0.06014799116967125,-0.9986336996329892
1789900266.266652,-0.017547607421875,-0.0527801513671875,-0.99365234375,-0.01849275718022914,-0.0586744232091745,-0.9976374284563914
1789900266.3765059,-0.01666259765625,-0.05535888671875,-0.9978179931640625,-0.01812672527543331,-0.0580113159110896,-0.9976735413979256
1789900266.476077,-0.0196685791015625,-0.065032958984375,-0.998687744140625,-0.01843509604065915,-0.059415644525746686,-0.9978763819464656
1789900266.5751262,-0.026885986328125,-0.0507659912109375,-1.0067596435546875,-0.02012527409815232,-0.05768571386278485,-0.99965303426811
1789900266.674639,-0.0283660888671875,-0.0450439453125,-1.0097198486328125,-0.021773437051959357,-0.05515736015272788,-1.0016663971410507
1789900266.774084,-0.072662353515625,-0.0303192138671875,-0.994842529296875,-0.031951220344692485,-0.05018973089561981,-1.0003016235722155
1789900266.873723,-0.0789947509765625,-0.0421600341796875,-0.993621826171875,-0.04135992647106649,-0.04858379155243335,-0.9989656640921475
1789900266.973351,-0.0738677978515625,-0.0385589599609375,-0.991546630859375,-0.04786150074716569,-0.04657882523413418,-0.997481857445593
1789900267.072699,-0.0669097900390625,-0.0420074462890625,-0.9980621337890625,-0.05167115860554505,-0.04566454944511984,-0.997597912714287
1789900267.172213,-0.0749359130859375,-0.043121337890625,-0.9942779541015625,-0.056324109501623545,-0.04515590713422088,-0.996933920991742
1789900267.271758,-0.0762939453125,-0.0386810302734375,-0.993316650390625,-0.06031807666379884,-0.0438609317620642,-0.9962104668715187
1789900267.371152,-0.075653076171875,-0.0535125732421875,-1.0019073486328125,-0.06338507656541408,-0.04579126005808887,-0.9973498432237775
1789900267.4707751,-0.0772705078125,-0.064788818359375,-1.0074920654296875,-0.06616216281483127,-0.0495907717183461,-0.9993782876649596
1789900267.57018,-0.0625457763671875,-0.0860137939453125,-0.9933319091796875,-0.06543888552530251,-0.05687537616373938,-0.9981690119679053
1789900267.670409,-0.0441131591796875,-0.04742431640625,-1.0033111572265625,-0.06117374025617951,-0.054985164212241505,-0.9991974410196368
1789900267.769339,-0.04742431640625,-0.054412841796875,-0.9990234375,-0.05842385548619361,-0.05487069972916821,-0.9991626403157096
1789900267.868865,-0.05987548828125,-0.0509796142578125,-0.9925384521484375,-0.05871418204520489,-0.05409248263489706,-0.9978378026822552
1789900267.96836,-0.071380615234375,-0.0700836181640625,-0.9840240478515625,-0.061247468683038916,-0.05729070974073015,-0.9950750517161168
1789900268.0678449,-0.0491943359375,-0.0590667724609375,-0.9962615966796875,-0.05883684213393114,-0.057645922284771625,-0.995312360708831
1789900268.167207,-0.0203094482421875,-0.0832977294921875,-1.001007080078125,-0.05113136335558241,-0.06277628372625481,-0.9964513045826898
1789900268.2666368,0.0133056640625,-0.0943450927734375,-1.001434326171875,-0.03824395787196593,-0.06909004553569136,-0.9974479089005269
1789900268.3662891,0.0088043212890625,-0.0885009765625,-0.9986724853515625,-0.028834302039760246,-0.07297223174105308,-0.9976928241907341
1789900268.465661,0.025054931640625,-0.043975830078125,-1.004852294921875,-0.018056455303683196,-0.06717295140846746,-0.9991247183369624
1789900268.565356,0.0119476318359375,-0.05975341796875,-0.9910736083984375,-0.012055637875759057,-0.06568904472052398,-0.9975144963492575
1789900268.665062,0.0126953125,-0.05828857421875,-0.988037109375,-0.007105447800607246,-0.06420895062016918,-0.9956190189544061
1789900268.7644758,0.0352325439453125,-0.0895843505859375,-0.986907958984375,0.0013621505485767026,-0.06928403061332285,-0.9938768069603999
1789900268.863809,0.0302276611328125,-0.0771026611328125,-0.997833251953125,0.007135252665423863,-0.07084775671722078,-0.994668095958945
1789900268.963517,0.0294647216796875,-0.06414794921875,-0.9974822998046875,0.01160114646827659,-0.06950779521752663,-0.9952309367280936
1789900269.063062,-0.0520172119140625,-0.0355377197265625,-0.9997100830078125,-0.0011225252081912274,-0.0627137801193338,-0.9961267659840375
1789900269.162318,-0.0860748291015625,-0.0471954345703125,-0.982391357421875,-0.018112985986865483,-0.059610111009529544,-0.9933796842716051
1789900269.262013,-0.118072509765625,-0.061279296875,-0.9949798583984375,-0.03810489074261739,-0.059943948182623635,-0.9936997190969716
1789900269.3614001,-0.112091064453125,-0.0652923583984375,-0.994903564453125,-0.05290212548471891,-0.06101363022578642,-0.9939404881682024
1789900269.461004,-0.1130828857421875,-0.043914794921875,-0.9892578125,-0.06493827753621263,-0.05759386316500414,-0.9930039530345619
1789900269.5605059,-0.12115478515625,-0.0647430419921875,-0.9791259765625,-0.0761815790602201,-0.059023698930440814,-0.9902283577401495
1789900269.660102,-0.1165771484375,-0.081878662109375,-0.9815216064453125,-0.08426069293567609,-0.06359469156622766,-0.9884870074811821
1789900269.7593741,-0.1183624267578125,-0.0328216552734375,-0.9921722412109375,-0.09108103970010337,-0.05744008430766963,-0.9892240542271332
1789900269.859026,-0.0760498046875,-0.02362060546875,-1.0354156494140625,-0.0880747926975827,-0.0506761885398857,-0.9984623732645191
1789900269.958805,-0.0532989501953125,-0.02081298828125,-1.0369110107421875,-0.08111962419712866,-0.044703548488158565,-1.006152100760053
1789900270.057847,-0.068267822265625,0.0072174072265625,-1.0067291259765625,-0.07854926381082794,-0.03431935734521435,-1.006267505803355
1789900270.1573591,-0.057586669921875,-0.0257110595703125,-0.9978485107421875,-0.07435674503303735,-0.032597697790233984,-1.0045837067911214
1789900270.257519,-0.0404052734375,-0.0462493896484375,-0.9912872314453125,-0.06756645071392989,-0.03532803616187469,-1.0019244117219597
1789900270.356413,-0.0544891357421875,-0.068359375,-0.9927520751953125,-0.06495098771958141,-0.04193430392949975,-1.0000899444166302
1789900270.4562259,-0.0752716064453125,-0.037994384765625,-0.9594268798828125,-0.06701511146472763,-0.0411463200967248,-0.9919573315098668
1789900270.555994,-0.0815582275390625,-0.0719757080078125,-0.9669036865234375,-0.06992373467959462,-0.04731219767894235,-0.9869466025125809
1789900270.655201,-0.0624847412109375,-0.0287322998046875,-1.0031890869140625,-0.0684359359858632,-0.04359621810409138,-0.9901950993928773
1789900270.754602,-0.0538330078125,-0.0602264404296875,-1.03857421875,-0.06551535035119056,-0.04692226256921061,-0.9998709232643019
1789900270.854069,-0.027374267578125,-0.0549468994140625,-1.0113677978515625,-0.05788713379657746,-0.04852718993818099,-1.0021702981817542
1789900270.9536738,-0.0197296142578125,-0.0094451904296875,-0.99530029296875,-0.05025562988882447,-0.0407107900364823,-1.0007962971391535
1789900271.053112,0.0049285888671875,-0.0159759521484375,-1.0323333740234375,-0.03921878613762208,-0.03576382245887334,-1.0071037125160105
1789900271.152607,0.0273590087890625,0.049652099609375,-1.03692626953125,-0.025903227152285165,-0.01868063804522367,-1.0130682239190585
1789900271.2522988,0.0464935302734375,0.03204345703125,-0.9993133544921875,-0.011423875667140633,-0.008535819029928938,-1.0103172500336843
1789900271.35178,0.057159423828125,0.0435943603515625,-1.0199432373046875,0.0022927842319124935,0.0018902168463693489,-1.012242447487885
1789900271.451215,0.053985595703125,-0.01031494140625,-0.994873046875,0.012631346526154996,-0.0005508148041545211,-1.008768567365308
1789900271.550674,0.0299072265625,-0.0214691162109375,-0.963897705078125,0.016086522533424,-0.004734475085511117,-0.9997943949078714
1789900271.6503701,0.053375244140625,-0.009429931640625,-1.0016632080078125,0.0235442668548642,-0.005673566396533894,-1.0001681575278596
1789900271.749579,0.0410003662109375,0.011383056640625,-0.99908447265625,0.02703548672607886,-0.0022622417891021147,-0.9999514205535378
1789900271.849158,0.06317138671875,0.0149078369140625,-0.998748779296875,0.03426266672461309,0.0011717739515308082,-0.9997108923022053
1789900271.94879,0.0522613525390625,-0.0047454833984375,-0.9951171875,0.03786240388750298,-1.1677518462853463e-05,-0.9987921513417644
1789900272.048181,0.0396270751953125,-0.0275421142578125,-1.00048828125,0.03821533814906488,-0.005517764866332783,-0.9991313773234115
1789900272.14778,0.03900146484375,-0.01727294921875,-1.00225830078125,0.0383725634880019,-0.007868801736816226,-0.9997567620149793
1789900272.2471972,0.0312347412109375,-0.013336181640625,-1.00152587890625,0.03694499903258902,-0.00896227771757798,-1.0001105853932335
1789900272.3467999,0.0311737060546875,0.006744384765625,-1.00531005859375,0.035790740437008715,-0.005820945220937386,-1.0011504800333368
1789900272.4462218,0.0022125244140625,-0.0073699951171875,-0.9988555908203125,0.029075097232419474,-0.006130755200187409,-1.000691502190732
1789900272.5457,-0.0580902099609375,-0.0344696044921875,-0.9830474853515625,0.01164203579374808,-0.011798525058587427,-0.9971626988228982
1789900272.645397,-0.0732574462890625,-0.0320281982421875,-0.9991912841796875,-0.005337860622814036,-0.015844459695307442,-0.997568415894256
1789900272.744694,-0.0779876708984375,-0.026031494140625,-0.9994049072265625,-0.01986782267793873,-0.017881866584370954,-0.9979357141607174
1789900272.844192,-0.0810089111328125,-0.03228759765625,-1.0054931640625,-0.03209604036891348,-0.020763012798746764,-0.999447204141074
1789900272.943975,-0.074127197265625,-0.0296173095703125,-0.9979248046875,-0.04050227174825579,-0.022533872153059912,-0.9991427242503592
1789900273.044935,-0.0773468017578125,-0.02984619140625,-0.993682861328125,-0.04787117775016714,-0.02399633600369793,-0.9980507516659124
1789900273.14271,-0.0719757080078125,-0.0279083251953125,-0.9959564208984375,-0.05269208380169622,-0.024778733842020846,-0.9976318855124175
1789900273.242276,-0.078338623046875,-0.024993896484375,-0.992095947265625,-0.05782139165073198,-0.02482176637049168,-0.9965246978630591
1789900273.341677,-0.0823211669921875,-0.0210418701171875,-0.996337890625,-0.06272134671902309,-0.024065787119830845,-0.9964873364154474
1789900273.441237,-0.080596923828125,-0.025360107421875,-0.9933013916015625,-0.06629646214084348,-0.02432465118023968,-0.9958501474526705
1789900273.5515242,-0.0730133056640625,-0.02569580078125,-1.002960205078125,-0.06763983084548728,-0.024598881100441745,-0.9972721589777614
1789900273.640521,-0.0630645751953125,-0.0263824462890625,-0.996063232421875,-0.06672477971545232,-0.024955594138165896,-0.9970303736665842
1789900273.739697,-0.056243896484375,-0.023651123046875,-0.9911651611328125,-0.06462860306923686,-0.02469469991990772,-0.9958573311598299
1789900273.839329,-0.060455322265625,-0.0137939453125,-1.00494384765625,-0.06379394690851449,-0.022514548998426177,-0.997674634459114
1789900273.938981,-0.0774078369140625,-0.0056610107421875,-1.0023193359375,-0.0665167249096241,-0.019143841347178444,-0.9986035747547912
1789900274.038357,-0.0998382568359375,-0.0229034423828125,-0.983642578125,-0.07318103129488679,-0.019895761554305256,-0.995611375428833
1789900274.137837,-0.1020660400390625,-0.0514984130859375,-0.98193359375,-0.07895803304372194,-0.026216291860631704,-0.9928758190930665
1789900274.237309,-0.09796142578125,-0.0258941650390625,-0.9959869384765625,-0.08275871159122755,-0.026151866496317865,-0.9934980429697657
1789900274.3367891,-0.08917236328125,-0.0059814453125,-0.9932403564453125,-0.08404144192923205,-0.022117782259554294,-0.9934465056648751
1789900274.436301,-0.083831787109375,-0.0050048828125,-0.9980010986328125,-0.08399951096526065,-0.018695202370143434,-0.9943574242584626
1789900274.536114,-0.0778961181640625,0.0005035400390625,-0.998046875,-0.08277883240502103,-0.014855453888302247,-0.9950953144067701
1789900274.635933,-0.0723419189453125,0.0436248779296875,-1.0022430419921875,-0.08069144971307932,-0.003159387524704297,-0.9965248599238536
1789900274.7349029,-0.044952392578125,0.0070037841796875,-1.0017547607421875,-0.07354363828608845,-0.0011267531838259374,-0.9975708400875205
1789900274.834487,-0.03961181640625,0.0057220458984375,-1.0061798095703125,-0.06675727391012076,0.00024300663262675007,-0.9992926339840789
1789900274.9341478,-0.0049285888671875,-0.0246429443359375,-1.00250244140625,-0.05439153690153411,-0.0047341835610861,-0.9999345954685132
1789900275.033479,-0.016937255859375,0.011566162109375,-1.010772705078125,-0.04690068069310229,-0.0014741144269938803,-1.0021022173904357
1789900275.132739,-0.01739501953125,0.0177459716796875,-1.014068603515625,-0.04099954846073184,0.002369902794342396,-1.0044954946154736
1789900275.232557,-0.021575927734375,0.027984619140625,-1.0002288818359375,-0.037114824315460475,0.007492846063598917,-1.0036421720595665
1789900275.3318849,-0.0068206787109375,0.0185089111328125,-0.999053955078125,-0.03105599519455588,0.009696059077441635,-1.0027245286632782
1789900275.431487,0.0154876708984375,-0.0049896240234375,-1.0055999755859375,-0.021747261975957208,0.006758922457265807,-1.0032996180478102
1789900275.531271,0.0137176513671875,-0.007354736328125,-1.0086517333984375,-0.014654279307328266,0.003936190700187647,-1.0043700411179357
1789900275.630673,0.0103759765625,0.0063323974609375,-1.0004425048828125,-0.009648228133362614,0.004415432052337617,-1.003584533870911
1789900275.7299662,-0.00177001953125,0.0034942626953125,-0.995941162109375,-0.008072586412940091,0.004231198180932594,-1.0020558595186038
1789900275.829463,-0.0218505859375,-0.0269317626953125,-0.98187255859375,-0.010828186317852075,-0.002001393994316425,-0.998019199333633
1789900275.928947,-0.105194091796875,-0.0113067626953125,-0.9760894775390625,-0.029701367413656664,-0.0038624677345156402,-0.993633254974719
1789900276.028675,-0.09490966796875,-0.0116119384765625,-0.99664306640625,-0.042743027524675334,-0.005412361882925013,-0.9942352172610252
1789900276.128035,-0.048583984375,-0.01373291015625,-1.0213775634765625,-0.04391121889474027,-0.007076471537590011,-0.9996636865041327
1789900276.2275538,-0.0805206298828125,-0.01422119140625,-1.0005340576171875,-0.05123310109235472,-0.00850541551132201,-0.9998377607267437
1789900276.327117,-0.099365234375,-0.0125274658203125,-0.99188232421875,-0.06085952774888378,-0.009309825573120108,-0.9982466734251451
1789900276.42658,-0.1010589599609375,-0.0218353271484375,-0.9972991943359375,-0.06889941419129453,-0.011814925888183586,-0.9980571776073036
1789900276.5260901,-0.1124725341796875,-0.007568359375,-0.98712158203125,-0.07761403818897313,-0.010965612585546871,-0.995870058492093
1789900276.625842,-0.1142425537109375,-0.0083770751953125,-0.983306884765625,-0.08493974129336601,-0.010447905107499999,-0.9933574237467995
1789900276.7251,-0.1213531494140625,-0.0019378662109375,-0.993377685546875,-0.09222242291750532,-0.008745897328187499,-0.9933614761068147
1789900276.8246598,-0.1212158203125,-0.0073699951171875,-1.000457763671875,-0.09802110239650426,-0.0084707168859875,-0.9947807336198269
1789900276.924161,-0.1268463134765625,-0.0186309814453125,-0.98876953125,-0.10378614461251592,-0.010502769797852501,-0.9935784931458616
1789900277.023602,-0.12066650390625,-0.009246826171875,-0.98614501953125,-0.10716221647126276,-0.010251581072657003,-0.9920917984229393
1789900277.123128,-0.1020965576171875,-0.00299072265625,-0.9984893798828125,-0.1061490847004477,-0.008799409389375604,-0.993371314714914
1789900277.222594,-0.0777130126953125,0.0108184814453125,-1.01123046875,-0.10046187029942068,-0.004875831222437984,-0.9969431455219313
1789900277.322104,-0.05975341796875,0.002655029296875,-1.0095672607421875,-0.09232017983328654,-0.003369659118575387,-0.9994679685659825
1789900277.421773,-0.0450286865234375,0.00689697265625,-1.003082275390625,-0.08286188117131674,-0.0013163327636103099,-1.000190829930911
1789900277.521205,-0.0478668212890625,-0.023223876953125,-0.9866485595703125,-0.0758628691948659,-0.005697841601513248,-0.9974823758587914
1789900277.620854,-0.0548553466796875,-0.035614013671875,-0.984527587890625,-0.07166136469183022,-0.011681076015585599,-0.9948914182651581
1789900277.720121,-0.0639801025390625,-0.0070343017578125,-0.9899749755859375,-0.07012511226127668,-0.01075172116403098,-0.9939081297293141
1789900277.819757,-0.0694580078125,-0.0106201171875,-0.9980926513671875,-0.06999169137152135,-0.010725400368724785,-0.9947450340568889
1789900277.919296,-0.06243896484375,0.0082244873046875,-0.9962310791015625,-0.06848114606596709,-0.0069354228340423275,-0.9950422430658237
1789900278.018818,-0.080535888671875,-0.0193939208984375,-0.99554443359375,-0.07089209458714868,-0.009427122446921362,-0.995142681171409
1789900278.118135,-0.079803466796875,-0.04205322265625,-0.9912109375,-0.07267436902909394,-0.015952342488787092,-0.9943563324371273
1789900278.219399,-0.095977783203125,-0.0524749755859375,-0.9876861572265625,-0.07733505186390016,-0.023256869108217178,-0.9930222973950145
1789900278.3174171,-0.0865631103515625,-0.02685546875,-0.9884796142578125,-0.07918066356143263,-0.023976589036573744,-0.9921137607675741
1789900278.416706,-0.088897705078125,-0.00787353515625,-0.994720458984375,-0.08112407186477111,-0.020755978260508998,-0.9926351004109343
1789900278.516237,-0.0979461669921875,-0.0128326416015625,-0.9968719482421875,-0.0844884908902544,-0.0191713109287197,-0.9934824699771849
1789900278.616167,-0.1094970703125,-0.0447998046875,-0.99420166015625,-0.08949020677470351,-0.02429700968047576,-0.9936263080129979
1789900278.715528,-0.115234375,-0.039764404296875,-1.0008392333984375,-0.09463904041976282,-0.02739048860375561,-0.995068893090086
1789900278.814862,-0.116241455078125,-0.0675048828125,-0.9978179931640625,-0.09895952335143526,-0.03541336744550449,-0.9956187131048813
1789900278.9150128,-0.1078033447265625,-0.05615234375,-0.9986114501953125,-0.10072828762646072,-0.03956116270640359,-0.9962172605229676
1789900279.014044,-0.097991943359375,-0.0367584228515625,-1.001434326171875,-0.10018101877304358,-0.039000614735435375,-0.9972606736527491
1789900279.113391,-0.0893707275390625,-0.0252227783203125,-0.9990386962890625,-0.09801896052624737,-0.0362450474524108,-0.9976162781800118
1789900279.212923,-0.087310791015625,-0.0231170654296875,-0.9915313720703125,-0.0958773266241229,-0.033619451047866136,-0.996399296958072
1789900279.317353,-0.0826873779296875,-0.0438079833984375,-0.98797607421875,-0.09323933688523584,-0.03565715751798041,-0.9947146524102076
1789900279.416813,-0.079803466796875,-0.0318450927734375,-1.0001983642578125,-0.09055216286756367,-0.03489474456907183,-0.9958113947797287
1789900279.516543,-0.06549072265625,-0.017364501953125,-0.99310302734375,-0.08553987482530093,-0.031388696045882465,-0.995269721292533
1789900279.616092,-0.063720703125,-0.007476806640625,-1.0045928955078125,-0.08117604048524074,-0.026606318164830972,-0.997134356135589
1789900279.715795,-0.058441162109375,-0.036041259765625,-0.9878997802734375,-0.0766290648100676,-0.02849330648498978,-0.9952874409631587
1789900279.8147879,-0.0622711181640625,-0.032196044921875,-0.99859619140625,-0.07375747548086657,-0.029233854172366826,-0.995949191051777
1789900279.914335,-0.0805206298828125,-0.0346527099609375,-0.9949951171875,-0.07511010636125576,-0.030317625330080963,-0.9957583762789216
1789900280.0139089,-0.0969390869140625,-0.0413055419921875,-0.9918365478515625,-0.07947590247181711,-0.03251520866250227,-0.9949740105934499
1789900280.1135511,-0.1090087890625,-0.019866943359375,-0.9946441650390625,-0.0853824797899537,-0.02998555560187682,-0.9949080414825725
1789900280.2129478,-0.100372314453125,-0.0144805908203125,-0.99993896484375,-0.08838044672258796,-0.026884562645563957,-0.9959142261548081
1789900280.312367,-0.0930633544921875,-0.018310546875,-0.98846435546875,-0.08931702827650788,-0.025169759491451168,-0.9944242520175965
1789900280.411907,-0.0926666259765625,-0.028839111328125,-0.9962005615234375,-0.08998694781651881,-0.025903629858785936,-0.9947795139187648
1789900280.511724,-0.1238250732421875,-0.033599853515625,-0.994384765625,-0.09675457290165256,-0.02744287459015375,-0.9947005642600119
1789900280.610993,-0.1368255615234375,-0.042083740234375,-0.9984130859375,-0.10476877062600956,-0.030371047718998005,-0.9954430685955096
1789900280.710437,-0.1273345947265625,-0.02911376953125,-0.99444580078125,-0.10928193544612015,-0.030119592081448404,-0.9952436150326577
1789900280.809947,-0.109130859375,-0.033355712890625,-0.993316650390625,-0.10925172023189614,-0.030766816243283725,-0.9948582221042511
1789900280.909486,-0.093231201171875,-0.0232391357421875,-0.9923553466796875,-0.10604761641989191,-0.029261280143064484,-0.9943576470193385
1789900281.008877,-0.0785980224609375,-0.0014190673828125,-0.999725341796875,-0.10055769762810103,-0.023692837591014086,-0.9954311859748458
1789900281.108428,-0.0543975830078125,-0.003875732421875,-1.0108642578125,-0.09132567470404333,-0.01972941655718627,-0.9985178003423767
1789900281.208049,-0.024200439453125,-0.0172271728515625,-1.01513671875,-0.07790062765385966,-0.019228967816061517,-1.0018415840239014
1789900281.307417,-0.0233306884765625,0.0030364990234375,-0.981719970703125,-0.06698663981840024,-0.014775874448161714,-0.9978172613597461
1789900281.406913,-0.050018310546875,0.008056640625,-0.9920501708984375,-0.06359297396409519,-0.010209371433529372,-0.9966638432674845
1789900281.506556,-0.04034423828125,0.0187225341796875,-0.986968994140625,-0.05894322682752616,-0.004422990310885999,-0.9947248734421127
1789900281.605927,-0.0163116455078125,0.0230712890625,-1.0128173828125,-0.05041691056358343,0.0010758655637912009,-0.9983433753161901
1789900281.705436,-0.0170440673828125,0.0159759521484375,-0.9973907470703125,-0.04374234192742925,0.00405588288072046,-0.9981528496670147
1789900281.8051028,-0.03179931640625,-0.003326416015625,-0.9893341064453125,-0.041353736823193404,0.0025794231014513685,-0.9963891010226743
1789900281.9045172,-0.0459747314453125,-0.0166015625,-0.9911651611328125,-0.04227793574761722,-0.0012567740188389053,-0.9953443130447021
1789900282.0040321,-0.067657470703125,-0.0093231201171875,-0.9971771240234375,-0.04735384273871878,-0.0028700432385086244,-0.9957108752404491
1789900282.103514,-0.0611114501953125,0.000762939453125,-0.9969482421875,-0.05010536423003753,-0.0021434467001818997,-0.9959583486298593
1789900282.203003,-0.0664825439453125,0.0013580322265625,-0.994110107421875,-0.053380800173092526,-0.00144315091483302,-0.9955887003882625
1789900282.3026261,-0.0534515380859375,-0.011810302734375,-0.9980621337890625,-0.053394947755661525,-0.003516581278741416,-0.9960833870684226
1789900282.402009,-0.0659942626953125,-0.005889892578125,-0.994537353515625,-0.055914810743591725,-0.003991243538618133,-0.9957741803578631
1789900282.5015259,-0.0683441162109375,0.003814697265625,-0.99798583984375,-0.05840067183706089,-0.0024300553777695066,-0.9962165122550406
1789900282.601002,-0.0693817138671875,0.0169525146484375,-0.9975738525390625,-0.06059688024308622,0.0014464586274718948,-0.996487980311845
1789900282.700577,-0.055419921875,0.002685546875,-0.995452880859375,-0.059561488569468975,0.001694276276977516,-0.9962809604213511
1789900282.800311,-0.0588531494140625,-0.0145111083984375,-0.993560791015625,-0.05941982073838768,-0.0015468006581054873,-0.995736926540206
1789900282.899551,-0.075103759765625,-0.0111236572265625,-0.9880218505859375,-0.06255660854383516,-0.0034621719717968904,-0.9941939113493523
1789900282.9991422,-0.068389892578125,-0.028564453125,-0.997222900390625,-0.06372326535069313,-0.008482628202437514,-0.994799709157607
1789900283.098619,-0.0675048828125,-0.01629638671875,-0.9886322021484375,-0.0644795888430545,-0.010045379905700012,-0.9935662077557732
1789900283.198312,-0.0678253173828125,0.012908935546875,-0.99481201171875,-0.06514873455100612,-0.005454516815185009,-0.9938153685483686
1789900283.297785,-0.0722808837890625,0.017333984375,-1.012664794921875,-0.0665751643986174,-0.0008968165771480077,-0.9975852538230698
1789900283.397201,-0.0911407470703125,-0.01190185546875,-0.99444580078125,-0.07148828093295642,-0.0030978243554684063,-0.996957363214706
1789900283.4965491,-0.087738037109375,-0.003662109375,-0.9974365234375,-0.07473823216824013,-0.0032106813593747252,-0.9970531952592648
1789900283.5960631,-0.099365234375,-0.0070343017578125,-0.9972991943359375,-0.07966363260959211,-0.00397540543906228,-0.9971023950745994
1789900283.696235,-0.128936767578125,-0.006622314453125,-0.995208740234375,-0.08951825960329869,-0.0045047872418748245,-0.9967236641065546
1789900283.795706,-0.143768310546875,-0.00732421875,-0.9910888671875,-0.10036826979201396,-0.00506867354349986,-0.9955967047227438
1789900283.8946981,-0.162353515625,-0.0002288818359375,-0.9918670654296875,-0.11276531895861118,-0.004100715201987388,-0.9948507768641325
1789900283.994279,-0.16424560546875,0.004638671875,-0.99615478515625,-0.12306137626063895,-0.0023528377865899104,-0.995111578522556
1789900284.0937,-0.16558837890625,-0.00714111328125,-0.9936981201171875,-0.13156677678976117,-0.0033104928855219283,-0.9948288868414824
1789900284.193125,-0.1544952392578125,0.0041961669921875,-0.9900665283203125,-0.13615246928337144,-0.001809160909980043,-0.9938764151372484
1789900284.2927089,-0.1593475341796875,0.0115509033203125,-0.994964599609375,-0.14079148226263466,0.0008628519360784656,-0.9940940520316739
1789900284.39227,-0.15802001953125,0.0006103515625,-0.99029541015625,-0.14423718971635774,0.0008123518613627726,-0.9933343236565891
1789900284.491849,-0.1606292724609375,0.0249786376953125,-0.9853515625,-0.14751560626527369,0.005645609028152719,-0.9917377714252713
1789900284.591381,-0.15478515625,0.00946044921875,-0.988616943359375,-0.14896951626221894,0.006408577066272176,-0.9911136058120921
1789900284.6907601,-0.1454315185546875,-0.0039215087890625,-0.98712158203125,-0.14826191672071265,0.004342559895205241,-0.9903152010559237
1789900284.7902122,-0.1529998779296875,-0.0348663330078125,-0.9988555908203125,-0.14920950896250762,-0.0034992186853983072,-0.9920232790088015
1789900284.889761,-0.1208953857421875,-0.032958984375,-0.997314453125,-0.1435466843184436,-0.009391171823318646,-0.9930815138320412
1789900284.98925,-0.11480712890625,-0.023040771484375,-0.996856689453125,-0.1377987732360049,-0.012121091755529917,-0.9938365489562581
1789900285.088917,-0.0916748046875,-0.011627197265625,-0.9919586181640625,-0.12857397952630392,-0.012022312857548933,-0.993460962797819
1789900285.188291,-0.1065826416015625,0.0222625732421875,-0.99542236328125,-0.12417571194135564,-0.005165335637601648,-0.9938532428945053
1789900285.287812,-0.0747222900390625,-0.0223236083984375,-1.0039520263671875,-0.114285027560897,-0.008596990189768818,-0.9958729995890417
1789900285.387344,-0.0756988525390625,-0.0399932861328125,-1.0230255126953125,-0.10656779255653011,-0.014876249378377556,-1.001303502210296
1789900285.486917,-0.03314208984375,0.0182647705078125,-1.0119781494140625,-0.09188265201397408,-0.008248045401139546,-1.0034384316510494
1789900285.5863671,-0.0416717529296875,0.0077667236328125,-1.0043182373046875,-0.08184047219711676,-0.0050450915943491366,-1.003614392781777
1789900285.6858668,-0.0537261962890625,-0.0606231689453125,-0.9910430908203125,-0.07621761701550592,-0.01616070706454181,-1.0011001323894841
1789900285.785317,-0.0628814697265625,-0.0792388916015625,-0.9714508056640625,-0.07355038755771724,-0.02877634397194595,-0.9951702670443998
1789900285.884931,-0.0758514404296875,-0.0768585205078125,-0.9837188720703125,-0.07401059813211129,-0.038392779279119264,-0.9928799880495824
1789900285.9844651,-0.0733489990234375,-0.00958251953125,-0.977996826171875,-0.07387827831037654,-0.03263072732954541,-0.9899033556740411
1789900286.084149,-0.083251953125,0.01544189453125,-0.99932861328125,-0.07575301327330124,-0.02301620295738633,-0.9917884071954829
1789900286.1833549,-0.08624267578125,0.0219879150390625,-0.9993133544921875,-0.07785094577489099,-0.014015379358096564,-0.9932933966548239
1789900286.282934,-0.1040191650390625,-0.0263214111328125,-0.997161865234375,-0.0830845896277253,-0.016476585713039754,-0.9940670903707342
1789900286.38279,-0.09576416015625,-0.0482940673828125,-0.997314453125,-0.08562050373343025,-0.022840082046994302,-0.9947165629215874
1789900286.481971,-0.0895233154296875,0.00677490234375,-1.0000762939453125,-0.08640106607268169,-0.016917085168845443,-0.9957885091263325
1789900286.581506,-0.09521484375,-0.035491943359375,-0.975311279296875,-0.08816382160814536,-0.020632056806951356,-0.991693063160441
1789900286.681047,-0.102447509765625,-0.0154266357421875,-0.98577880859375,-0.0910205592396413,-0.019590972593998585,-0.9905102122471029
1789900286.780476,-0.0575103759765625,0.0085296630859375,-1.0202789306640625,-0.08431852258702555,-0.01396684545801137,-0.9964639559304949
1789900286.8800101,0.027496337890625,0.0125579833984375,-1.1076202392578125,-0.06195555049149543,-0.008661879686721597,-1.0186952125959585
1789900286.979463,0.0293426513671875,-0.0401611328125,-1.0897064208984375,-0.04369591011975885,-0.014961730311877277,-1.0328974542564544
1789900287.079166,0.00701904296875,0.004364013671875,-1.001220703125,-0.033552919502057084,-0.01109658151512682,-1.0265621040301636
1789900287.1784248,0.0037841796875,-0.0572509765625,-0.940032958984375,-0.02608549966414567,-0.020327460524601458,-1.009256275021006
1789900287.278101,-0.003387451171875,-0.0375518798828125,-0.91839599609375,-0.02154588996569154,-0.023772344396243667,-0.9910842192355548
1789900287.377418,-0.045440673828125,0.0149383544921875,-0.923828125,-0.026324846738178233,-0.016030204618557437,-0.9776330003884439
1789900287.4771461,-0.043121337890625,0.0469818115234375,-0.9471893310546875,-0.02968414496866759,-0.00342780139015845,-0.9715442665216927
1789900287.576453,-0.0574951171875,0.0294647216796875,-1.01202392578125,-0.035246339412434075,0.0031507032238107403,-0.9796401983736043
1789900287.676169,-0.0447540283203125,0.0040130615234375,-1.053192138671875,-0.03714787719400976,0.0033231748837360925,-0.9943505864332585
1789900287.77603,-0.0894317626953125,0.004730224609375,-1.03302001953125,-0.04760465429427031,0.0036045848288638743,-1.0020844730528569
1789900287.8752909,-0.0707244873046875,-0.008331298828125,-1.0064239501953125,-0.05222862089635375,0.0012174080974660998,-1.0029523684813482
1789900287.974689,-0.0312957763671875,0.0119476318359375,-1.0079498291015625,-0.0480420519905205,0.0033634528451603803,-1.0039518606053912
1789900288.0740151,-0.03662109375,-0.0117340087890625,-1.0038604736328125,-0.045757860342416405,0.00034396051831580426,-1.0039335832108756
1789900288.173523,-0.033905029296875,0.025054931640625,-0.9808502197265625,-0.04338729413330813,0.005286154742777644,-0.999316910514013
1789900288.273044,-0.0259857177734375,-0.0087127685546875,-0.9886016845703125,-0.039906978861334,0.002486370083284615,-0.997173865325273
1789900288.372673,-0.0202484130859375,-0.0142364501953125,-1.0064544677734375,-0.0359752657062547,-0.0008581939724348082,-0.999029985814906
1789900288.4720612,-0.0138702392578125,-0.0095977783203125,-0.9891815185546875,-0.03155426041656626,-0.002606110842010347,-0.9970602923628623
1789900288.57155,0.007049560546875,0.002044677734375,-1.010772705078125,-0.02383349622387801,-0.0016759531267332777,-0.999802774905915
1789900288.671146,0.00433349609375,-0.0069122314453125,-0.9890594482421875,-0.018200097760352408,-0.0027232087904491224,-0.9976541095731696
1789900288.7706199,-0.0017852783203125,0.0031585693359375,-0.97607421875,-0.014917133872344427,-0.001546853165171798,-0.9933381314085357
1789900288.870059,0.005126953125,-0.0044708251953125,-1.009246826171875,-0.010908316472875542,-0.0021316475711999384,-0.9965198703612036
1789900288.969588,-0.002655029296875,-0.06536865234375,-0.97998046875,-0.009257659037675434,-0.014779048525709952,-0.993211990038963
1789900289.069165,0.002288818359375,-0.005859375,-0.9954681396484375,-0.006948363558265347,-0.012995113820567963,-0.9936632199608579
1789900289.168617,0.0086822509765625,0.0150146484375,-1.018951416015625,-0.003822240651299778,-0.007393161368954372,-0.9987208591718114
1789900289.268141,0.00579833984375,0.0187835693359375,-0.9958648681640625,-0.0018981245522898225,-0.0021578152279759974,-0.9981496609702617
1789900289.3678808,0.010498046875,-0.03851318359375,-0.9923553466796875,0.0005811097331681419,-0.009428888901130798,-0.9969907981121469
1789900289.467248,0.01947021484375,-0.027313232421875,-1.013671875,0.004358930755284514,-0.013005757605279639,-1.0003270134897175
1789900289.566688,-0.0089874267578125,-0.05767822265625,-0.9995269775390625,0.0016896592526651115,-0.02194025061547371,-1.0001670062995864
1789900289.6660051,0.0269622802734375,-0.0362091064453125,-1.004150390625,0.00674418345681959,-0.024794021781441473,-1.0009636831646693
1789900289.765773,0.0151824951171875,0.009368896484375,-1.0079498291015625,0.008431845788893173,-0.01796143812827818,-1.002360912352048
1789900289.8650908,0.0015869140625,0.018096923828125,-0.98223876953125,0.0070628594436145395,-0.010749765736997544,-0.9983364837878885
1789900289.964735,0.003265380859375,0.018280029296875,-0.9605865478515625,0.006303363726766632,-0.004943806730223035,-0.9907864966006233
1789900290.064542,0.00506591796875,-0.04461669921875,-1.0052642822265625,0.006055874575163307,-0.012878385227928429,-0.9936820537258113
1789900290.164047,0.0333404541015625,-0.0203094482421875,-1.0285491943359375,0.011512790480443146,-0.014364597830780243,-1.0006554818478366
1789900290.263226,0.005218505859375,-0.00079345703125,-1.0287322998046875,0.010253933556229517,-0.011650369670874195,-1.0062708454392069
1789900290.362777,0.009552001953125,-0.0001373291015625,-0.992706298828125,0.010113547235608615,-0.009347761557011856,-1.0035579361169906
1789900290.4623709,-0.0128631591796875,-0.0456085205078125,-0.9936370849609375,0.005518205952549392,-0.016599913347171986,-1.00157376588578
1789900290.561868,-0.0172271728515625,-0.03497314453125,-0.9936981201171875,0.0009691301917270131,-0.020274559583987592,-0.9999986367320615
1789900290.6617532,-0.041473388671875,-0.0092620849609375,-0.9936981201171875,-0.00751937358099339,-0.018072064659377576,-0.9987385334090867
1789900290.760891,-0.031280517578125,0.01507568359375,-0.996002197265625,-0.012271602380419713,-0.01144251500875206,-0.9981912661803944
1789900290.860457,-0.0247802734375,-0.002349853515625,-1.006866455078125,-0.01477333659183577,-0.009623982710126648,-0.9999263039599406
1789900290.9604158,-0.0296478271484375,-0.0105133056640625,-1.008056640625,-0.01774823470315612,-0.009801847300913819,-1.0015523712929526
1789900291.059431,-0.0460052490234375,-0.032562255859375,-1.0013275146484375,-0.023399637567212396,-0.014353929012606056,-1.0015073999640496
1789900291.158894,-0.0441131591796875,-0.0295257568359375,-0.9799041748046875,-0.027542341889707417,-0.017388294577272347,-0.9971867549321772
1789900291.258408,-0.0192108154296875,0.006072998046875,-1.0119476318359375,-0.025876036597703433,-0.012696036052442877,-1.0001389303129293
1789900291.357854,-0.009765625,0.0076904296875,-1.0062408447265625,-0.022653954278162747,-0.008618742904454302,-1.001359313195656
1789900291.457494,-0.0307159423828125,-0.02337646484375,-1.003173828125,-0.0242663518990927,-0.011570287292313443,-1.001722216181525
1789900291.556828,-0.0273895263671875,-0.03973388671875,-0.993499755859375,-0.024890986792711664,-0.017203007177600756,-1.0000777241170948
1789900291.656328,-0.0335845947265625,-0.0439300537109375,-0.9898223876953125,-0.026629708379481833,-0.022548416484268106,-0.9980266568327385
1789900291.755748,-0.0302276611328125,-0.0267791748046875,-0.99365234375,-0.02734929893014797,-0.023394568148351984,-0.9971517942161908
1789900291.855694,-0.064300537109375,0.0177001953125,-0.9794769287109375,-0.03473954656599338,-0.015175615456181589,-0.9936168211151402
1789900291.955462,-0.043212890625,0.0071258544921875,-1.00518798828125,-0.036434215377794704,-0.010715321466507772,-0.9959310545483622
1789900292.054442,-0.0568084716796875,-0.03265380859375,-1.00225830078125,-0.04050906663817327,-0.015103018891956218,-0.9971965037949398
1789900292.153911,-0.03900146484375,-0.0034637451171875,-1.0244293212890625,-0.04020754627928862,-0.012775164137002476,-1.0026430672937643
1789900292.25337,-0.0685882568359375,0.0045166015625,-1.0067596435546875,-0.0458836883906184,-0.00931681099710198,-1.0034663825459489
1789900292.352921,-0.0557861328125,0.02020263671875,-0.985687255859375,-0.047864177274994715,-0.003412921453931585,-0.9999105572086341
1789900292.452456,-0.028106689453125,0.025299072265625,-0.9991455078125,-0.043912679710620774,0.002329477289979732,-0.9997575473294074
1789900292.551928,-0.0565643310546875,0.01953125,-1.0029144287109375,-0.046443009979434124,0.005769831831983785,-1.0003889236057133
1789900292.651595,-0.031005859375,-0.016204833984375,-1.012786865234375,-0.0433555798585473,0.0013748986687120283,-1.0028685119314458
1789900292.751065,-0.0401458740234375,0.009979248046875,-0.9974822998046875,-0.04271363869152535,0.003095768544344623,-1.0017912695060942
1789900292.850439,-0.0198516845703125,0.0399627685546875,-0.9949493408203125,-0.038141247867282776,0.0104691685464132,-1.000422883768938
1789900292.9500499,-0.0339508056640625,0.015106201171875,-0.9865570068359375,-0.03730315942663873,0.011396575071505561,-0.9976497083823379
1789900293.049477,-0.021820068359375,-0.0444488525390625,-1.013671875,-0.03420654121318598,0.00022748954939194946,-1.0008541417058705
1789900293.149002,-0.0326995849609375,-0.05670166015625,-0.9635467529296875,-0.03390514996273629,-0.011158340391736441,-0.993392663950634
1789900293.248467,-0.0008544921875,-0.0231475830078125,-0.9908294677734375,-0.027295018407689033,-0.013556188914951653,-0.9928800247151948
1789900293.3480592,-0.008148193359375,-0.000640869140625,-1.0191497802734375,-0.023465653398026226,-0.010973124960086322,-0.9981339758268433
1789900293.447572,-0.0466461181640625,0.0171966552734375,-1.0059661865234375,-0.028101746351233484,-0.005339168913381558,-0.9997004179661622
1789900293.547054,-0.022125244140625,-0.0615234375,-0.995391845703125,-0.026906445909111787,-0.016576022630705248,-0.9988387035135549
1789900293.6467109,-0.01507568359375,0.002410888671875,-1.0199432373046875,-0.024540293446039432,-0.012778640370189198,-1.0030596102717815
1789900293.7460232,-0.012420654296875,-0.057708740234375,-0.99566650390625,-0.022116365616206547,-0.021764660343026362,-1.001580988998675
1789900293.845551,-0.003204345703125,-0.0300750732421875,-0.994354248046875,-0.01833396163359024,-0.023426742922858592,-1.000135640808315
1789900293.9451299,0.008880615234375,0.0081634521484375,-1.015625,-0.012891046259997192,-0.017108703908599376,-1.003233512646652
1789900294.0446439,0.00738525390625,-0.0117950439453125,-1.00787353515625,-0.008835786226747754,-0.016045971915942002,-1.0041615171485718
1789900294.144082,0.015869140625,-0.0349273681640625,-1.0068206787109375,-0.0038948008563982036,-0.0198222511655661,-1.004693349461045
1789900294.243645,0.047760009765625,0.0164947509765625,-1.012908935546875,0.0064361612680064375,-0.01255885073714038,-1.006336466678211
1789900294.343085,-0.00152587890625,-0.041595458984375,-1.0100250244140625,0.004843753233155151,-0.018366172386587304,-1.0070741782253814
1789900294.4428039,-0.00225830078125,-0.0237579345703125,-0.984375,0.003423342430274121,-0.019444524823332344,-1.0025343425803053
1789900294.54213,0.0036468505859375,0.022796630859375,-0.9918365478515625,0.003468044061406797,-0.010996293686790875,-1.0003947836345568
1789900294.641751,-0.01025390625,0.023223876953125,-0.9947052001953125,0.0007236539991254376,-0.004152259558807699,-0.999256866946708
1789900294.741086,-0.0062255859375,-0.009002685546875,-1.011749267578125,-0.00066619398819965,-0.005122344756421159,-1.0017553470729914
1789900294.8405519,-0.0130767822265625,-0.0406494140625,-0.99346923828125,-0.0031483116358722203,-0.01222775861763693,-1.0000981253146433
1789900294.940042,-0.016357421875,-0.0323028564453125,-0.9967193603515625,-0.005790133683697777,-0.016242778183172046,-0.9994223723220272
1789900295.039609,-0.026397705078125,-0.0517730712890625,-0.9892578125,-0.00991164796258322,-0.02334883680435014,-0.9973894603576219
1789900295.139069,-0.004913330078125,0.0071563720703125,-1.01922607421875,-0.008911984385691577,-0.017247795029417614,-1.0017567831298475
1789900295.23859,-0.0451812744140625,-0.025054931640625,-0.997955322265625,-0.016165842391365762,-0.01880922235165909,-1.000996490957003
1789900295.3380408,-0.014678955078125,0.00213623046875,-1.0067138671875,-0.015868464928717612,-0.014620131787577274,-1.0021399662031025
1789900295.437539,-0.0126190185546875,-0.0383148193359375,-1.025909423828125,-0.01521857565391159,-0.019359069297249322,-1.006893857728107
1789900295.53714,-0.02288818359375,-0.03692626953125,-1.0222320556640625,-0.01675249724187927,-0.022872509344049458,-1.0099614973152982
1789900295.636965,-0.005828857421875,-0.01300048828125,-1.007415771484375,-0.014567769277878418,-0.02089810513148957,-1.0094523521491134
1789900295.7360811,-0.0258331298828125,0.0161285400390625,-0.9842376708984375,-0.016820841398865236,-0.013492776097379157,-1.0044094158989783
1789900295.835618,-0.034088134765625,0.02618408203125,-0.980438232421875,-0.02027430007221719,-0.005557404471653326,-0.9996151792035577
1789900295.935771,-0.02532958984375,0.02978515625,-0.9911956787109375,-0.021285358026523753,0.0015111076726773394,-0.9979312791050338
1789900296.035018,-0.0390777587890625,0.0591888427734375,-1.015380859375,-0.024843838179031505,0.013046654692829373,-1.001421195159027
1789900296.134227,-0.03131103515625,0.0238494873046875,-1.0299835205078125,-0.026137277574475207,0.015207221215201,-1.0071336602287841
1789900296.233738,-0.0578460693359375,-0.0749969482421875,-0.9750213623046875,-0.032479035926767666,-0.0028336126762767005,-1.000711200643965
1789900296.333405,-0.0177001953125,-0.0552520751953125,-0.9967041015625,-0.029523267803914136,-0.01331730518008386,-0.999909780827672
1789900296.432636,-0.0128326416015625,0.0482635498046875,-1.0127105712890625,-0.02618514256344381,-0.0010011341831295886,-1.00246993891995
1789900296.532264,-0.0266571044921875,0.0316162109375,-1.0043487548828125,-0.02627953494919255,0.005522334840996329,-1.0028457021125226
1789900296.631799,-0.00762939453125,-0.0116119384765625,-0.9983062744140625,-0.022549506865604044,0.0020954801774845633,-1.0019378165728305
1789900296.73103,-0.026214599609375,-0.0401763916015625,-1.0067291259765625,-0.023282525414358234,-0.00635889417832485,-1.002896078453577
1789900296.831036,-0.05621337890625,-0.076416015625,-0.978485107421875,-0.02986869611273659,-0.02037031846765988,-0.9980138842472366
1789900296.9303632,-0.0078887939453125,-0.0730133056640625,-0.967193603515625,-0.025472715679251776,-0.030898915906940407,-0.9918498281009143
1789900297.030017,0.0168914794921875,-0.069427490234375,-1.0154571533203125,-0.01699987664496392,-0.03860463077242733,-0.996571293144794
1789900297.129506,0.0118560791015625,-0.042755126953125,-1.02349853515625,-0.011228685495658636,-0.039434730008566864,-1.0019567415470851
1789900297.228857,-0.000762939453125,-0.022796630859375,-1.0015106201171875,-0.00913553628715191,-0.036107110178728495,-1.0018675172611058
1789900297.32831,-0.000274658203125,-0.009429931640625,-0.9865264892578125,-0.0073633606703465285,-0.030771674471107797,-0.9987993116604471
1789900297.427929,-0.016571044921875,-0.00604248046875,-0.9915771484375,-0.009204897520652223,-0.02582583567063624,-0.9973548790158577
1789900297.527447,-0.0281829833984375,-0.0327301025390625,-0.992279052734375,-0.013000514696209279,-0.027206689044321494,-0.9963397137595612
1789900297.627037,-0.0021820068359375,-0.0433197021484375,-1.019439697265625,-0.010836813124154925,-0.0304292916651447,-1.0009597104607741
1789900297.726307,0.019317626953125,-0.0319976806640625,-0.997650146484375,-0.0048059251086989396,-0.030742969464928264,-1.0002977976654943
1789900297.825896,0.0061187744140625,-0.03594970703125,-1.010528564453125,-0.002620985204146652,-0.03178431697819262,-1.0023439510230205
1789900297.92543,0.03143310546875,-0.0199432373046875,-1.0319671630859375,0.004189832930432678,-0.029416101043491596,-1.008268593435604
1789900298.0249119,0.01507568359375,-0.0126953125,-0.9842071533203125,0.0063670030630961424,-0.02607194333479328,-1.0034563054125456
1789900298.1244311,0.020904541015625,-0.0509033203125,-0.9994354248046875,0.009274510653601915,-0.031038218730334625,-1.002652129290974
1789900298.224031,0.0229644775390625,-0.0522308349609375,-0.982879638671875,0.012012504030694033,-0.0352767419764552,-0.9986976311671543
1789900298.3236098,0.047088623046875,-0.0499725341796875,-0.998809814453125,0.019027727833930228,-0.03821590041710166,-0.9987200678243484
1789900298.422896,0.0441741943359375,0.01947021484375,-1.008880615234375,0.024057021134331683,-0.02667867736493133,-1.000752177306354
1789900298.522407,0.046051025390625,-0.008636474609375,-1.0043182373046875,0.028455821985590345,-0.023070236813820064,-1.0014653893060206
1789900298.622102,0.010498046875,-0.04376220703125,-1.0070648193359375,0.024864266963472277,-0.02720863085730605,-1.002585275312004
1789900298.7214,0.03204345703125,-0.025634765625,-1.019500732421875,0.026300104977027824,-0.026893857810844843,-1.0059683667339783
1789900298.8209229,0.01861572265625,0.0058746337890625,-1.0272216796875,0.02476322851287226,-0.020340159490863374,-1.0102190293246827
1789900298.920463,0.0228729248046875,0.0301971435546875,-0.9957122802734375,0.024385167771235308,-0.0102326988817532,-1.0073176795144336
1789900299.019932,0.0144195556640625,-0.051055908203125,-0.981414794921875,0.022392045349800747,-0.01839734074602756,-1.002137102595922
1789900299.119478,0.0210418701171875,-0.0376434326171875,-1.000244140625,0.022122010303278098,-0.02224655912025955,-1.0017585102017377
1789900299.2190928,-0.02783203125,-0.0146484375,-0.9776763916015625,0.012131201992622478,-0.02072693479620764,-0.9969420864817027
1789900299.3185558,-0.019775390625,-0.0398712158203125,-1.0086822509765625,0.005749883469097984,-0.024555791001028615,-0.9992901193806747
1789900299.4179912,-0.021636962890625,-0.0408172607421875,-0.9901580810546875,0.0002725141971533871,-0.027808084949260393,-0.9974637117154772
1789900299.51756,-0.023223876953125,-0.0168609619140625,-0.993438720703125,-0.004426764032902291,-0.025618660342220816,-0.9966587135130067
1789900299.617301,-0.00146484375,0.010345458984375,-1.013397216796875,-0.003834379976321833,-0.018425836476901655,-1.0000064141697804
1789900299.716532,-0.0182952880859375,0.0195159912109375,-0.9985504150390625,-0.006726561598244966,-0.010837470939333824,-0.999715214343637
1789900299.815922,0.0034332275390625,-0.0312042236328125,-1.0018768310546875,-0.004694603770783474,-0.01491082147802956,-1.000147537685847
1789900299.9155421,-0.02325439453125,-0.040679931640625,-0.9962310791015625,-0.008406561922876778,-0.02006464351054865,-0.9993642459689902
1789900300.015413,-0.038665771484375,-0.01611328125,-0.9546661376953125,-0.014458403835176423,-0.01927437105843892,-0.9904246243142547
1789900300.1146069,-0.0027618408203125,0.018096923828125,-0.9980621337890625,-0.01211909123220364,-0.011800112081126135,-0.9919521262092164
1789900300.214118,-0.04022216796875,-0.00848388671875,-1.0032501220703125,-0.017739706579512914,-0.01113686700865091,-0.9942117253814357
1789900300.313793,-0.046600341796875,-0.031463623046875,-0.9652252197265625,-0.023511833622985333,-0.015202218216295728,-0.9884144242504611
1789900300.4132571,-0.0081634521484375,0.0110931396484375,-1.03485107421875,-0.020442157328075767,-0.009943146643349084,-0.9977017542441189
1789900300.5127912,-0.0214996337890625,-0.009368896484375,-1.00439453125,-0.020653652620273112,-0.00982829661155427,-0.9990403096452952
1789900300.612307,-0.0183258056640625,-0.05145263671875,-1.011077880859375,-0.02018808322903099,-0.018153164632993418,-1.0014478238881113
1789900300.711581,-0.0113525390625,-0.0374603271484375,-0.982696533203125,-0.018420974395724793,-0.022014597136082233,-0.9976975657511141
1789900300.811224,-0.00738525390625,-0.0040740966796875,-0.986572265625,-0.016213830297829836,-0.01842649704480329,-0.9954725057258913
1789900300.9107862,-0.030364990234375,-0.008209228515625,-0.9768218994140625,-0.01904406228513887,-0.01638304333896763,-0.9917423844635256
1789900301.010192,-0.02587890625,0.00262451171875,-1.013031005859375,-0.020411031078111097,-0.012581532327424106,-0.9960001087426955
1789900301.1096811,-0.003143310546875,-0.013153076171875,-1.0011138916015625,-0.01695748697186388,-0.012695841096314286,-0.997022865314469
1789900301.209519,-0.0187225341796875,-0.04754638671875,-1.0203857421875,-0.017310496413428605,-0.01966595022080143,-1.0016954406890752
1789900301.3086948,-0.031951904296875,0.0196075439453125,-0.980010986328125,-0.020238777990117886,-0.011811251387578645,-0.9973585498168853
1789900301.408195,-0.0190277099609375,-0.0823516845703125,-0.982177734375,-0.019996564384281813,-0.025919338024125417,-0.9943223867285083
1789900301.50764,-0.0176239013671875,-0.0710601806640625,-1.0292510986328125,-0.01952203178086295,-0.03494750655211284,-1.0013081291093693
1789900301.6071482,-0.0089263916015625,0.0075531005859375,-1.0041046142578125,-0.017402903745002862,-0.026447385124502773,-1.001867426139058
1789900301.706676,0.0029449462890625,0.011383056640625,-1.02813720703125,-0.01333333373818979,-0.018881296771477218,-1.0071213823174965
1789900301.806466,-0.0019378662109375,0.01483154296875,-1.0033416748046875,-0.011054240232739333,-0.012138728823431776,-1.0063654408149347
1789900301.905963,0.0001678466796875,-0.0702056884765625,-0.98370361328125,-0.008809822850253966,-0.023752120754057922,-1.0018330753081979
1789900302.005189,-0.0005950927734375,-0.0206451416015625,-0.9974822998046875,-0.007166876834890674,-0.02313072492355884,-1.0009629202074959
1789900302.104718,0.0191497802734375,-0.0194854736328125,-0.99700927734375,-0.0019035454132250397,-0.022401674665409575,-1.0001721916347468
1789900302.204201,-0.00152587890625,-0.007537841796875,-0.9984893798828125,-0.0018280121118300317,-0.01942890809170266,-0.99983562928436
1789900302.303901,-0.0337066650390625,-0.012664794921875,-0.9635009765625,-0.008203742697276525,-0.01807608545773713,-0.9925686987399881
1789900302.403263,-0.015411376953125,0.02484130859375,-0.9894866943359375,-0.00964526954844622,-0.009492606647439705,-0.991952297859178
1789900302.5029101,-0.03399658203125,0.0078887939453125,-1.0049591064453125,-0.014515532045006977,-0.006016326528889265,-0.9945536595764051
1789900302.602421,-0.0577392578125,-0.00823974609375,-0.9859619140625,-0.023160277198505583,-0.006461010441861412,-0.992835310473624
1789900302.701869,-0.0458984375,-0.0013275146484375,-1.0119781494140625,-0.027707909258804467,-0.0054343112831766295,-0.9966638782617119
1789900302.801292,-0.0476531982421875,0.0056915283203125,-1.0066680908203125,-0.03169696705548108,-0.0032091433624788033,-0.998664720773432
1789900302.901089,-0.0223388671875,-0.019195556640625,-1.0259857177734375,-0.029825347081884862,-0.006406426018108043,-1.0041289201734331
1789900303.000315,-0.0220794677734375,-0.00701904296875,-1.0041351318359375,-0.028276171220195392,-0.006528949408236434,-1.004130162505934
1789900303.0997639,-0.0305328369140625,-0.0045928955078125,-0.98004150390625,-0.028727504358968817,-0.006141738628151648,-0.9993124307859972
1789900303.199321,-0.037261962890625,-0.000335693359375,-0.978912353515625,-0.030434396065300056,-0.004980529574396318,-0.9952324153319229
1789900303.2986898,-0.0153045654296875,0.013275146484375,-1.0096282958984375,-0.027408429938177548,-0.0013293943626420546,-0.9981115914452259
1789900303.398292,-0.0204620361328125,0.02032470703125,-1.0174407958984375,-0.02601915117710454,0.0030014259161363567,-1.0019774323358683
1789900303.4979072,-0.004974365234375,0.0212860107421875,-1.013641357421875,-0.021810193988558633,0.006658342881346585,-1.0043102173530696
1789900303.597269,-0.0233001708984375,-0.019439697265625,-1.000213623046875,-0.02210818937053441,0.0014387348519522688,-1.0034908984918307
1789900303.6969218,-0.0260467529296875,-0.0245208740234375,-0.9855194091796875,-0.02289590208236503,-0.0037531869231256856,-0.9998966006294021
1789900303.796325,-0.0226898193359375,-0.0189208984375,-0.993133544921875,-0.022854685533079528,-0.006786729226000548,-0.9985439894878967
1789900303.895952,-0.0023193359375,0.0001373291015625,-1.0253143310546875,-0.018747615613963625,-0.005401917560487939,-1.0038980578012549
1789900303.995745,-0.001312255859375,-0.00494384765625,-1.0177459716796875,-0.0152605436630459,-0.005310303579640352,-1.0066676405769415
1789900304.0953388,0.000732421875,0.00592041015625,-0.9963226318359375,-0.012061950555436721,-0.003064160832462281,-1.0045986388287407
1789900304.194936,-0.0038909912109375,-0.003204345703125,-0.98779296875,-0.010427758686536878,-0.0030921978065948253,-1.0012375048129927
1789900304.294015,-0.001861572265625,-0.0208892822265625,-0.991302490234375,-0.008714521402354503,-0.006651614690588361,-0.9992505018972693
1789900304.393414,0.01422119140625,-0.0289459228515625,-1.0102081298828125,-0.004127378840633604,-0.01111047632278319,-1.0014420274943778
1789900304.492919,0.0249481201171875,-0.0040130615234375,-1.0052032470703125,0.001687720950930617,-0.009690993362914053,-1.0021942714095649
1789900304.5925899,0.0200653076171875,-0.0094146728515625,-0.996337890625,0.005363238284181993,-0.009635729260643744,-1.001022995252652
1789900304.6919498,0.0157470703125,-0.006866455078125,-0.9891357421875,0.007440004689845596,-0.009081874424139994,-0.9986455446396216
1789900304.79144,0.018402099609375,-0.0174407958984375,-1.0059967041015625,0.009632423673751478,-0.010753658718999496,-1.00011577653201
1789900304.891187,0.013641357421875,-0.0125274658203125,-1.00079345703125,0.010434210423376182,-0.011108420139262097,-1.000251312631858
1789900304.990477,0.019927978515625,-0.01263427734375,-0.9925994873046875,0.012332964041825947,-0.011413591580159678,-0.9987209475664238
1789900305.090044,0.0233001708984375,-0.0172882080078125,-1.0043487548828125,0.014526405413148258,-0.012588514865690244,-0.9998465090297015
1789900305.189632,0.0285186767578125,-0.016021728515625,-1.004119873046875,0.01732485968208111,-0.013275157595677196,-1.0007011818331362
1789900305.288961,0.0312652587890625,-0.0167694091796875,-0.996185302734375,0.020112939503477388,-0.013974007912479259,-0.999798006013384
1789900305.388458,-0.0313720703125,-0.0164947509765625,-0.98492431640625,0.00981593754028191,-0.014478156525295908,-0.9968232680919572
1789900305.4880319,-0.086761474609375,-0.0009765625,-0.9939727783203125,-0.009499544889649473,-0.011777837720236727,-0.9962531701376283
1789900305.587621,-0.042694091796875,-0.0020751953125,-1.021514892578125,-0.01613845427109458,-0.009837309238689383,-1.0013055146257277
1789900305.687028,-0.03436279296875,-0.009735107421875,-1.01007080078125,-0.019783322010625666,-0.009816868875326507,-1.0030585718568321
1789900305.786634,-0.057159423828125,-0.0008087158203125,-0.984771728515625,-0.027258542374125533,-0.008015238264323706,-0.9994012031885907
1789900305.886252,-0.042022705078125,-0.0028076171875,-1.0021514892578125,-0.030211374914925426,-0.006973714048958965,-0.9999512604024351
1789900305.985626,-0.037689208984375,-0.00518798828125,-1.0001373291015625,-0.031706941728815344,-0.0066165688954171725,-0.9999884741422607
1789900306.085027,-0.0479888916015625,-0.0016021728515625,-0.99517822265625,-0.034963331703364776,-0.005613689686646238,-0.9990264238450586
1789900306.184496,-0.0456085205078125,-0.0045013427734375,-1.00115966796875,-0.03709236946425432,-0.00539122030400449,-0.9994530726697969
1789900306.284126,-0.0391845703125,-0.0020751953125,-0.9985504150390625,-0.03751080963390346,-0.004728015305703592,-0.99927254114365
1789900306.3835359,-0.0423583984375,-0.000701904296875,-0.99456787109375,-0.03848032739462277,-0.003922793103937874,-0.9983316071336701
1789900306.4832978,-0.0454559326171875,-0.004058837890625,-0.99835205078125,-0.039875448439135715,-0.003950002061275299,-0.998335695863186
1789900306.582602,-0.0447998046875,-0.00421142578125,-1.0004425048828125,-0.04086031968880857,-0.004002286805270239,-0.9987570576671114
1789900306.682448,-0.0423126220703125,-0.003631591796875,-0.998626708984375,-0.041150780165109355,-0.003928147803591192,-0.9987309879305641
1789900306.781637,-0.044097900390625,-0.0029754638671875,-0.9952545166015625,-0.04174020421021248,-0.0037376110163104535,-0.9980356936647639
1789900306.8814,-0.043243408203125,-0.0031585693359375,-0.9978790283203125,-0.04204084500879499,-0.0036218026802358632,-0.9980043605958736
1789900306.980678,-0.04150390625,-0.0041961669921875,-0.9977569580078125,-0.041933457257036,-0.0037366755426261906,-0.9979548800782615
1789900307.080332,-0.0382843017578125,-0.0055389404296875,-0.9976654052734375,-0.0412036261571913,-0.004097128520038453,-0.9978969851172967
1789900307.179754,-0.045654296875,-0.003204345703125,-0.997100830078125,-0.04209376030075304,-0.0039185719566557625,-0.9977377541094625
1789900307.279213,-0.0443267822265625,-0.0045013427734375,-1.0000457763671875,-0.04254036468591493,-0.00403512612001211,-0.9981993585610076
1789900307.378747,-0.0412139892578125,-0.001708984375,-0.9976959228515625,-0.042275089600294455,-0.0035698977710096878,-0.9980986714191187
1789900307.4782739,-0.044342041015625,-0.001922607421875,-0.9976654052734375,-0.04268847988336057,-0.0032404397011827502,-0.9980120181899824
1789900307.577769,-0.0443267822265625,-0.0036773681640625,-1.0002899169921875,-0.04301614035200096,-0.0033278253937587005,-0.9984675979504235
1789900307.677147,-0.041778564453125,-0.0062255859375,-0.9962615966796875,-0.042768625172225766,-0.003907377502506961,-0.9980263976962764
1789900307.777244,-0.0417938232421875,-0.0037841796875,-0.998382568359375,-0.042573664786218116,-0.0038827379395055686,-0.9980976318288962
1789900307.876696,-0.041290283203125,-0.0018768310546875,-0.9979095458984375,-0.0423169884695995,-0.003481556562541955,-0.9980600146428046
1789900307.975703,-0.0428466796875,-0.0020294189453125,-0.9983673095703125,-0.0424229267131796,-0.003191129039096064,-0.9981214736283063
1789900308.075333,-0.0418701171875,-0.0033721923828125,-0.9991455078125,-0.042312364808043686,-0.0032273417078393513,-0.998326280465145
1789900308.175109,-0.041656494140625,-0.00152587890625,-0.9979400634765625,-0.04218119067455995,-0.002887049147521481,-0.9982490370674286
1789900308.274286,-0.0430450439453125,-0.000946044921875,-0.9984130859375,-0.04235396132871046,-0.002498848302392185,-0.9982818468414429
1789900308.373705,-0.0425872802734375,-0.004058837890625,-0.997802734375,-0.04240062511765587,-0.002810846220038748,-0.9981860243481544
1789900308.4733,-0.043548583984375,-0.004974365234375,-0.997314453125,-0.042630216890999696,-0.0032435500229059987,-0.9980117101035235
1789900308.57267,-0.0402984619140625,-0.0034027099609375,-0.9977569580078125,-0.04216386589561226,-0.0032753820105122992,-0.9979607596843814
1789900308.673042,-0.04229736328125,-0.0034332275390625,-0.998565673828125,-0.04219056537273981,-0.0033069511162223397,-0.9980817425131302
1789900308.7721782,-0.0430450439453125,-0.0045166015625,-0.9986572265625,-0.042361461087254346,-0.003548881205477872,-0.9981968393230042
1789900308.8724232,-0.0420379638671875,-0.002532958984375,-0.99676513671875,-0.04229676164324098,-0.003345696761257298,-0.9979104988021534
1789900308.9708362,-0.040374755859375,-0.001251220703125,-0.9997100830078125,-0.04191236048646778,-0.002926801549630839,-0.9982704156432853
1789900309.0702991,-0.0424652099609375,-0.0037689208984375,-0.9955902099609375,-0.04202293038136172,-0.0030952254193921712,-0.9977343745068158
1789900309.169775,-0.04327392578125,-0.0021820068359375,-0.9993438720703125,-0.042273129461339376,-0.002912581702701237,-0.9980562740195151
1789900309.2693892,-0.0421905517578125,-0.002044677734375,-0.998687744140625,-0.042256613920634005,-0.00273900090903599,-0.9981825680437372
1789900309.368788,-0.0419769287109375,-0.0047607421875,-0.99908447265625,-0.04220067687869471,-0.003143349164728792,-0.9983629489662398
1789900309.4684238,-0.046539306640625,-0.00958251953125,-1.001251220703125,-0.043068402831080765,-0.004431183238033034,-0.9989406033136169
1789900309.567827,-0.0382232666015625,0.0107421875,-0.99505615234375,-0.042099375585177116,-0.0013965090904264274,-0.9981637131196436
1789900309.667319,-0.0427093505859375,0.0020294189453125,-0.9982757568359375,-0.042221370585329196,-0.0007113234832786419,-0.9981861218629023
1789900309.7668262,-0.043853759765625,-0.005706787109375,-0.998046875,-0.04254784842138836,-0.0017104162084979136,-0.9981582724903219
1789900309.866775,-0.0414276123046875,-0.0037078857421875,-0.9988250732421875,-0.04232380119804819,-0.002109910115235831,-0.9982916326406951
1789900309.966023,-0.04296875,-0.0016326904296875,-0.997283935546875,-0.042452790958438555,-0.0020144661781261648,-0.9980900932219311
1789900310.0653071,-0.0430145263671875,-0.0025634765625,-0.998504638671875,-0.04256513804018835,-0.0021242682550009317,-0.9981730023119199
1789900310.165103,-0.0413970947265625,-0.004913330078125,-0.997650146484375,-0.04233152937746318,-0.0026820806196257456,-0.998068431146411
1789900310.264643,-0.04193115234375,-0.0030364990234375,-0.996551513671875,-0.04225145397072054,-0.002752964300388097,-0.9977650476515039
1789900310.3639789,-0.0451507568359375,-0.0032806396484375,-1.0028228759765625,-0.04283131454376394,-0.0028584993699979776,-0.9987766133165157
1789900310.463522,-0.041595458984375,-0.0117950439453125,-0.9949951171875,-0.04258414343188616,-0.004645808285060882,-0.9980203140907126
1789900310.562969,-0.0398101806640625,-0.0005645751953125,-1.0001373291015625,-0.04202935087832143,-0.003829561667111206,-0.9984437170928826
1789900310.6624908,-0.0580902099609375,-0.0081634521484375,-0.9956817626953125,-0.045241522694844646,-0.004696339763376465,-0.9978913262133686
1789900310.762109,-0.083709716796875,0.0052032470703125,-0.9987945556640625,-0.052935161515250725,-0.002716422396638672,-0.9980719721035075
1789900310.861742,-0.081787109375,0.006927490234375,-0.9958038330078125,-0.05870555108720058,-0.0007876398704359374,-0.9976183442843685
1789900310.960984,-0.0774383544921875,0.0040740966796875,-0.995147705078125,-0.06245211176819797,0.00018470743958875005,-0.9971242164431198
1789900311.060494,-0.0877685546875,0.00128173828125,-0.9954833984375,-0.06751540035205839,0.00040411360792100005,-0.9967960528419959
1789900311.1602778,-0.0858917236328125,0.0067901611328125,-1.0008697509765625,-0.07119066500820921,0.0016813231128993001,-0.9976107924689093
1789900311.259581,-0.076385498046875,0.0065765380859375,-0.99945068359375,-0.07222963161594237,0.00266036610750694,-0.9979787706938774
1789900311.359154,-0.0665130615234375,-0.0006561279296875,-0.9962921142578125,-0.0710863175974414,0.001997067300068052,-0.9976414394066645
1789900311.458776,-0.0680389404296875,-0.0024261474609375,-0.9995574951171875,-0.07047684216389062,0.0011124243478669417,-0.9980246505487692
1789900311.558192,-0.057708740234375,-0.00177001953125,-0.9992523193359375,-0.0679232217779875,0.0005359355720435533,-0.998270184306203
1789900311.65764,-0.051361083984375,-0.001739501953125,-1.0097503662109375,-0.06461079421926501,8.084806700984267e-05,-1.00056622068715
1789900311.7570438,-0.041656494140625,-0.0031890869140625,-1.001190185546875,-0.06001993420353701,-0.000573138929204626,-1.000691013659095
1789900311.857311,-0.04119873046875,-0.0184478759765625,-0.9921875,-0.05625569345657961,-0.004148086338676201,-0.9989903109272761
1789900311.957025,-0.02978515625,-0.0060577392578125,-1.0007781982421875,-0.05096158601526369,-0.004530016922503461,-0.9993478883902585
1789900312.0559778,-0.035736083984375,-0.009368896484375,-0.9991912841796875,-0.04791648560908596,-0.005497792834877769,-0.9993165675481442
1789900312.155483,-0.04022216796875,-0.002166748046875,-0.986907958984375,-0.04637762208101877,-0.004831583877277215,-0.9968348458353904
1789900312.254997,-0.0423583984375,0.0074615478515625,-0.9964141845703125,-0.04557377735231502,-0.0023729575315092717,-0.9967507135823748
1789900312.354136,-0.0580902099609375,-0.0068817138671875,-0.9971771240234375,-0.04807706387403952,-0.0032747087986449174,-0.9968359956705874
1789900312.453608,-0.0686798095703125,-0.0069580078125,-0.9897308349609375,-0.05219761301329412,-0.004011368601415934,-0.9954149635286574
1789900312.55316,-0.0625457763671875,0.000518798828125,-0.9986724853515625,-0.054267245684072804,-0.0031053351155077473,-0.9960664678932385
1789900312.652862,-0.054840087890625,0.0048828125,-1.0052490234375,-0.054381814125383246,-0.0015077055924061981,-0.9979029790020908
1789900312.752191,-0.0475921630859375,0.0074310302734375,-0.99639892578125,-0.0530238839174941,0.00028004158076254154,-0.9976021683579227
1789900312.8516998,-0.05133056640625,-0.0156097412109375,-0.998687744140625,-0.05268522041524529,-0.002897914977577467,-0.9978192835144633
1789900312.951179,-0.0604705810546875,-0.0063018798828125,-0.9980010986328125,-0.05424229254313373,-0.0035787079586244736,-0.9978556465381332
1789900313.0508652,-0.0599517822265625,0.0015869140625,-0.985137939453125,-0.05538419047981949,-0.002545583554399579,-0.9953121051211317
1789900313.150403,-0.0708770751953125,0.0023651123046875,-0.99444580078125,-0.058482767422918094,-0.0015634443825821632,-0.9951388442531554
1789900313.24979,-0.0718994140625,0.006866455078125,-0.9925994873046875,-0.06116609675083448,0.00012253550955926935,-0.9946309728634619
1789900313.349214,-0.0697784423828125,0.0087890625,-0.996429443359375,-0.06288856587723009,0.0018558409076474154,-0.9949906669626446
1789900313.448793,-0.059326171875,0.0025177001953125,-1.000640869140625,-0.06217608707678407,0.0019882127651804325,-0.9961207073982407
1789900313.548142,-0.0440673828125,-0.0055694580078125,-1.004852294921875,-0.05855434622392726,0.00047667861058184606,-0.9978670249029676
1789900313.6478639,-0.00823974609375,-0.0067138671875,-1.0013427734375,-0.04849142619789181,-0.0009614305490345231,-0.9985621746098742
1789900313.74751,-0.001220703125,-0.00677490234375,-0.9946746826171875,-0.03903728158331345,-0.0021241249079776187,-0.9977846762113369
1789900313.846848,-0.0009613037109375,-0.0026397705078125,-0.997314453125,-0.031422086008838265,-0.002227254027944595,-0.9976906315940696
1789900313.94631,0.0040130615234375,0.0113983154296875,-0.9986572265625,-0.024335056502383115,0.0004978598635818239,-0.9978839505877557
1789900314.045957,0.0080108642578125,-0.0126800537109375,-0.998046875,-0.017865872350343995,-0.002137722851322041,-0.9979165354702045
1789900314.1454659,0.00347900390625,-0.0107879638671875,-0.9981536865234375,-0.013596897099025196,-0.003867771054495133,-0.9979639656808512
1789900314.2447581,0.0046844482421875,-0.0169525146484375,-1.0003509521484375,-0.009940628030782658,-0.006484719773283607,-0.9984413629743686
1789900314.344341,0.006866455078125,-0.014984130859375,-0.9935760498046875,-0.006579211409001126,-0.008184601990501887,-0.9974683003404324
1789900314.443841,0.011077880859375,-0.00787353515625,-0.9979705810546875,-0.003047792955325901,-0.00812238862365151,-0.9975687564832835
1789900314.5433412,0.015625,-0.0134735107421875,-0.9951934814453125,0.0006867656357392791,-0.00919261304735871,-0.9970937014756893
1789900314.64297,0.004852294921875,-0.0228271484375,-0.9986724853515625,0.0015198714929664232,-0.011919520125386968,-0.997409458250864
1789900314.742403,0.0045623779296875,-0.0157318115234375,-0.992095947265625,0.002128372780310639,-0.012681978404997076,-0.9963467560538163
1789900314.842061,0.0009765625,-0.0099639892578125,-0.9979400634765625,0.001898010724248511,-0.012138380575560161,-0.9966654175383656
1789900314.9414349,-0.01788330078125,-0.00396728515625,-0.997955322265625,-0.002058251576851191,-0.01050416149169813,-0.9969233984838175
1789900315.040818,-0.0260162353515625,-0.00152587890625,-1.0031890869140625,-0.0068498483317934525,-0.008708504974608504,-0.9981765361698666
1789900315.1405349,-0.037567138671875,-0.003021240234375,-1.0017852783203125,-0.012993306399809763,-0.007571052026561804,-0.9988982845999558
1789900315.23981,-0.0387115478515625,-0.001678466796875,-1.003936767578125,-0.01813695469016031,-0.006392534980624444,-0.9999059811955897
1789900315.339273,-0.032745361328125,0.0053558349609375,-1.0003662109375,-0.02105863601775325,-0.004042860992312055,-0.9999980271439718
1789900315.439539,-0.0401153564453125,0.00152587890625,-0.999969482421875,-0.024869980103265098,-0.002929113012599644,-0.9999923181995525
1789900315.538601,-0.015899658203125,-0.0069122314453125,-1.0078277587890625,-0.02307591572323708,-0.003725736699142216,-1.0015594063174544
1789900315.6379151,-0.0042724609375,-0.0083770751953125,-0.9981231689453125,-0.019315224766089666,-0.004656004398376273,-1.000872158843026
1789900315.7373118,-0.00311279296875,-0.0070343017578125,-1.003692626953125,-0.016074738406621734,-0.005131663870263518,-1.001436252465046
1789900315.836808,-0.0078887939453125,-0.0045318603515625,-0.9986419677734375,-0.014437549514359887,-0.005011703166523315,-1.0008773955267243
1789900315.9362888,-0.0042572021484375,-0.006805419921875,-0.9967041015625,-0.01240148004117541,-0.005370446517593652,-1.0000427367338793
1789900316.035794,-0.0079803466796875,-0.008880615234375,-0.994598388671875,-0.01151725336887783,-0.006072480260949921,-0.9989538671214785
1789900316.135583,-0.0032806396484375,-0.0106964111328125,-0.9923553466796875,-0.009869930624789764,-0.006997266435322438,-0.9976341630331204
1789900316.235101,-0.005859375,-0.0126800537109375,-0.99835205078125,-0.009067819499831813,-0.008133823890445452,-0.9977777405827463
1789900316.3351421,-0.0036468505859375,-0.0177001953125,-0.998260498046875,-0.00798362571705295,-0.010047098174856363,-0.9978742920755721
1789900316.434123,-0.008056640625,-0.0121002197265625,-1.0006561279296875,-0.00799822869864236,-0.010457722485197591,-0.9984306592463953
1789900316.5333529,-0.00341796875,-0.0106201171875,-0.994415283203125,-0.007082176708913889,-0.010490201425658074,-0.9976275840377413
1789900316.63312,-0.0073089599609375,0.0002593994140625,-1.0000457763671875,-0.007127533359318612,-0.00834028125771396,-0.9981112225036306
1789900316.73244,-0.005218505859375,-0.0114593505859375,-0.9981231689453125,-0.00674572785932989,-0.008964095123358669,-0.998113611791967
1789900316.831955,-0.0213775634765625,-0.0330810546875,-0.9940948486328125,-0.009672094982776411,-0.013787487036186936,-0.9973098591601361
1789900316.931384,-0.0531768798828125,-0.027252197265625,-0.989044189453125,-0.01837305196278363,-0.01648042908207455,-0.9956567252187339
1789900317.0309691,-0.0323944091796875,-0.0027313232421875,-1.0018157958984375,-0.021177323406164406,-0.01373060791409714,-0.9968885393546747
1789900317.130681,-0.0205078125,-0.004913330078125,-1.0008697509765625,-0.021043421224931524,-0.011967152346902713,-0.9976847816790523
1789900317.230223,-0.03009033203125,-0.00787353515625,-0.9870452880859375,-0.022852803386195223,-0.011148428908772172,-0.9955568829604294
1789900317.32953,-0.0297698974609375,-0.0181121826171875,-1.002685546875,-0.02423622220114368,-0.012541179650455238,-0.9969826157433436
1789900317.429051,-0.0281219482421875,-0.0088043212890625,-0.9945831298828125,-0.025013367409352442,-0.01179380797817669,-0.9965027185712374
1789900317.528517,-0.034637451171875,-0.022216796875,-0.9918060302734375,-0.026938184161856955,-0.013878405757541352,-0.9955633809116775
1789900317.6281018,-0.03253173828125,-0.0133514404296875,-0.994720458984375,-0.02805689498573557,-0.013773012691970583,-0.9953947965262171
1789900317.727917,-0.02642822265625,-0.0040740966796875,-0.9959716796875,-0.027731160519838458,-0.011833229489513966,-0.9955101731584738
1789900317.827293,-0.025604248046875,-0.0074005126953125,-0.99591064453125,-0.027305778025245767,-0.010946686130673674,-0.995590267433029
1789900317.926673,-0.036376953125,-0.0025482177734375,-0.9969635009765625,-0.029120013045196614,-0.00926699245922644,-0.9958649141417358
1789900318.0263171,-0.0315093994140625,-0.00042724609375,-0.992584228515625,-0.029597890318969793,-0.0074990431861311525,-0.9952087770165137
1789900318.125674,-0.0232391357421875,-0.0068359375,-1.00030517578125,-0.028326139403613337,-0.007366422048904923,-0.996228056769461
1789900318.225237,-0.0251007080078125,0.0045013427734375,-1.0048370361328125,-0.02768105312445317,-0.004992869084436438,-0.9979498526421313
1789900318.324625,-0.0177001953125,-0.004119873046875,-0.99505615234375,-0.02568488156206254,-0.0048182698769241505,-0.9973711125824551
1789900318.424165,-0.023406982421875,-0.0071563720703125,-1.001617431640625,-0.02522930173402503,-0.00528589031560182,-0.9982203763940892
1789900318.524358,-0.035858154296875,-0.0032501220703125,-1.0027618408203125,-0.027355072246595027,-0.004878736666543957,-0.999128669279334
1789900318.623282,-0.042388916015625,-0.0346832275390625,-0.9980010986328125,-0.03036184100040102,-0.010839634841047666,-0.9989031551500297
1789900318.7236428,-0.0365447998046875,-0.00506591796875,-0.9937896728515625,-0.031598432761258316,-0.009684891466588134,-0.9978804586903364
1789900318.82233,-0.0306549072265625,-0.005767822265625,-0.9948272705078125,-0.03140972765431915,-0.008901477626395508,-0.9972698210538317
1789900318.9217,-0.0298919677734375,-0.0045166015625,-0.9958038330078125,-0.031106175678142823,-0.008024502413616408,-0.9969766234446278
1789900319.0212379,-0.0283203125,-0.0007476806640625,-0.9989471435546875,-0.03054900304251426,-0.006569138063705627,-0.9973707274666398
1789900319.1208591,-0.024810791015625,-0.003082275390625,-0.9996337890625,-0.02940136063713641,-0.005871765529089502,-0.997823339785812
1789900319.220068,-0.0346832275390625,-0.00732421875,-0.995513916015625,-0.03045773401752163,-0.006162256173271602,-0.9973614550317746
1789900319.320051,-0.035675048828125,0.00921630859375,-1.0008392333984375,-0.03150119697964231,-0.003086543219867282,-0.9980570107051072
1789900319.419586,-0.028961181640625,-0.00140380859375,-1.00054931640625,-0.03099319391183885,-0.002749996294643826,-0.9985554718453359
1789900319.519068,-0.016632080078125,-0.00701904296875,-0.9986114501953125,-0.028120971145096083,-0.003603805629465061,-0.9985666675153313
1789900319.61832,-0.018707275390625,-0.0095367431640625,-1.0048065185546875,-0.026238231994201867,-0.004790393136384549,-0.9998146377232027
1789900319.718711,-0.0276947021484375,-0.006866455078125,-1.0011749267578125,-0.026529526025048995,-0.00520560552473264,-1.0000866955301246
1789900319.817255,-0.036956787109375,-0.00152587890625,-0.9962921142578125,-0.0286149782419142,-0.004469660201036112,-0.9993277792756622
1789900319.916837,-0.0207366943359375,-0.0088043212890625,-0.9987945556640625,-0.02703932146071886,-0.00533659241864139,-0.9992211345533423
1789900320.0165439,-0.02105712890625,-0.0137939453125,-1.00665283203125,-0.02584288294982509,-0.007028062997413112,-1.000707474048924
1789900320.115963,-0.03082275390625,-0.0044097900390625,-0.998260498046875,-0.026838857141110076,-0.00650440840574299,-1.0002180788485142
1789900320.215361,-0.040252685546875,0.0010223388671875,-0.9909210205078125,-0.02952162282226306,-0.004999058951156893,-0.9983586671803739
1789900320.31561,-0.0356903076171875,0.0001678466796875,-0.9959869384765625,-0.030755359781247948,-0.0039656778249880145,-0.9978843214396117
1789900320.414932,-0.025299072265625,-0.0041351318359375,-0.997772216796875,-0.029664102278123362,-0.003999568627177911,-0.9978619005110644
1789900320.514254,-0.0184478759765625,-0.0071868896484375,-0.99786376953125,-0.02742085701781119,-0.00463703283142983,-0.9978622743151015
1789900320.613719,-0.0256500244140625,-0.0065460205078125,-1.0032501220703125,-0.027066690497061455,-0.005018830366706364,-0.9989398438661439
1789900320.712997,-0.029022216796875,-0.003814697265625,-0.999237060546875,-0.027457795757024166,-0.004778003746490091,-0.9989992872022901
1789900320.812527,-0.0267333984375,-0.00396728515625,-0.997955322265625,-0.027312916293119334,-0.004615860028442073,-0.9987904942149571
1789900320.912719,-0.021026611328125,-0.01031494140625,-1.004302978515625,-0.026055655300120467,-0.0057556763040036586,-0.9998929910750908
1789900321.011487,-0.0185089111328125,-0.0070037841796875,-1.000213623046875,-0.024546306466658875,-0.006005297879140427,-0.9999571174694477
1789900321.1113338,-0.0229034423828125,-0.01129150390625,-1.001953125,-0.024217733649889602,-0.007062539084562342,-1.0003563189755582
1789900321.2104979,-0.030548095703125,-0.0029296875,-0.9988250732421875,-0.025483806060536685,-0.006235968767649874,-1.0000500698288841
1789900321.31009,-0.0399322509765625,-0.001708984375,-0.9957427978515625,-0.02837349504374185,-0.005330571889119899,-0.9991886154334199
1789900321.409327,-0.0361175537109375,0.0006561279296875,-0.9968719482421875,-0.029922306777180982,-0.0041332319253584195,-0.9987252819951735
1789900321.509036,-0.0256195068359375,-0.00189208984375,-0.99591064453125,-0.029061746788932287,-0.003685003509036736,-0.9981623545023889
1789900321.608566,-0.02734375,-0.0028228759765625,-1.0001068115234375,-0.028718147431145834,-0.003512578002541889,-0.9985512459065986
1789900321.708037,-0.028411865234375,-0.00506591796875,-0.9990386962890625,-0.02865689099179167,-0.0038232459957835115,-0.9986487359830915
1789900321.8074899,-0.0263214111328125,-0.0046234130859375,-0.9987030029296875,-0.02818979501999584,-0.003983279413814309,-0.9986595893724106
1789900321.907104,-0.034698486328125,-0.00225830078125,-0.9998779296875,-0.02949153328162167,-0.0036382836873014475,-0.9989032574354285
1789900322.0070019,-0.02972412109375,0.0084991455078125,-0.9924774169921875,-0.029538050844047335,-0.0012107978482786583,-0.9976180893467803
1789900322.106941,-0.0213623046875,-0.006805419921875,-0.9977874755859375,-0.027902901612737868,-0.0023297222629979266,-0.9976519665946117
1789900322.2055469,-0.0169830322265625,-0.0023040771484375,-1.0078887939453125,-0.025718927735502793,-0.0023245932400858416,-0.9996993320647519
1789900322.30516,-0.0222930908203125,-0.0050048828125,-1.0001220703125,-0.025033760352464737,-0.0028606511545686735,-0.9997838797143016
1789900322.4045482,-0.03448486328125,-0.00482177734375,-0.99578857421875,-0.026923980938221792,-0.0032528763924049393,-0.9989848186151913
1789900322.5040112,-0.039642333984375,-0.0012969970703125,-0.9959716796875,-0.029467651547452435,-0.0028617005279864514,-0.9983821908296531
1789900322.603662,-0.020050048828125,-0.0126495361328125,-0.9991455078125,-0.027584131003586948,-0.004819267648951662,-0.9985348542262225
1789900322.702983,-0.0172119140625,-0.0055999755859375,-1.0042572021484375,-0.025509687615369557,-0.0049754092363488295,-0.9996793238106655
1789900322.802737,-0.0245819091796875,-0.0143585205078125,-1.0009613037109375,-0.025324131928233146,-0.006852031490641564,-0.9999357197907199
1789900322.90196,-0.0355072021484375,-0.0057220458984375,-0.9970550537109375,-0.02736074597227402,-0.006626034372200751,-0.9993595865747634
1789900323.001467,-0.037261962890625,0.0027008056640625,-0.994171142578125,-0.02934098935594422,-0.0047606663649481015,-0.9983218977754358
1789900323.1011682,-0.03326416015625,-0.0011749267578125,-0.9968414306640625,-0.030125623516005378,-0.0040435184435209815,-0.9980258043531612
1789900323.200465,-0.0223388671875,-0.0051727294921875,-0.999725341796875,-0.028568272250304304,-0.0042693606532542856,-0.998365711841904
1789900323.3002381,-0.0167236328125,-0.0099639892578125,-1.00042724609375,-0.026199344362743446,-0.005408286374165929,-0.9987780186922733
1789900323.399562,-0.02288818359375,-0.0079498291015625,-1.000762939453125,-0.025537112208944758,-0.0059165949196452435,-0.9991750028444437
1789900323.4991531,-0.0338592529296875,-0.0061798095703125,-0.997161865234375,-0.027201540353093308,-0.005969237849778695,-0.99877237532243
1789900323.598918,-0.0380859375,-0.002410888671875,-0.994903564453125,-0.029378419782474647,-0.005257568014197957,-0.9979986131485691
1789900323.698061,-0.0341644287109375,-0.00927734375,-0.9941253662109375,-0.030335621568167218,-0.006061523161358366,-0.9972239637610427
1789900323.797679,-0.02691650390625,-0.000946044921875,-0.995391845703125,-0.029651798035783775,-0.005038427513461693,-0.9968575401494593
1789900323.897191,-0.0228729248046875,-0.00830078125,-0.9968414306640625,-0.02829602338956452,-0.005690898260769355,-0.99685431825238
1789900323.9968219,-0.0298919677734375,-0.00811767578125,-0.99578857421875,-0.028615212266339115,-0.006176253764865485,-0.9966411694456541
1789900324.096105,-0.0303497314453125,-0.0107574462890625,-0.9972076416015625,-0.028962116102133794,-0.007092492269704888,-0.9967544638768358
1789900324.195747,-0.0259246826171875,-0.003173828125,-0.9941558837890625,-0.028354629405144535,-0.006308759440763911,-0.9962347478592811
1789900324.295469,-0.031951904296875,-0.00335693359375,-1.0024871826171875,-0.029074084383490628,-0.00571839427136113,-0.9974852348108625
1789900324.3955321,-0.0285186767578125,-0.00244140625,-1.002197265625,-0.028963002858355003,-0.005062996667088904,-0.9984276409736901
1789900324.494657,-0.028289794921875,-0.0037384033203125,-0.998687744140625,-0.028828361271059002,-0.004798077997733624,-0.9984796616070771
1789900324.593946,-0.0353240966796875,7.62939453125e-05,-0.9954681396484375,-0.0301275083527847,-0.003823203609124399,-0.9978773572153493
1789900324.693263,-0.0343780517578125,-0.006011962890625,-0.9927825927734375,-0.03097761703379026,-0.0042609554654245195,-0.9968584043269669
1789900324.792841,-0.027618408203125,-0.0034637451171875,-0.9953765869140625,-0.03030577526765721,-0.004101513395777115,-0.996562040844386
1789900324.892309,-0.0253143310546875,-0.007843017578125,-0.9953765869140625,-0.029307486425063266,-0.004849814232246692,-0.9963249500583213
1789900324.991956,-0.025421142578125,-0.0055084228515625,-0.997894287109375,-0.028530217655675615,-0.004981535956109854,-0.9966388174685321
1789900325.091335,-0.025238037109375,-0.00384521484375,-0.99896240234375,-0.02787178154641549,-0.004754271733637884,-0.9971035344435757
1789900325.190816,-0.0281982421875,0.0003814697265625,-1.001739501953125,-0.02793707367463239,-0.0037271234415978075,-0.9980307279454856
1789900325.290344,-0.024566650390625,-0.01812744140625,-0.9972991943359375,-0.027262989017830915,-0.006607187034528247,-0.9978844212235761
1789900325.3897948,-0.0254974365234375,0.0009613037109375,-0.998565673828125,-0.026909878518952234,-0.005093488885435098,-0.9980206717444859
1789900325.489223,-0.024169921875,-0.0064849853515625,-0.998779296875,-0.026361887190161786,-0.005371788178660578,-0.9981723967705889
1789900325.589159,-0.0286102294921875,-0.0010528564453125,-0.9996337890625,-0.02681155565056693,-0.004508001831990963,-0.9984646752289712
1789900325.688355,-0.0269622802734375,-0.001953125,-1.0019989013671875,-0.02684170057514105,-0.003997026465592771,-0.9991715204566145
1789900325.787891,-0.0263824462890625,-0.0007476806640625,-1.0020294189453125,-0.02674984971792534,-0.003347157305286717,-0.9997431001543542
1789900325.8875089,-0.0281829833984375,-0.0025177001953125,-1.00384521484375,-0.027036476454027774,-0.0031812658832918736,-1.0005635230922334
1789900325.9868212,-0.0291748046875,0.002960205078125,-1.0013580322265625,-0.027464142100722223,-0.001952971691008499,-1.0007224249190991
1789900326.086442,-0.02685546875,-0.0013885498046875,-0.9992828369140625,-0.02734240743057778,-0.0018400873137442994,-1.0004345073180918
1789900326.185962,-0.0270538330078125,-0.0074615478515625,-0.999176025390625,-0.027284692546024725,-0.0029643794213079395,-1.0001828109325985
1789900326.285394,-0.03076171875,-0.01019287109375,-0.997283935546875,-0.027980097786819782,-0.004410077755796352,-0.9996030358554538
1789900326.384841,-0.02886962890625,-0.0081329345703125,-0.9986572265625,-0.02815800401070583,-0.005154649118699582,-0.9994138739968631
1789900326.4844089,-0.02880859375,-0.0048370361328125,-0.99383544921875,-0.028288121958564665,-0.005091126521522165,-0.9982981890412406
1789900326.58389,-0.02685546875,-0.0080718994140625,-0.9942169189453125,-0.02800159131685173,-0.005687281100030233,-0.9974819350220551
1789900326.683526,-0.0238800048828125,-0.006011962890625,-0.9969024658203125,-0.027177274030043885,-0.0057522174581491866,-0.9973660411817066
1789900326.7828321,-0.0278472900390625,-0.003448486328125,-0.9968109130859375,-0.02731127723184761,-0.00529147123214435,-0.9972550155625528
1789900326.882667,-0.0302886962890625,-0.004150390625,-0.999664306640625,-0.02790676104329059,-0.005063255110715479,-0.9977368737781673